Mfg_Part_Num,Part_Desc,status,identity,brand,manufacturer,attributes,evidence_count
DCB518ASTS06G,"DCB518ASTS06G Diablo 1/2""x18"" - Sanding Belt 6pc",accepted,"{'mpn': 'DCB518ASTS06G', 'manufacturer': 'Freud Inc (2435)', 'manufacturer_candidate': 'Freud Inc', 'brand_candidate': None, 'identity_query': 'DCB518ASTS06G Freud Inc', 'brands': [], 'description': 'DCB518ASTS06G Diablo 1/2""x18"" - Sanding Belt 6pc'}","{'brand': 'Diablo', 'source': 'description', 'confidence': 0.85, 'candidates': ['Diablo']}","{'value': 'Freud Inc', 'score': 100.0, 'match': 'Freud Inc'}","{'raw': {'diameter': None, 'thickness': None, 'arbor': None, 'product_type': 'Sanding Belt', 'pack_quantity': 6}, 'normalized': {'diameter': None, 'thickness': None, 'arbor': None, 'product_type': 'Sanding Belt', 'pack_quantity': 6}, 'confidence': {'product_type': 0.7, 'pack_quantity': 0.7}, 'evidence': [{'attribute': 'product_type', 'raw_value': 'Sanding Belt', 'normalized_value': 'Sanding Belt', 'source': 'ai_extraction'}, {'attribute': 'pack_quantity', 'raw_value': 6, 'normalized_value': 6, 'source': 'ai_extraction'}], 'status': 'accepted'}",2
3MABR-7100075678,3M 775L Stikit Film P150 - Cubitron II 50 Disc/Box,accepted,"{'mpn': '3MABR-7100075678', 'manufacturer': 'Jam Industrial Supply LLC (JAMIN)', 'manufacturer_candidate': 'Jam Industrial Supply LLC', 'brand_candidate': None, 'identity_query': '3MABR-7100075678 Jam Industrial Supply LLC', 'brands': [], 'description': '3M 775L Stikit Film P150 - Cubitron II 50 Disc/Box'}","{'brand': '3M', 'source': 'description', 'confidence': 0.85, 'candidates': ['3M']}","{'value': 'Jam Industrial Supply LLC', 'score': 100.0, 'match': 'Jam Industrial Supply LLC'}","{'raw': {'diameter': None, 'thickness': None, 'arbor': None, 'product_type': None, 'pack_quantity': 50}, 'normalized': {'diameter': None, 'thickness': None, 'arbor': None, 'product_type': None, 'pack_quantity': 50}, 'confidence': {'pack_quantity': 0.7}, 'evidence': [{'attribute': 'pack_quantity', 'raw_value': 50, 'normalized_value': 50, 'source': 'ai_extraction'}], 'status': 'accepted'}",1
3MABR-7100045865,3M 775L Stikit Film P120 - Cubitron II 50 Disc/Box,accepted,"{'mpn': '3MABR-7100045865', 'manufacturer': 'Jam Industrial Supply LLC (JAMIN)', 'manufacturer_candidate': 'Jam Industrial Supply LLC', 'brand_candidate': None, 'identity_query': '3MABR-7100045865 Jam Industrial Supply LLC', 'brands': [], 'description': '3M 775L Stikit Film P120 - Cubitron II 50 Disc/Box'}","{'brand': '3M', 'source': 'description', 'confidence': 0.85, 'candidates': ['3M']}","{'value': 'Jam Industrial Supply LLC', 'score': 100.0, 'match': 'Jam Industrial Supply LLC'}","{'raw': {'diameter': None, 'thickness': None, 'arbor': None, 'product_type': None, 'pack_quantity': 50}, 'normalized': {'diameter': None, 'thickness': None, 'arbor': None, 'product_type': None, 'pack_quantity': 50}, 'confidence': {'pack_quantity': 0.7}, 'evidence': [{'attribute': 'pack_quantity', 'raw_value': 50, 'normalized_value': 50, 'source': 'ai_extraction'}], 'status': 'accepted'}",1
3MABR-7100048736,3M 775L Stikit Film P80 - Cubitron II 50 Disc/Box,accepted,"{'mpn': '3MABR-7100048736', 'manufacturer': 'Jam Industrial Supply LLC (JAMIN)', 'manufacturer_candidate': 'Jam Industrial Supply LLC', 'brand_candidate': None, 'identity_query': '3MABR-7100048736 Jam Industrial Supply LLC', 'brands': [], 'description': '3M 775L Stikit Film P80 - Cubitron II 50 Disc/Box'}","{'brand': '3M', 'source': 'description', 'confidence': 0.85, 'candidates': ['3M']}","{'value': 'Jam Industrial Supply LLC', 'score': 100.0, 'match': 'Jam Industrial Supply LLC'}","{'raw': {'diameter': None, 'thickness': None, 'arbor': None, 'product_type': None, 'pack_quantity': 50}, 'normalized': {'diameter': None, 'thickness': None, 'arbor': None, 'product_type': None, 'pack_quantity': 50}, 'confidence': {'pack_quantity': 0.7}, 'evidence': [{'attribute': 'pack_quantity', 'raw_value': 50, 'normalized_value': 50, 'source': 'ai_extraction'}], 'status': 'accepted'}",1
3MABR-7100075690,3M 775L Stikit Film P180 - Cubitron II 50 Disc/Box,accepted,"{'mpn': '3MABR-7100075690', 'manufacturer': 'Jam Industrial Supply LLC (JAMIN)', 'manufacturer_candidate': 'Jam Industrial Supply LLC', 'brand_candidate': None, 'identity_query': '3MABR-7100075690 Jam Industrial Supply LLC', 'brands': [], 'description': '3M 775L Stikit Film P180 - Cubitron II 50 Disc/Box'}","{'brand': '3M', 'source': 'description', 'confidence': 0.85, 'candidates': ['3M']}","{'value': 'Jam Industrial Supply LLC', 'score': 100.0, 'match': 'Jam Industrial Supply LLC'}","{'raw': {'diameter': None, 'thickness': None, 'arbor': None, 'product_type': None, 'pack_quantity': 50}, 'normalized': {'diameter': None, 'thickness': None, 'arbor': None, 'product_type': None, 'pack_quantity': 50}, 'confidence': {'pack_quantity': 0.7}, 'evidence': [{'attribute': 'pack_quantity', 'raw_value': 50, 'normalized_value': 50, 'source': 'ai_extraction'}], 'status': 'accepted'}",1
3MABR-7100075692,3M 775L Stikit Film P220 - Cubitron II 50 Disc/Box,accepted,"{'mpn': '3MABR-7100075692', 'manufacturer': 'Jam Industrial Supply LLC (JAMIN)', 'manufacturer_candidate': 'Jam Industrial Supply LLC', 'brand_candidate': None, 'identity_query': '3MABR-7100075692 Jam Industrial Supply LLC', 'brands': [], 'description': '3M 775L Stikit Film P220 - Cubitron II 50 Disc/Box'}","{'brand': '3M', 'source': 'description', 'confidence': 0.85, 'candidates': ['3M']}","{'value': 'Jam Industrial Supply LLC', 'score': 100.0, 'match': 'Jam Industrial Supply LLC'}","{'raw': {'diameter': None, 'thickness': None, 'arbor': None, 'product_type': None, 'pack_quantity': 50}, 'normalized': {'diameter': None, 'thickness': None, 'arbor': None, 'product_type': None, 'pack_quantity': 50}, 'confidence': {'pack_quantity': 0.7}, 'evidence': [{'attribute': 'pack_quantity', 'raw_value': 50, 'normalized_value': 50, 'source': 'ai_extraction'}], 'status': 'accepted'}",1
3MABR-7100145365,3M 775L Stikit Film P320 - Cubitron II 50 Disc/Box,accepted,"{'mpn': '3MABR-7100145365', 'manufacturer': 'Jam Industrial Supply LLC (JAMIN)', 'manufacturer_candidate': 'Jam Industrial Supply LLC', 'brand_candidate': None, 'identity_query': '3MABR-7100145365 Jam Industrial Supply LLC', 'brands': [], 'description': '3M 775L Stikit Film P320 - Cubitron II 50 Disc/Box'}","{'brand': '3M', 'source': 'description', 'confidence': 0.85, 'candidates': ['3M']}","{'value': 'Jam Industrial Supply LLC', 'score': 100.0, 'match': 'Jam Industrial Supply LLC'}","{'raw': {'diameter': None, 'thickness': None, 'arbor': None, 'product_type': None, 'pack_quantity': 50}, 'normalized': {'diameter': None, 'thickness': None, 'arbor': None, 'product_type': None, 'pack_quantity': 50}, 'confidence': {'pack_quantity': 0.7}, 'evidence': [{'attribute': 'pack_quantity', 'raw_value': 50, 'normalized_value': 50, 'source': 'ai_extraction'}], 'status': 'accepted'}",1
5B-332-080,"5B-332-080 HIOLIT 5"" P80",accepted,"{'mpn': '5B-332-080', 'manufacturer': 'Mirka Abrasives Inc (MIRUS)', 'manufacturer_candidate': 'Mirka Abrasives Inc', 'brand_candidate': None, 'identity_query': '5B-332-080 Mirka Abrasives Inc', 'brands': [], 'description': '5B-332-080 HIOLIT 5"" P80'}","{'brand': None, 'source': None, 'confidence': 0.0, 'candidates': []}","{'value': 'Mirka Abrasives Inc', 'score': 100.0, 'match': 'Mirka Abrasives Inc'}","{'raw': {'diameter': None, 'thickness': None, 'arbor': None, 'product_type': None, 'pack_quantity': None}, 'normalized': {'diameter': None, 'thickness': None, 'arbor': None, 'product_type': None, 'pack_quantity': None}, 'confidence': {}, 'evidence': [], 'status': 'accepted'}",0
5B-332-120,"5B-332-120 HIOLIT 5"" P120",accepted,"{'mpn': '5B-332-120', 'manufacturer': 'Mirka Abrasives Inc (MIRUS)', 'manufacturer_candidate': 'Mirka Abrasives Inc', 'brand_candidate': None, 'identity_query': '5B-332-120 Mirka Abrasives Inc', 'brands': [], 'description': '5B-332-120 HIOLIT 5"" P120'}","{'brand': None, 'source': None, 'confidence': 0.0, 'candidates': []}","{'value': 'Mirka Abrasives Inc', 'score': 100.0, 'match': 'Mirka Abrasives Inc'}","{'raw': {'diameter': None, 'thickness': None, 'arbor': None, 'product_type': None, 'pack_quantity': None}, 'normalized': {'diameter': None, 'thickness': None, 'arbor': None, 'product_type': None, 'pack_quantity': None}, 'confidence': {}, 'evidence': [], 'status': 'accepted'}",0
9A-570-240,9A-570-240 Abranet 2.75x30,accepted,"{'mpn': '9A-570-240', 'manufacturer': 'Mirka Abrasives Inc (MIRUS)', 'manufacturer_candidate': 'Mirka Abrasives Inc', 'brand_candidate': None, 'identity_query': '9A-570-240 Mirka Abrasives Inc', 'brands': [], 'description': '9A-570-240 Abranet 2.75x30'}","{'brand': None, 'source': None, 'confidence': 0.0, 'candidates': []}","{'value': 'Mirka Abrasives Inc', 'score': 100.0, 'match': 'Mirka Abrasives Inc'}","{'raw': {'diameter': None, 'thickness': None, 'arbor': None, 'product_type': None, 'pack_quantity': None}, 'normalized': {'diameter': None, 'thickness': None, 'arbor': None, 'product_type': None, 'pack_quantity': None}, 'confidence': {}, 'evidence': [], 'status': 'accepted'}",0
9A-570-320,9A-570-320 Abranet 2.75x30,accepted,"{'mpn': '9A-570-320', 'manufacturer': 'Mirka Abrasives Inc (MIRUS)', 'manufacturer_candidate': 'Mirka Abrasives Inc', 'brand_candidate': None, 'identity_query': '9A-570-320 Mirka Abrasives Inc', 'brands': [], 'description': '9A-570-320 Abranet 2.75x30'}","{'brand': None, 'source': None, 'confidence': 0.0, 'candidates': []}","{'value': 'Mirka Abrasives Inc', 'score': 100.0, 'match': 'Mirka Abrasives Inc'}","{'raw': {'diameter': None, 'thickness': None, 'arbor': None, 'product_type': None, 'pack_quantity': None}, 'normalized': {'diameter': None, 'thickness': None, 'arbor': None, 'product_type': None, 'pack_quantity': None}, 'confidence': {}, 'evidence': [], 'status': 'accepted'}",0
DBD090094101F,"DBD090094101F Diablo 9"" - Metal Cut-Off Disc",accepted,"{'mpn': 'DBD090094101F', 'manufacturer': 'Freud Inc (2435)', 'manufacturer_candidate': 'Freud Inc', 'brand_candidate': None, 'identity_query': 'DBD090094101F Freud Inc', 'brands': [], 'description': 'DBD090094101F Diablo 9"" - Metal Cut-Off Disc'}","{'brand': 'Diablo', 'source': 'description', 'confidence': 0.85, 'candidates': ['Diablo']}","{'value': 'Freud Inc', 'score': 100.0, 'match': 'Freud Inc'}","{'raw': {'diameter': None, 'thickness': None, 'arbor': None, 'product_type': 'Metal Cut Off Disc', 'pack_quantity': None}, 'normalized': {'diameter': None, 'thickness': None, 'arbor': None, 'product_type': 'Metal Cut Off Disc', 'pack_quantity': None}, 'confidence': {'product_type': 0.7}, 'evidence': [{'attribute': 'product_type', 'raw_value': 'Metal Cut Off Disc', 'normalized_value': 'Metal Cut Off Disc', 'source': 'ai_extraction'}], 'status': 'accepted'}",1
DBDS12125A01F,"DBDS12125A01F Diablo 12"" - Steel Demon Metal Cut-Off Disc",accepted,"{'mpn': 'DBDS12125A01F', 'manufacturer': 'Freud Inc (2435)', 'manufacturer_candidate': 'Freud Inc', 'brand_candidate': None, 'identity_query': 'DBDS12125A01F Freud Inc', 'brands': [], 'description': 'DBDS12125A01F Diablo 12"" - Steel Demon Metal Cut-Off Disc'}","{'brand': 'Diablo', 'source': 'description', 'confidence': 0.85, 'candidates': ['Diablo']}","{'value': 'Freud Inc', 'score': 100.0, 'match': 'Freud Inc'}","{'raw': {'diameter': None, 'thickness': None, 'arbor': None, 'product_type': 'Metal Cut Off Disc', 'pack_quantity': None}, 'normalized': {'diameter': None, 'thickness': None, 'arbor': None, 'product_type': 'Metal Cut Off Disc', 'pack_quantity': None}, 'confidence': {'product_type': 0.7}, 'evidence': [{'attribute': 'product_type', 'raw_value': 'Metal Cut Off Disc', 'normalized_value': 'Metal Cut Off Disc', 'source': 'ai_extraction'}], 'status': 'accepted'}",1
DBDS12125G01F,"DBDS12125G01F Diablo 12""x20mm - Speed Demon Metal Cut-Off Disc",accepted,"{'mpn': 'DBDS12125G01F', 'manufacturer': 'Freud Inc (2435)', 'manufacturer_candidate': 'Freud Inc', 'brand_candidate': None, 'identity_query': 'DBDS12125G01F Freud Inc', 'brands': [], 'description': 'DBDS12125G01F Diablo 12""x20mm - Speed Demon Metal Cut-Off Disc'}","{'brand': 'Diablo', 'source': 'description', 'confidence': 0.85, 'candidates': ['Diablo']}","{'value': 'Freud Inc', 'score': 100.0, 'match': 'Freud Inc'}","{'raw': {'diameter': None, 'thickness': None, 'arbor': None, 'product_type': 'Metal Cut Off Disc', 'pack_quantity': None}, 'normalized': {'diameter': None, 'thickness': None, 'arbor': None, 'product_type': 'Metal Cut Off Disc', 'pack_quantity': None}, 'confidence': {'product_type': 0.7}, 'evidence': [{'attribute': 'product_type', 'raw_value': 'Metal Cut Off Disc', 'normalized_value': 'Metal Cut Off Disc', 'source': 'ai_extraction'}], 'status': 'accepted'}",1
DBDS14125A01F,"DBDS14125A01F Diablo 14""x1"" - Steel Demon Metal Cut-Off Disc",accepted,"{'mpn': 'DBDS14125A01F', 'manufacturer': 'Freud Inc (2435)', 'manufacturer_candidate': 'Freud Inc', 'brand_candidate': None, 'identity_query': 'DBDS14125A01F Freud Inc', 'brands': [], 'description': 'DBDS14125A01F Diablo 14""x1"" - Steel Demon Metal Cut-Off Disc'}","{'brand': 'Diablo', 'source': 'description', 'confidence': 0.85, 'candidates': ['Diablo']}","{'value': 'Freud Inc', 'score': 100.0, 'match': 'Freud Inc'}","{'raw': {'diameter': None, 'thickness': None, 'arbor': None, 'product_type': 'Metal Cut Off Disc', 'pack_quantity': None}, 'normalized': {'diameter': None, 'thickness': None, 'arbor': None, 'product_type': 'Metal Cut Off Disc', 'pack_quantity': None}, 'confidence': {'product_type': 0.7}, 'evidence': [{'attribute': 'product_type', 'raw_value': 'Metal Cut Off Disc', 'normalized_value': 'Metal Cut Off Disc', 'source': 'ai_extraction'}], 'status': 'accepted'}",1
DBDS14125G01F,"DBDS14125G01F Diablo 14""x20mm - Steel Demon Metal Cut-Off Disc",accepted,"{'mpn': 'DBDS14125G01F', 'manufacturer': 'Freud Inc (2435)', 'manufacturer_candidate': 'Freud Inc', 'brand_candidate': None, 'identity_query': 'DBDS14125G01F Freud Inc', 'brands': [], 'description': 'DBDS14125G01F Diablo 14""x20mm - Steel Demon Metal Cut-Off Disc'}","{'brand': 'Diablo', 'source': 'description', 'confidence': 0.85, 'candidates': ['Diablo']}","{'value': 'Freud Inc', 'score': 100.0, 'match': 'Freud Inc'}","{'raw': {'diameter': None, 'thickness': None, 'arbor': None, 'product_type': 'Metal Cut Off Disc', 'pack_quantity': None}, 'normalized': {'diameter': None, 'thickness': None, 'arbor': None, 'product_type': 'Metal Cut Off Disc', 'pack_quantity': None}, 'confidence': {'product_type': 0.7}, 'evidence': [{'attribute': 'product_type', 'raw_value': 'Metal Cut Off Disc', 'normalized_value': 'Metal Cut Off Disc', 'source': 'ai_extraction'}], 'status': 'accepted'}",1
49-94-0013,"49-94-0013 Milw 5""x.045""x7/8"" Metal Cut Off Disc",accepted,"{'mpn': '49-94-0013', 'manufacturer': 'Milwaukee Accessory (4031)', 'manufacturer_candidate': 'Milwaukee Accessory', 'brand_candidate': None, 'identity_query': '49-94-0013 Milwaukee Accessory', 'brands': [], 'description': '49-94-0013 Milw 5""x.045""x7/8"" Metal Cut Off Disc'}","{'brand': None, 'source': None, 'confidence': 0.0, 'candidates': []}","{'value': 'Milwaukee Accessory', 'score': 100.0, 'match': 'Milwaukee Accessory'}","{'raw': {'diameter': '5', 'thickness': '.045', 'arbor': '7', 'product_type': 'Metal Cut Off Disc', 'pack_quantity': None}, 'normalized': {'diameter': 5.0, 'thickness': 0.045, 'arbor': 7.0, 'product_type': 'Metal Cut Off Disc', 'pack_quantity': None}, 'confidence': {'diameter': 0.7, 'thickness': 0.7, 'arbor': 0.7, 'product_type': 0.7}, 'evidence': [{'attribute': 'diameter', 'raw_value': '5', 'normalized_value': 5.0, 'source': 'ai_extraction'}, {'attribute': 'thickness', 'raw_value': '.045', 'normalized_value': 0.045, 'source': 'ai_extraction'}, {'attribute': 'arbor', 'raw_value': '7', 'normalized_value': 7.0, 'source': 'ai_extraction'}, {'attribute': 'product_type', 'raw_value': 'Metal Cut Off Disc', 'normalized_value': 'Metal Cut Off Disc', 'source': 'ai_extraction'}], 'status': 'accepted'}",4
49-94-0029,"49-94-0029 Milw 6-1/2""x1/8""x5/8"" DKO Metal Cut Off Disc",accepted,"{'mpn': '49-94-0029', 'manufacturer': 'Milwaukee Accessory (4031)', 'manufacturer_candidate': 'Milwaukee Accessory', 'brand_candidate': None, 'identity_query': '49-94-0029 Milwaukee Accessory', 'brands': [], 'description': '49-94-0029 Milw 6-1/2""x1/8""x5/8"" DKO Metal Cut Off Disc'}","{'brand': None, 'source': None, 'confidence': 0.0, 'candidates': []}","{'value': 'Milwaukee Accessory', 'score': 100.0, 'match': 'Milwaukee Accessory'}","{'raw': {'diameter': None, 'thickness': None, 'arbor': None, 'product_type': 'Metal Cut Off Disc', 'pack_quantity': None}, 'normalized': {'diameter': None, 'thickness': None, 'arbor': None, 'product_type': 'Metal Cut Off Disc', 'pack_quantity': None}, 'confidence': {'product_type': 0.7}, 'evidence': [{'attribute': 'product_type', 'raw_value': 'Metal Cut Off Disc', 'normalized_value': 'Metal Cut Off Disc', 'source': 'ai_extraction'}], 'status': 'accepted'}",1
49-94-0033,"49-94-0033 Milw 7""x1/16""x7/8"" Metal Cut Off Disc",accepted,"{'mpn': '49-94-0033', 'manufacturer': 'Milwaukee Accessory (4031)', 'manufacturer_candidate': 'Milwaukee Accessory', 'brand_candidate': None, 'identity_query': '49-94-0033 Milwaukee Accessory', 'brands': [], 'description': '49-94-0033 Milw 7""x1/16""x7/8"" Metal Cut Off Disc'}","{'brand': None, 'source': None, 'confidence': 0.0, 'candidates': []}","{'value': 'Milwaukee Accessory', 'score': 100.0, 'match': 'Milwaukee Accessory'}","{'raw': {'diameter': None, 'thickness': None, 'arbor': None, 'product_type': 'Metal Cut Off Disc', 'pack_quantity': None}, 'normalized': {'diameter': None, 'thickness': None, 'arbor': None, 'product_type': 'Metal Cut Off Disc', 'pack_quantity': None}, 'confidence': {'product_type': 0.7}, 'evidence': [{'attribute': 'product_type', 'raw_value': 'Metal Cut Off Disc', 'normalized_value': 'Metal Cut Off Disc', 'source': 'ai_extraction'}], 'status': 'accepted'}",1
49-94-0001,"49-94-0001 Milw 4""x.040""x5/8"" Metal Cut Off Disc",accepted,"{'mpn': '49-94-0001', 'manufacturer': 'Milwaukee Accessory (4031)', 'manufacturer_candidate': 'Milwaukee Accessory', 'brand_candidate': None, 'identity_query': '49-94-0001 Milwaukee Accessory', 'brands': [], 'description': '49-94-0001 Milw 4""x.040""x5/8"" Metal Cut Off Disc'}","{'brand': None, 'source': None, 'confidence': 0.0, 'candidates': []}","{'value': 'Milwaukee Accessory', 'score': 100.0, 'match': 'Milwaukee Accessory'}","{'raw': {'diameter': '4', 'thickness': '.040', 'arbor': '5', 'product_type': 'Metal Cut Off Disc', 'pack_quantity': None}, 'normalized': {'diameter': 4.0, 'thickness': 0.04, 'arbor': 5.0, 'product_type': 'Metal Cut Off Disc', 'pack_quantity': None}, 'confidence': {'diameter': 0.7, 'thickness': 0.7, 'arbor': 0.7, 'product_type': 0.7}, 'evidence': [{'attribute': 'diameter', 'raw_value': '4', 'normalized_value': 4.0, 'source': 'ai_extraction'}, {'attribute': 'thickness', 'raw_value': '.040', 'normalized_value': 0.04, 'source': 'ai_extraction'}, {'attribute': 'arbor', 'raw_value': '5', 'normalized_value': 5.0, 'source': 'ai_extraction'}, {'attribute': 'product_type', 'raw_value': 'Metal Cut Off Disc', 'normalized_value': 'Metal Cut Off Disc', 'source': 'ai_extraction'}], 'status': 'accepted'}",4
49-94-0039,"49-94-0039 Milw 7""x1/8""x5/8"" DKO Metal Cut Off Disc",accepted,"{'mpn': '49-94-0039', 'manufacturer': 'Milwaukee Accessory (4031)', 'manufacturer_candidate': 'Milwaukee Accessory', 'brand_candidate': None, 'identity_query': '49-94-0039 Milwaukee Accessory', 'brands': [], 'description': '49-94-0039 Milw 7""x1/8""x5/8"" DKO Metal Cut Off Disc'}","{'brand': None, 'source': None, 'confidence': 0.0, 'candidates': []}","{'value': 'Milwaukee Accessory', 'score': 100.0, 'match': 'Milwaukee Accessory'}","{'raw': {'diameter': None, 'thickness': None, 'arbor': None, 'product_type': 'Metal Cut Off Disc', 'pack_quantity': None}, 'normalized': {'diameter': None, 'thickness': None, 'arbor': None, 'product_type': 'Metal Cut Off Disc', 'pack_quantity': None}, 'confidence': {'product_type': 0.7}, 'evidence': [{'attribute': 'product_type', 'raw_value': 'Metal Cut Off Disc', 'normalized_value': 'Metal Cut Off Disc', 'source': 'ai_extraction'}], 'status': 'accepted'}",1
49-94-0043,"49-94-0043 Milw 9""x3/32""x7/8"" Metal Cut Off Disc",accepted,"{'mpn': '49-94-0043', 'manufacturer': 'Milwaukee Accessory (4031)', 'manufacturer_candidate': 'Milwaukee Accessory', 'brand_candidate': None, 'identity_query': '49-94-0043 Milwaukee Accessory', 'brands': [], 'description': '49-94-0043 Milw 9""x3/32""x7/8"" Metal Cut Off Disc'}","{'brand': None, 'source': None, 'confidence': 0.0, 'candidates': []}","{'value': 'Milwaukee Accessory', 'score': 100.0, 'match': 'Milwaukee Accessory'}","{'raw': {'diameter': None, 'thickness': None, 'arbor': None, 'product_type': 'Metal Cut Off Disc', 'pack_quantity': None}, 'normalized': {'diameter': None, 'thickness': None, 'arbor': None, 'product_type': 'Metal Cut Off Disc', 'pack_quantity': None}, 'confidence': {'product_type': 0.7}, 'evidence': [{'attribute': 'product_type', 'raw_value': 'Metal Cut Off Disc', 'normalized_value': 'Metal Cut Off Disc', 'source': 'ai_extraction'}], 'status': 'accepted'}",1
49-94-0048,"49-94-0048 Milw 12""x7/64""x1"" Metal Cut Off Disc General Purpose",accepted,"{'mpn': '49-94-0048', 'manufacturer': 'Milwaukee Accessory (4031)', 'manufacturer_candidate': 'Milwaukee Accessory', 'brand_candidate': None, 'identity_query': '49-94-0048 Milwaukee Accessory', 'brands': [], 'description': '49-94-0048 Milw 12""x7/64""x1"" Metal Cut Off Disc General Purpose'}","{'brand': None, 'source': None, 'confidence': 0.0, 'candidates': []}","{'value': 'Milwaukee Accessory', 'score': 100.0, 'match': 'Milwaukee Accessory'}","{'raw': {'diameter': None, 'thickness': None, 'arbor': None, 'product_type': 'Metal Cut Off Disc', 'pack_quantity': None}, 'normalized': {'diameter': None, 'thickness': None, 'arbor': None, 'product_type': 'Metal Cut Off Disc', 'pack_quantity': None}, 'confidence': {'product_type': 0.7}, 'evidence': [{'attribute': 'product_type', 'raw_value': 'Metal Cut Off Disc', 'normalized_value': 'Metal Cut Off Disc', 'source': 'ai_extraction'}], 'status': 'accepted'}",1
49-94-0053,"49-94-0053 Milw 12""x1/8""x1"" Metal Cut Off Disc",accepted,"{'mpn': '49-94-0053', 'manufacturer': 'Milwaukee Accessory (4031)', 'manufacturer_candidate': 'Milwaukee Accessory', 'brand_candidate': None, 'identity_query': '49-94-0053 Milwaukee Accessory', 'brands': [], 'description': '49-94-0053 Milw 12""x1/8""x1"" Metal Cut Off Disc'}","{'brand': None, 'source': None, 'confidence': 0.0, 'candidates': []}","{'value': 'Milwaukee Accessory', 'score': 100.0, 'match': 'Milwaukee Accessory'}","{'raw': {'diameter': None, 'thickness': None, 'arbor': None, 'product_type': 'Metal Cut Off Disc', 'pack_quantity': None}, 'normalized': {'diameter': None, 'thickness': None, 'arbor': None, 'product_type': 'Metal Cut Off Disc', 'pack_quantity': None}, 'confidence': {'product_type': 0.7}, 'evidence': [{'attribute': 'product_type', 'raw_value': 'Metal Cut Off Disc', 'normalized_value': 'Metal Cut Off Disc', 'source': 'ai_extraction'}], 'status': 'accepted'}",1
49-94-0058,"49-94-0058 Milw 12""x1/8""x20mm Metal Cut Off Disc",accepted,"{'mpn': '49-94-0058', 'manufacturer': 'Milwaukee Accessory (4031)', 'manufacturer_candidate': 'Milwaukee Accessory', 'brand_candidate': None, 'identity_query': '49-94-0058 Milwaukee Accessory', 'brands': [], 'description': '49-94-0058 Milw 12""x1/8""x20mm Metal Cut Off Disc'}","{'brand': None, 'source': None, 'confidence': 0.0, 'candidates': []}","{'value': 'Milwaukee Accessory', 'score': 100.0, 'match': 'Milwaukee Accessory'}","{'raw': {'diameter': None, 'thickness': None, 'arbor': None, 'product_type': 'Metal Cut Off Disc', 'pack_quantity': None}, 'normalized': {'diameter': None, 'thickness': None, 'arbor': None, 'product_type': 'Metal Cut Off Disc', 'pack_quantity': None}, 'confidence': {'product_type': 0.7}, 'evidence': [{'attribute': 'product_type', 'raw_value': 'Metal Cut Off Disc', 'normalized_value': 'Metal Cut Off Disc', 'source': 'ai_extraction'}], 'status': 'accepted'}",1
49-94-0063,"49-94-0063 Milw 14""x7/64""x1"" Metal Cut Off Disc General Purpose",accepted,"{'mpn': '49-94-0063', 'manufacturer': 'Milwaukee Accessory (4031)', 'manufacturer_candidate': 'Milwaukee Accessory', 'brand_candidate': None, 'identity_query': '49-94-0063 Milwaukee Accessory', 'brands': [], 'description': '49-94-0063 Milw 14""x7/64""x1"" Metal Cut Off Disc General Purpose'}","{'brand': None, 'source': None, 'confidence': 0.0, 'candidates': []}","{'value': 'Milwaukee Accessory', 'score': 100.0, 'match': 'Milwaukee Accessory'}","{'raw': {'diameter': None, 'thickness': None, 'arbor': None, 'product_type': 'Metal Cut Off Disc', 'pack_quantity': None}, 'normalized': {'diameter': None, 'thickness': None, 'arbor': None, 'product_type': 'Metal Cut Off Disc', 'pack_quantity': None}, 'confidence': {'product_type': 0.7}, 'evidence': [{'attribute': 'product_type', 'raw_value': 'Metal Cut Off Disc', 'normalized_value': 'Metal Cut Off Disc', 'source': 'ai_extraction'}], 'status': 'accepted'}",1
49-94-0068,"49-94-0068 Milw 14""x1/8""x20mm Metal Cut Off Disc",accepted,"{'mpn': '49-94-0068', 'manufacturer': 'Milwaukee Accessory (4031)', 'manufacturer_candidate': 'Milwaukee Accessory', 'brand_candidate': None, 'identity_query': '49-94-0068 Milwaukee Accessory', 'brands': [], 'description': '49-94-0068 Milw 14""x1/8""x20mm Metal Cut Off Disc'}","{'brand': None, 'source': None, 'confidence': 0.0, 'candidates': []}","{'value': 'Milwaukee Accessory', 'score': 100.0, 'match': 'Milwaukee Accessory'}","{'raw': {'diameter': None, 'thickness': None, 'arbor': None, 'product_type': 'Metal Cut Off Disc', 'pack_quantity': None}, 'normalized': {'diameter': None, 'thickness': None, 'arbor': None, 'product_type': 'Metal Cut Off Disc', 'pack_quantity': None}, 'confidence': {'product_type': 0.7}, 'evidence': [{'attribute': 'product_type', 'raw_value': 'Metal Cut Off Disc', 'normalized_value': 'Metal Cut Off Disc', 'source': 'ai_extraction'}], 'status': 'accepted'}",1
49-94-0073,"49-94-0073 Milw 14""x1/8""x1"" Metal Cut Off Disc",accepted,"{'mpn': '49-94-0073', 'manufacturer': 'Milwaukee Accessory (4031)', 'manufacturer_candidate': 'Milwaukee Accessory', 'brand_candidate': None, 'identity_query': '49-94-0073 Milwaukee Accessory', 'brands': [], 'description': '49-94-0073 Milw 14""x1/8""x1"" Metal Cut Off Disc'}","{'brand': None, 'source': None, 'confidence': 0.0, 'candidates': []}","{'value': 'Milwaukee Accessory', 'score': 100.0, 'match': 'Milwaukee Accessory'}","{'raw': {'diameter': None, 'thickness': None, 'arbor': None, 'product_type': 'Metal Cut Off Disc', 'pack_quantity': None}, 'normalized': {'diameter': None, 'thickness': None, 'arbor': None, 'product_type': 'Metal Cut Off Disc', 'pack_quantity': None}, 'confidence': {'product_type': 0.7}, 'evidence': [{'attribute': 'product_type', 'raw_value': 'Metal Cut Off Disc', 'normalized_value': 'Metal Cut Off Disc', 'source': 'ai_extraction'}], 'status': 'accepted'}",1
49-94-0101,"49-94-0101 Milw 4-1/2""x.045""x7/8"" Perform+ Metal Cut Off Disc 10pc",accepted,"{'mpn': '49-94-0101', 'manufacturer': 'Milwaukee Accessory (4031)', 'manufacturer_candidate': 'Milwaukee Accessory', 'brand_candidate': None, 'identity_query': '49-94-0101 Milwaukee Accessory', 'brands': [], 'description': '49-94-0101 Milw 4-1/2""x.045""x7/8"" Perform+ Metal Cut Off Disc 10pc'}","{'brand': None, 'source': None, 'confidence': 0.0, 'candidates': []}","{'value': 'Milwaukee Accessory', 'score': 100.0, 'match': 'Milwaukee Accessory'}","{'raw': {'diameter': '4-1/2', 'thickness': '.045', 'arbor': '7', 'product_type': 'Metal Cut Off Disc', 'pack_quantity': 10}, 'normalized': {'diameter': 4.5, 'thickness': 0.045, 'arbor': 7.0, 'product_type': 'Metal Cut Off Disc', 'pack_quantity': 10}, 'confidence': {'diameter': 0.7, 'thickness': 0.7, 'arbor': 0.7, 'product_type': 0.7, 'pack_quantity': 0.7}, 'evidence': [{'attribute': 'diameter', 'raw_value': '4-1/2', 'normalized_value': 4.5, 'source': 'ai_extraction'}, {'attribute': 'thickness', 'raw_value': '.045', 'normalized_value': 0.045, 'source': 'ai_extraction'}, {'attribute': 'arbor', 'raw_value': '7', 'normalized_value': 7.0, 'source': 'ai_extraction'}, {'attribute': 'product_type', 'raw_value': 'Metal Cut Off Disc', 'normalized_value': 'Metal Cut Off Disc', 'source': 'ai_extraction'}, {'attribute': 'pack_quantity', 'raw_value': 10, 'normalized_value': 10, 'source': 'ai_extraction'}], 'status': 'accepted'}",5
49-94-0107,"49-94-0107 Milw 4-1/2""x.045""x7/8"" Performance+ Metal Cut Off Disc",accepted,"{'mpn': '49-94-0107', 'manufacturer': 'Milwaukee Accessory (4031)', 'manufacturer_candidate': 'Milwaukee Accessory', 'brand_candidate': None, 'identity_query': '49-94-0107 Milwaukee Accessory', 'brands': [], 'description': '49-94-0107 Milw 4-1/2""x.045""x7/8"" Performance+ Metal Cut Off Disc'}","{'brand': None, 'source': None, 'confidence': 0.0, 'candidates': []}","{'value': 'Milwaukee Accessory', 'score': 100.0, 'match': 'Milwaukee Accessory'}","{'raw': {'diameter': '4-1/2', 'thickness': '.045', 'arbor': '7', 'product_type': 'Metal Cut Off Disc', 'pack_quantity': None}, 'normalized': {'diameter': 4.5, 'thickness': 0.045, 'arbor': 7.0, 'product_type': 'Metal Cut Off Disc', 'pack_quantity': None}, 'confidence': {'diameter': 0.7, 'thickness': 0.7, 'arbor': 0.7, 'product_type': 0.7}, 'evidence': [{'attribute': 'diameter', 'raw_value': '4-1/2', 'normalized_value': 4.5, 'source': 'ai_extraction'}, {'attribute': 'thickness', 'raw_value': '.045', 'normalized_value': 0.045, 'source': 'ai_extraction'}, {'attribute': 'arbor', 'raw_value': '7', 'normalized_value': 7.0, 'source': 'ai_extraction'}, {'attribute': 'product_type', 'raw_value': 'Metal Cut Off Disc', 'normalized_value': 'Metal Cut Off Disc', 'source': 'ai_extraction'}], 'status': 'accepted'}",4
49-94-0117,"49-94-0117 Milw 5""x.045""x7/8"" Performance+ Metal Cut Off Disc",accepted,"{'mpn': '49-94-0117', 'manufacturer': 'Milwaukee Accessory (4031)', 'manufacturer_candidate': 'Milwaukee Accessory', 'brand_candidate': None, 'identity_query': '49-94-0117 Milwaukee Accessory', 'brands': [], 'description': '49-94-0117 Milw 5""x.045""x7/8"" Performance+ Metal Cut Off Disc'}","{'brand': None, 'source': None, 'confidence': 0.0, 'candidates': []}","{'value': 'Milwaukee Accessory', 'score': 100.0, 'match': 'Milwaukee Accessory'}","{'raw': {'diameter': '5', 'thickness': '.045', 'arbor': '7', 'product_type': 'Metal Cut Off Disc', 'pack_quantity': None}, 'normalized': {'diameter': 5.0, 'thickness': 0.045, 'arbor': 7.0, 'product_type': 'Metal Cut Off Disc', 'pack_quantity': None}, 'confidence': {'diameter': 0.7, 'thickness': 0.7, 'arbor': 0.7, 'product_type': 0.7}, 'evidence': [{'attribute': 'diameter', 'raw_value': '5', 'normalized_value': 5.0, 'source': 'ai_extraction'}, {'attribute': 'thickness', 'raw_value': '.045', 'normalized_value': 0.045, 'source': 'ai_extraction'}, {'attribute': 'arbor', 'raw_value': '7', 'normalized_value': 7.0, 'source': 'ai_extraction'}, {'attribute': 'product_type', 'raw_value': 'Metal Cut Off Disc', 'normalized_value': 'Metal Cut Off Disc', 'source': 'ai_extraction'}], 'status': 'accepted'}",4
49-94-0123,"49-94-0123 Milw 6""x.045""x7/8"" Performance+ Metal Cut Off Disc",accepted,"{'mpn': '49-94-0123', 'manufacturer': 'Milwaukee Accessory (4031)', 'manufacturer_candidate': 'Milwaukee Accessory', 'brand_candidate': None, 'identity_query': '49-94-0123 Milwaukee Accessory', 'brands': [], 'description': '49-94-0123 Milw 6""x.045""x7/8"" Performance+ Metal Cut Off Disc'}","{'brand': None, 'source': None, 'confidence': 0.0, 'candidates': []}","{'value': 'Milwaukee Accessory', 'score': 100.0, 'match': 'Milwaukee Accessory'}","{'raw': {'diameter': '6', 'thickness': '.045', 'arbor': '7', 'product_type': 'Metal Cut Off Disc', 'pack_quantity': None}, 'normalized': {'diameter': 6.0, 'thickness': 0.045, 'arbor': 7.0, 'product_type': 'Metal Cut Off Disc', 'pack_quantity': None}, 'confidence': {'diameter': 0.7, 'thickness': 0.7, 'arbor': 0.7, 'product_type': 0.7}, 'evidence': [{'attribute': 'diameter', 'raw_value': '6', 'normalized_value': 6.0, 'source': 'ai_extraction'}, {'attribute': 'thickness', 'raw_value': '.045', 'normalized_value': 0.045, 'source': 'ai_extraction'}, {'attribute': 'arbor', 'raw_value': '7', 'normalized_value': 7.0, 'source': 'ai_extraction'}, {'attribute': 'product_type', 'raw_value': 'Metal Cut Off Disc', 'normalized_value': 'Metal Cut Off Disc', 'source': 'ai_extraction'}], 'status': 'accepted'}",4
49-94-0023,"49-94-0023 Milw 6""x.045""x7/8"" Metal Cut Off Disc",accepted,"{'mpn': '49-94-0023', 'manufacturer': 'Milwaukee Accessory (4031)', 'manufacturer_candidate': 'Milwaukee Accessory', 'brand_candidate': None, 'identity_query': '49-94-0023 Milwaukee Accessory', 'brands': [], 'description': '49-94-0023 Milw 6""x.045""x7/8"" Metal Cut Off Disc'}","{'brand': None, 'source': None, 'confidence': 0.0, 'candidates': []}","{'value': 'Milwaukee Accessory', 'score': 100.0, 'match': 'Milwaukee Accessory'}","{'raw': {'diameter': '6', 'thickness': '.045', 'arbor': '7', 'product_type': 'Metal Cut Off Disc', 'pack_quantity': None}, 'normalized': {'diameter': 6.0, 'thickness': 0.045, 'arbor': 7.0, 'product_type': 'Metal Cut Off Disc', 'pack_quantity': None}, 'confidence': {'diameter': 0.7, 'thickness': 0.7, 'arbor': 0.7, 'product_type': 0.7}, 'evidence': [{'attribute': 'diameter', 'raw_value': '6', 'normalized_value': 6.0, 'source': 'ai_extraction'}, {'attribute': 'thickness', 'raw_value': '.045', 'normalized_value': 0.045, 'source': 'ai_extraction'}, {'attribute': 'arbor', 'raw_value': '7', 'normalized_value': 7.0, 'source': 'ai_extraction'}, {'attribute': 'product_type', 'raw_value': 'Metal Cut Off Disc', 'normalized_value': 'Metal Cut Off Disc', 'source': 'ai_extraction'}], 'status': 'accepted'}",4
49-94-0121,"49-94-0121 Milw 6""x.045""x7/8"" Performance+ Metal Cut Off Disc 10pc",accepted,"{'mpn': '49-94-0121', 'manufacturer': 'Milwaukee Accessory (4031)', 'manufacturer_candidate': 'Milwaukee Accessory', 'brand_candidate': None, 'identity_query': '49-94-0121 Milwaukee Accessory', 'brands': [], 'description': '49-94-0121 Milw 6""x.045""x7/8"" Performance+ Metal Cut Off Disc 10pc'}","{'brand': None, 'source': None, 'confidence': 0.0, 'candidates': []}","{'value': 'Milwaukee Accessory', 'score': 100.0, 'match': 'Milwaukee Accessory'}","{'raw': {'diameter': '6', 'thickness': '.045', 'arbor': '7', 'product_type': 'Metal Cut Off Disc', 'pack_quantity': 10}, 'normalized': {'diameter': 6.0, 'thickness': 0.045, 'arbor': 7.0, 'product_type': 'Metal Cut Off Disc', 'pack_quantity': 10}, 'confidence': {'diameter': 0.7, 'thickness': 0.7, 'arbor': 0.7, 'product_type': 0.7, 'pack_quantity': 0.7}, 'evidence': [{'attribute': 'diameter', 'raw_value': '6', 'normalized_value': 6.0, 'source': 'ai_extraction'}, {'attribute': 'thickness', 'raw_value': '.045', 'normalized_value': 0.045, 'source': 'ai_extraction'}, {'attribute': 'arbor', 'raw_value': '7', 'normalized_value': 7.0, 'source': 'ai_extraction'}, {'attribute': 'product_type', 'raw_value': 'Metal Cut Off Disc', 'normalized_value': 'Metal Cut Off Disc', 'source': 'ai_extraction'}, {'attribute': 'pack_quantity', 'raw_value': 10, 'normalized_value': 10, 'source': 'ai_extraction'}], 'status': 'accepted'}",5
49-94-0127,"49-94-0127 Milw 6""x.045""x7/8"" Performance+Metal Cut Off Disc",accepted,"{'mpn': '49-94-0127', 'manufacturer': 'Milwaukee Accessory (4031)', 'manufacturer_candidate': 'Milwaukee Accessory', 'brand_candidate': None, 'identity_query': '49-94-0127 Milwaukee Accessory', 'brands': [], 'description': '49-94-0127 Milw 6""x.045""x7/8"" Performance+Metal Cut Off Disc'}","{'brand': None, 'source': None, 'confidence': 0.0, 'candidates': []}","{'value': 'Milwaukee Accessory', 'score': 100.0, 'match': 'Milwaukee Accessory'}","{'raw': {'diameter': '6', 'thickness': '.045', 'arbor': '7', 'product_type': 'Metal Cut Off Disc', 'pack_quantity': None}, 'normalized': {'diameter': 6.0, 'thickness': 0.045, 'arbor': 7.0, 'product_type': 'Metal Cut Off Disc', 'pack_quantity': None}, 'confidence': {'diameter': 0.7, 'thickness': 0.7, 'arbor': 0.7, 'product_type': 0.7}, 'evidence': [{'attribute': 'diameter', 'raw_value': '6', 'normalized_value': 6.0, 'source': 'ai_extraction'}, {'attribute': 'thickness', 'raw_value': '.045', 'normalized_value': 0.045, 'source': 'ai_extraction'}, {'attribute': 'arbor', 'raw_value': '7', 'normalized_value': 7.0, 'source': 'ai_extraction'}, {'attribute': 'product_type', 'raw_value': 'Metal Cut Off Disc', 'normalized_value': 'Metal Cut Off Disc', 'source': 'ai_extraction'}], 'status': 'accepted'}",4
49-94-0137,"49-94-0137 Milw 7""x3/32""x7/8"" Performance+ Metal Cut Off Disc",accepted,"{'mpn': '49-94-0137', 'manufacturer': 'Milwaukee Accessory (4031)', 'manufacturer_candidate': 'Milwaukee Accessory', 'brand_candidate': None, 'identity_query': '49-94-0137 Milwaukee Accessory', 'brands': [], 'description': '49-94-0137 Milw 7""x3/32""x7/8"" Performance+ Metal Cut Off Disc'}","{'brand': None, 'source': None, 'confidence': 0.0, 'candidates': []}","{'value': 'Milwaukee Accessory', 'score': 100.0, 'match': 'Milwaukee Accessory'}","{'raw': {'diameter': None, 'thickness': None, 'arbor': None, 'product_type': 'Metal Cut Off Disc', 'pack_quantity': None}, 'normalized': {'diameter': None, 'thickness': None, 'arbor': None, 'product_type': 'Metal Cut Off Disc', 'pack_quantity': None}, 'confidence': {'product_type': 0.7}, 'evidence': [{'attribute': 'product_type', 'raw_value': 'Metal Cut Off Disc', 'normalized_value': 'Metal Cut Off Disc', 'source': 'ai_extraction'}], 'status': 'accepted'}",1
49-94-0160,"49-94-0160 Milw 14""x7/64""x1"" Performance+ Metal Cut Off Disc",accepted,"{'mpn': '49-94-0160', 'manufacturer': 'Milwaukee Accessory (4031)', 'manufacturer_candidate': 'Milwaukee Accessory', 'brand_candidate': None, 'identity_query': '49-94-0160 Milwaukee Accessory', 'brands': [], 'description': '49-94-0160 Milw 14""x7/64""x1"" Performance+ Metal Cut Off Disc'}","{'brand': None, 'source': None, 'confidence': 0.0, 'candidates': []}","{'value': 'Milwaukee Accessory', 'score': 100.0, 'match': 'Milwaukee Accessory'}","{'raw': {'diameter': None, 'thickness': None, 'arbor': None, 'product_type': 'Metal Cut Off Disc', 'pack_quantity': None}, 'normalized': {'diameter': None, 'thickness': None, 'arbor': None, 'product_type': 'Metal Cut Off Disc', 'pack_quantity': None}, 'confidence': {'product_type': 0.7}, 'evidence': [{'attribute': 'product_type', 'raw_value': 'Metal Cut Off Disc', 'normalized_value': 'Metal Cut Off Disc', 'source': 'ai_extraction'}], 'status': 'accepted'}",1
49-94-0223,"49-94-0223 Milw 6""x.045""x7/8"" Ceramic+ Metal Cut Off Disc",accepted,"{'mpn': '49-94-0223', 'manufacturer': 'Milwaukee Accessory (4031)', 'manufacturer_candidate': 'Milwaukee Accessory', 'brand_candidate': None, 'identity_query': '49-94-0223 Milwaukee Accessory', 'brands': [], 'description': '49-94-0223 Milw 6""x.045""x7/8"" Ceramic+ Metal Cut Off Disc'}","{'brand': None, 'source': None, 'confidence': 0.0, 'candidates': []}","{'value': 'Milwaukee Accessory', 'score': 100.0, 'match': 'Milwaukee Accessory'}","{'raw': {'diameter': '6', 'thickness': '.045', 'arbor': '7', 'product_type': 'Metal Cut Off Disc', 'pack_quantity': None}, 'normalized': {'diameter': 6.0, 'thickness': 0.045, 'arbor': 7.0, 'product_type': 'Metal Cut Off Disc', 'pack_quantity': None}, 'confidence': {'diameter': 0.7, 'thickness': 0.7, 'arbor': 0.7, 'product_type': 0.7}, 'evidence': [{'attribute': 'diameter', 'raw_value': '6', 'normalized_value': 6.0, 'source': 'ai_extraction'}, {'attribute': 'thickness', 'raw_value': '.045', 'normalized_value': 0.045, 'source': 'ai_extraction'}, {'attribute': 'arbor', 'raw_value': '7', 'normalized_value': 7.0, 'source': 'ai_extraction'}, {'attribute': 'product_type', 'raw_value': 'Metal Cut Off Disc', 'normalized_value': 'Metal Cut Off Disc', 'source': 'ai_extraction'}], 'status': 'accepted'}",4
49-94-0445,"49-94-0445 Milw 10""x3/32""x5/8"" Performance+ Metal Cut Off Disc",accepted,"{'mpn': '49-94-0445', 'manufacturer': 'Milwaukee Accessory (4031)', 'manufacturer_candidate': 'Milwaukee Accessory', 'brand_candidate': None, 'identity_query': '49-94-0445 Milwaukee Accessory', 'brands': [], 'description': '49-94-0445 Milw 10""x3/32""x5/8"" Performance+ Metal Cut Off Disc'}","{'brand': None, 'source': None, 'confidence': 0.0, 'candidates': []}","{'value': 'Milwaukee Accessory', 'score': 100.0, 'match': 'Milwaukee Accessory'}","{'raw': {'diameter': None, 'thickness': None, 'arbor': None, 'product_type': 'Metal Cut Off Disc', 'pack_quantity': None}, 'normalized': {'diameter': None, 'thickness': None, 'arbor': None, 'product_type': 'Metal Cut Off Disc', 'pack_quantity': None}, 'confidence': {'product_type': 0.7}, 'evidence': [{'attribute': 'product_type', 'raw_value': 'Metal Cut Off Disc', 'normalized_value': 'Metal Cut Off Disc', 'source': 'ai_extraction'}], 'status': 'accepted'}",1
49-94-0803,"49-94-0803 Milw 4-1/2""x1/8""x7/8"" Dual Metal Cut and Grind Disc",accepted,"{'mpn': '49-94-0803', 'manufacturer': 'Milwaukee Accessory (4031)', 'manufacturer_candidate': 'Milwaukee Accessory', 'brand_candidate': None, 'identity_query': '49-94-0803 Milwaukee Accessory', 'brands': [], 'description': '49-94-0803 Milw 4-1/2""x1/8""x7/8"" Dual Metal Cut and Grind Disc'}","{'brand': None, 'source': None, 'confidence': 0.0, 'candidates': []}","{'value': 'Milwaukee Accessory', 'score': 100.0, 'match': 'Milwaukee Accessory'}","{'raw': {'diameter': None, 'thickness': None, 'arbor': None, 'product_type': None, 'pack_quantity': None}, 'normalized': {'diameter': None, 'thickness': None, 'arbor': None, 'product_type': None, 'pack_quantity': None}, 'confidence': {}, 'evidence': [], 'status': 'accepted'}",0
49-94-0903,"49-94-0903 Milw 4-1/2""x1/8""x7/8""Perform+Dual Metal Cut and Grind Disc",accepted,"{'mpn': '49-94-0903', 'manufacturer': 'Milwaukee Accessory (4031)', 'manufacturer_candidate': 'Milwaukee Accessory', 'brand_candidate': None, 'identity_query': '49-94-0903 Milwaukee Accessory', 'brands': [], 'description': '49-94-0903 Milw 4-1/2""x1/8""x7/8""Perform+Dual Metal Cut and Grind Disc'}","{'brand': None, 'source': None, 'confidence': 0.0, 'candidates': []}","{'value': 'Milwaukee Accessory', 'score': 100.0, 'match': 'Milwaukee Accessory'}","{'raw': {'diameter': None, 'thickness': None, 'arbor': None, 'product_type': None, 'pack_quantity': None}, 'normalized': {'diameter': None, 'thickness': None, 'arbor': None, 'product_type': None, 'pack_quantity': None}, 'confidence': {}, 'evidence': [], 'status': 'accepted'}",0
49-94-0907,"49-94-0907 Milw 4-1/2""x1/8""x5/8-11""Perform+Dual Metal Cut n Grind Disc",accepted,"{'mpn': '49-94-0907', 'manufacturer': 'Milwaukee Accessory (4031)', 'manufacturer_candidate': 'Milwaukee Accessory', 'brand_candidate': None, 'identity_query': '49-94-0907 Milwaukee Accessory', 'brands': [], 'description': '49-94-0907 Milw 4-1/2""x1/8""x5/8-11""Perform+Dual Metal Cut n Grind Disc'}","{'brand': None, 'source': None, 'confidence': 0.0, 'candidates': []}","{'value': 'Milwaukee Accessory', 'score': 100.0, 'match': 'Milwaukee Accessory'}","{'raw': {'diameter': None, 'thickness': None, 'arbor': None, 'product_type': None, 'pack_quantity': None}, 'normalized': {'diameter': None, 'thickness': None, 'arbor': None, 'product_type': None, 'pack_quantity': None}, 'confidence': {}, 'evidence': [], 'status': 'accepted'}",0
49-94-0923,"49-94-0923 Milw 6""x1/8""x7/8"" Perform+Dual Metal Cut and Grind Disc",accepted,"{'mpn': '49-94-0923', 'manufacturer': 'Milwaukee Accessory (4031)', 'manufacturer_candidate': 'Milwaukee Accessory', 'brand_candidate': None, 'identity_query': '49-94-0923 Milwaukee Accessory', 'brands': [], 'description': '49-94-0923 Milw 6""x1/8""x7/8"" Perform+Dual Metal Cut and Grind Disc'}","{'brand': None, 'source': None, 'confidence': 0.0, 'candidates': []}","{'value': 'Milwaukee Accessory', 'score': 100.0, 'match': 'Milwaukee Accessory'}","{'raw': {'diameter': None, 'thickness': None, 'arbor': None, 'product_type': None, 'pack_quantity': None}, 'normalized': {'diameter': None, 'thickness': None, 'arbor': None, 'product_type': None, 'pack_quantity': None}, 'confidence': {}, 'evidence': [], 'status': 'accepted'}",0
49-94-1900,"49-94-1900 Milw 4""x1/8""x5/8"" Masonry Cut Off Disc",accepted,"{'mpn': '49-94-1900', 'manufacturer': 'Milwaukee Accessory (4031)', 'manufacturer_candidate': 'Milwaukee Accessory', 'brand_candidate': None, 'identity_query': '49-94-1900 Milwaukee Accessory', 'brands': [], 'description': '49-94-1900 Milw 4""x1/8""x5/8"" Masonry Cut Off Disc'}","{'brand': None, 'source': None, 'confidence': 0.0, 'candidates': []}","{'value': 'Milwaukee Accessory', 'score': 100.0, 'match': 'Milwaukee Accessory'}","{'raw': {'diameter': None, 'thickness': None, 'arbor': None, 'product_type': 'Metal Cut Off Disc', 'pack_quantity': None}, 'normalized': {'diameter': None, 'thickness': None, 'arbor': None, 'product_type': 'Metal Cut Off Disc', 'pack_quantity': None}, 'confidence': {'product_type': 0.7}, 'evidence': [{'attribute': 'product_type', 'raw_value': 'Metal Cut Off Disc', 'normalized_value': 'Metal Cut Off Disc', 'source': 'ai_extraction'}], 'status': 'accepted'}",1
49-94-1905,"49-94-1905 Milw 4-1/2""x1/8""x7/8"" Masonry Cut Off Disc",accepted,"{'mpn': '49-94-1905', 'manufacturer': 'Milwaukee Accessory (4031)', 'manufacturer_candidate': 'Milwaukee Accessory', 'brand_candidate': None, 'identity_query': '49-94-1905 Milwaukee Accessory', 'brands': [], 'description': '49-94-1905 Milw 4-1/2""x1/8""x7/8"" Masonry Cut Off Disc'}","{'brand': None, 'source': None, 'confidence': 0.0, 'candidates': []}","{'value': 'Milwaukee Accessory', 'score': 100.0, 'match': 'Milwaukee Accessory'}","{'raw': {'diameter': None, 'thickness': None, 'arbor': None, 'product_type': 'Metal Cut Off Disc', 'pack_quantity': None}, 'normalized': {'diameter': None, 'thickness': None, 'arbor': None, 'product_type': 'Metal Cut Off Disc', 'pack_quantity': None}, 'confidence': {'product_type': 0.7}, 'evidence': [{'attribute': 'product_type', 'raw_value': 'Metal Cut Off Disc', 'normalized_value': 'Metal Cut Off Disc', 'source': 'ai_extraction'}], 'status': 'accepted'}",1
49-94-1915,"49-94-1915 Milw 6-1/2""x1/8""x5/8"" DKO Masonry Cut Off Disc",accepted,"{'mpn': '49-94-1915', 'manufacturer': 'Milwaukee Accessory (4031)', 'manufacturer_candidate': 'Milwaukee Accessory', 'brand_candidate': None, 'identity_query': '49-94-1915 Milwaukee Accessory', 'brands': [], 'description': '49-94-1915 Milw 6-1/2""x1/8""x5/8"" DKO Masonry Cut Off Disc'}","{'brand': None, 'source': None, 'confidence': 0.0, 'candidates': []}","{'value': 'Milwaukee Accessory', 'score': 100.0, 'match': 'Milwaukee Accessory'}","{'raw': {'diameter': None, 'thickness': None, 'arbor': None, 'product_type': 'Metal Cut Off Disc', 'pack_quantity': None}, 'normalized': {'diameter': None, 'thickness': None, 'arbor': None, 'product_type': 'Metal Cut Off Disc', 'pack_quantity': None}, 'confidence': {'product_type': 0.7}, 'evidence': [{'attribute': 'product_type', 'raw_value': 'Metal Cut Off Disc', 'normalized_value': 'Metal Cut Off Disc', 'source': 'ai_extraction'}], 'status': 'accepted'}",1
49-94-1920,"49-94-1920 Milw 7""x1/8""x5/8"" DKO Masonry Cut Off Disc",accepted,"{'mpn': '49-94-1920', 'manufacturer': 'Milwaukee Accessory (4031)', 'manufacturer_candidate': 'Milwaukee Accessory', 'brand_candidate': None, 'identity_query': '49-94-1920 Milwaukee Accessory', 'brands': [], 'description': '49-94-1920 Milw 7""x1/8""x5/8"" DKO Masonry Cut Off Disc'}","{'brand': None, 'source': None, 'confidence': 0.0, 'candidates': []}","{'value': 'Milwaukee Accessory', 'score': 100.0, 'match': 'Milwaukee Accessory'}","{'raw': {'diameter': None, 'thickness': None, 'arbor': None, 'product_type': 'Metal Cut Off Disc', 'pack_quantity': None}, 'normalized': {'diameter': None, 'thickness': None, 'arbor': None, 'product_type': 'Metal Cut Off Disc', 'pack_quantity': None}, 'confidence': {'product_type': 0.7}, 'evidence': [{'attribute': 'product_type', 'raw_value': 'Metal Cut Off Disc', 'normalized_value': 'Metal Cut Off Disc', 'source': 'ai_extraction'}], 'status': 'accepted'}",1
49-94-1925,"49-94-1925 Milw 10""x1/8""x5/8"" Masonry Cut Off Disc",accepted,"{'mpn': '49-94-1925', 'manufacturer': 'Milwaukee Accessory (4031)', 'manufacturer_candidate': 'Milwaukee Accessory', 'brand_candidate': None, 'identity_query': '49-94-1925 Milwaukee Accessory', 'brands': [], 'description': '49-94-1925 Milw 10""x1/8""x5/8"" Masonry Cut Off Disc'}","{'brand': None, 'source': None, 'confidence': 0.0, 'candidates': []}","{'value': 'Milwaukee Accessory', 'score': 100.0, 'match': 'Milwaukee Accessory'}","{'raw': {'diameter': None, 'thickness': None, 'arbor': None, 'product_type': 'Metal Cut Off Disc', 'pack_quantity': None}, 'normalized': {'diameter': None, 'thickness': None, 'arbor': None, 'product_type': 'Metal Cut Off Disc', 'pack_quantity': None}, 'confidence': {'product_type': 0.7}, 'evidence': [{'attribute': 'product_type', 'raw_value': 'Metal Cut Off Disc', 'normalized_value': 'Metal Cut Off Disc', 'source': 'ai_extraction'}], 'status': 'accepted'}",1
49-94-1935,"49-94-1935 Milw 12""x1/8""x1"" Masonry Cut Off Disc",accepted,"{'mpn': '49-94-1935', 'manufacturer': 'Milwaukee Accessory (4031)', 'manufacturer_candidate': 'Milwaukee Accessory', 'brand_candidate': None, 'identity_query': '49-94-1935 Milwaukee Accessory', 'brands': [], 'description': '49-94-1935 Milw 12""x1/8""x1"" Masonry Cut Off Disc'}","{'brand': None, 'source': None, 'confidence': 0.0, 'candidates': []}","{'value': 'Milwaukee Accessory', 'score': 100.0, 'match': 'Milwaukee Accessory'}","{'raw': {'diameter': None, 'thickness': None, 'arbor': None, 'product_type': 'Metal Cut Off Disc', 'pack_quantity': None}, 'normalized': {'diameter': None, 'thickness': None, 'arbor': None, 'product_type': 'Metal Cut Off Disc', 'pack_quantity': None}, 'confidence': {'product_type': 0.7}, 'evidence': [{'attribute': 'product_type', 'raw_value': 'Metal Cut Off Disc', 'normalized_value': 'Metal Cut Off Disc', 'source': 'ai_extraction'}], 'status': 'accepted'}",1
49-94-1940,"49-94-1940 Milw 14""x1/8""x1"" Masonry Cut Off Disc",accepted,"{'mpn': '49-94-1940', 'manufacturer': 'Milwaukee Accessory (4031)', 'manufacturer_candidate': 'Milwaukee Accessory', 'brand_candidate': None, 'identity_query': '49-94-1940 Milwaukee Accessory', 'brands': [], 'description': '49-94-1940 Milw 14""x1/8""x1"" Masonry Cut Off Disc'}","{'brand': None, 'source': None, 'confidence': 0.0, 'candidates': []}","{'value': 'Milwaukee Accessory', 'score': 100.0, 'match': 'Milwaukee Accessory'}","{'raw': {'diameter': None, 'thickness': None, 'arbor': None, 'product_type': 'Metal Cut Off Disc', 'pack_quantity': None}, 'normalized': {'diameter': None, 'thickness': None, 'arbor': None, 'product_type': 'Metal Cut Off Disc', 'pack_quantity': None}, 'confidence': {'product_type': 0.7}, 'evidence': [{'attribute': 'product_type', 'raw_value': 'Metal Cut Off Disc', 'normalized_value': 'Metal Cut Off Disc', 'source': 'ai_extraction'}], 'status': 'accepted'}",1
49-94-0501,"49-94-0501 Milw 4""x1/4""x5/8"" Metal Grinding Wheel",accepted,"{'mpn': '49-94-0501', 'manufacturer': 'Milwaukee Accessory (4031)', 'manufacturer_candidate': 'Milwaukee Accessory', 'brand_candidate': None, 'identity_query': '49-94-0501 Milwaukee Accessory', 'brands': [], 'description': '49-94-0501 Milw 4""x1/4""x5/8"" Metal Grinding Wheel'}","{'brand': None, 'source': None, 'confidence': 0.0, 'candidates': []}","{'value': 'Milwaukee Accessory', 'score': 100.0, 'match': 'Milwaukee Accessory'}","{'raw': {'diameter': None, 'thickness': None, 'arbor': None, 'product_type': None, 'pack_quantity': None}, 'normalized': {'diameter': None, 'thickness': None, 'arbor': None, 'product_type': None, 'pack_quantity': None}, 'confidence': {}, 'evidence': [], 'status': 'accepted'}",0
49-94-0503,"49-94-0503 Milw 4-1/2""x1/4""x7/8"" Metal Grinding Wheel",accepted,"{'mpn': '49-94-0503', 'manufacturer': 'Milwaukee Accessory (4031)', 'manufacturer_candidate': 'Milwaukee Accessory', 'brand_candidate': None, 'identity_query': '49-94-0503 Milwaukee Accessory', 'brands': [], 'description': '49-94-0503 Milw 4-1/2""x1/4""x7/8"" Metal Grinding Wheel'}","{'brand': None, 'source': None, 'confidence': 0.0, 'candidates': []}","{'value': 'Milwaukee Accessory', 'score': 100.0, 'match': 'Milwaukee Accessory'}","{'raw': {'diameter': None, 'thickness': None, 'arbor': None, 'product_type': None, 'pack_quantity': None}, 'normalized': {'diameter': None, 'thickness': None, 'arbor': None, 'product_type': None, 'pack_quantity': None}, 'confidence': {}, 'evidence': [], 'status': 'accepted'}",0
49-94-0523,"49-94-0523 Milw 6""x1/4""x7/8"" Metal Grinding Wheel",accepted,"{'mpn': '49-94-0523', 'manufacturer': 'Milwaukee Accessory (4031)', 'manufacturer_candidate': 'Milwaukee Accessory', 'brand_candidate': None, 'identity_query': '49-94-0523 Milwaukee Accessory', 'brands': [], 'description': '49-94-0523 Milw 6""x1/4""x7/8"" Metal Grinding Wheel'}","{'brand': None, 'source': None, 'confidence': 0.0, 'candidates': []}","{'value': 'Milwaukee Accessory', 'score': 100.0, 'match': 'Milwaukee Accessory'}","{'raw': {'diameter': None, 'thickness': None, 'arbor': None, 'product_type': None, 'pack_quantity': None}, 'normalized': {'diameter': None, 'thickness': None, 'arbor': None, 'product_type': None, 'pack_quantity': None}, 'confidence': {}, 'evidence': [], 'status': 'accepted'}",0
49-94-1955,"49-94-1955 Milw 4-1/2""x1/4""x7/8"" Masonry Grinding Wheel",accepted,"{'mpn': '49-94-1955', 'manufacturer': 'Milwaukee Accessory (4031)', 'manufacturer_candidate': 'Milwaukee Accessory', 'brand_candidate': None, 'identity_query': '49-94-1955 Milwaukee Accessory', 'brands': [], 'description': '49-94-1955 Milw 4-1/2""x1/4""x7/8"" Masonry Grinding Wheel'}","{'brand': None, 'source': None, 'confidence': 0.0, 'candidates': []}","{'value': 'Milwaukee Accessory', 'score': 100.0, 'match': 'Milwaukee Accessory'}","{'raw': {'diameter': None, 'thickness': None, 'arbor': None, 'product_type': None, 'pack_quantity': None}, 'normalized': {'diameter': None, 'thickness': None, 'arbor': None, 'product_type': None, 'pack_quantity': None}, 'confidence': {}, 'evidence': [], 'status': 'accepted'}",0
49-94-1965,"49-94-1965 Milw 7""x1/4""x7/8"" Masonry Grinding Wheel",accepted,"{'mpn': '49-94-1965', 'manufacturer': 'Milwaukee Accessory (4031)', 'manufacturer_candidate': 'Milwaukee Accessory', 'brand_candidate': None, 'identity_query': '49-94-1965 Milwaukee Accessory', 'brands': [], 'description': '49-94-1965 Milw 7""x1/4""x7/8"" Masonry Grinding Wheel'}","{'brand': None, 'source': None, 'confidence': 0.0, 'candidates': []}","{'value': 'Milwaukee Accessory', 'score': 100.0, 'match': 'Milwaukee Accessory'}","{'raw': {'diameter': None, 'thickness': None, 'arbor': None, 'product_type': None, 'pack_quantity': None}, 'normalized': {'diameter': None, 'thickness': None, 'arbor': None, 'product_type': None, 'pack_quantity': None}, 'confidence': {}, 'evidence': [], 'status': 'accepted'}",0
49-94-0513,"49-94-0513 Milw 5""x1/4""x7/8"" Metal Grinding Wheel",accepted,"{'mpn': '49-94-0513', 'manufacturer': 'Milwaukee Accessory (4031)', 'manufacturer_candidate': 'Milwaukee Accessory', 'brand_candidate': None, 'identity_query': '49-94-0513 Milwaukee Accessory', 'brands': [], 'description': '49-94-0513 Milw 5""x1/4""x7/8"" Metal Grinding Wheel'}","{'brand': None, 'source': None, 'confidence': 0.0, 'candidates': []}","{'value': 'Milwaukee Accessory', 'score': 100.0, 'match': 'Milwaukee Accessory'}","{'raw': {'diameter': None, 'thickness': None, 'arbor': None, 'product_type': None, 'pack_quantity': None}, 'normalized': {'diameter': None, 'thickness': None, 'arbor': None, 'product_type': None, 'pack_quantity': None}, 'confidence': {}, 'evidence': [], 'status': 'accepted'}",0
49-94-0533,"49-94-0533 Milw 7""x1/4""x7/8"" Metal Grinding Wheel",accepted,"{'mpn': '49-94-0533', 'manufacturer': 'Milwaukee Accessory (4031)', 'manufacturer_candidate': 'Milwaukee Accessory', 'brand_candidate': None, 'identity_query': '49-94-0533 Milwaukee Accessory', 'brands': [], 'description': '49-94-0533 Milw 7""x1/4""x7/8"" Metal Grinding Wheel'}","{'brand': None, 'source': None, 'confidence': 0.0, 'candidates': []}","{'value': 'Milwaukee Accessory', 'score': 100.0, 'match': 'Milwaukee Accessory'}","{'raw': {'diameter': None, 'thickness': None, 'arbor': None, 'product_type': None, 'pack_quantity': None}, 'normalized': {'diameter': None, 'thickness': None, 'arbor': None, 'product_type': None, 'pack_quantity': None}, 'confidence': {}, 'evidence': [], 'status': 'accepted'}",0
DFBLBLOMFN01G,DFBLBLOMFN01G Diablo 220 Grit - Flat Edge Sanding Sponge,accepted,"{'mpn': 'DFBLBLOMFN01G', 'manufacturer': 'Freud Inc (2435)', 'manufacturer_candidate': 'Freud Inc', 'brand_candidate': None, 'identity_query': 'DFBLBLOMFN01G Freud Inc', 'brands': [], 'description': 'DFBLBLOMFN01G Diablo 220 Grit - Flat Edge Sanding Sponge'}","{'brand': 'Diablo', 'source': 'description', 'confidence': 0.85, 'candidates': ['Diablo']}","{'value': 'Freud Inc', 'score': 100.0, 'match': 'Freud Inc'}","{'raw': {'diameter': None, 'thickness': None, 'arbor': None, 'product_type': None, 'pack_quantity': None}, 'normalized': {'diameter': None, 'thickness': None, 'arbor': None, 'product_type': None, 'pack_quantity': None}, 'confidence': {}, 'evidence': [], 'status': 'accepted'}",0
1700-1PK-BB40,3/4x60' Vinyl Elect Tape,accepted,"{'mpn': '1700-1PK-BB40', 'manufacturer': '3 M Co (5293)', 'manufacturer_candidate': '3 M Co', 'brand_candidate': '3M', 'identity_query': '1700-1PK-BB40 3 M Co 3M', 'brands': ['3M'], 'description': ""3/4x60' Vinyl Elect Tape""}","{'brand': '3M', 'source': 'structured_field', 'confidence': 0.99, 'candidates': ['3M']}","{'value': '3 M Co', 'score': 100.0, 'match': '3 M Co'}","{'raw': {'diameter': None, 'thickness': None, 'arbor': None, 'product_type': None, 'pack_quantity': None}, 'normalized': {'diameter': None, 'thickness': None, 'arbor': None, 'product_type': None, 'pack_quantity': None}, 'confidence': {}, 'evidence': [], 'status': 'accepted'}",0
ASH-40-40-04,1.5x1.5x13' Legacy Emseal Tape,accepted,"{'mpn': 'ASH-40-40-04', 'manufacturer': 'Emseal Joint Systems Ltd (EMSJO)', 'manufacturer_candidate': 'Emseal Joint Systems Ltd', 'brand_candidate': None, 'identity_query': 'ASH-40-40-04 Emseal Joint Systems Ltd', 'brands': [], 'description': ""1.5x1.5x13' Legacy Emseal Tape""}","{'brand': None, 'source': None, 'confidence': 0.0, 'candidates': []}","{'value': 'Emseal Joint Systems Ltd', 'score': 100.0, 'match': 'Emseal Joint Systems Ltd'}","{'raw': {'diameter': None, 'thickness': None, 'arbor': None, 'product_type': None, 'pack_quantity': None}, 'normalized': {'diameter': None, 'thickness': None, 'arbor': None, 'product_type': None, 'pack_quantity': None}, 'confidence': {}, 'evidence': [], 'status': 'accepted'}",0
KDFM404KPS,KDFM404KPS Dishwasher SS,accepted,"{'mpn': 'KDFM404KPS', 'manufacturer': 'Appliance Dealers Cooperative (APPDE)', 'manufacturer_candidate': 'Appliance Dealers Cooperative', 'brand_candidate': None, 'identity_query': 'KDFM404KPS Appliance Dealers Cooperative', 'brands': [], 'description': 'KDFM404KPS Dishwasher SS'}","{'brand': None, 'source': None, 'confidence': 0.0, 'candidates': []}","{'value': 'Appliance Dealers Cooperative', 'score': 100.0, 'match': 'Appliance Dealers Cooperative'}","{'raw': {'diameter': None, 'thickness': None, 'arbor': None, 'product_type': None, 'pack_quantity': None}, 'normalized': {'diameter': None, 'thickness': None, 'arbor': None, 'product_type': None, 'pack_quantity': None}, 'confidence': {}, 'evidence': [], 'status': 'accepted'}",0
PDSH4816AF,PDSH4816AF Dishwasher SS - Display Only,accepted,"{'mpn': 'PDSH4816AF', 'manufacturer': 'Appliance Dealers Cooperative (APPDE)', 'manufacturer_candidate': 'Appliance Dealers Cooperative', 'brand_candidate': None, 'identity_query': 'PDSH4816AF Appliance Dealers Cooperative', 'brands': [], 'description': 'PDSH4816AF Dishwasher SS - Display Only'}","{'brand': None, 'source': None, 'confidence': 0.0, 'candidates': []}","{'value': 'Appliance Dealers Cooperative', 'score': 100.0, 'match': 'Appliance Dealers Cooperative'}","{'raw': {'diameter': None, 'thickness': None, 'arbor': None, 'product_type': None, 'pack_quantity': None}, 'normalized': {'diameter': None, 'thickness': None, 'arbor': None, 'product_type': None, 'pack_quantity': None}, 'confidence': {}, 'evidence': [], 'status': 'accepted'}",0
PDT715SYVFS,PDT715SYVFS Ge Dishwasher SS,accepted,"{'mpn': 'PDT715SYVFS', 'manufacturer': 'Appliance Dealers Cooperative (APPDE)', 'manufacturer_candidate': 'Appliance Dealers Cooperative', 'brand_candidate': None, 'identity_query': 'PDT715SYVFS Appliance Dealers Cooperative', 'brands': [], 'description': 'PDT715SYVFS Ge Dishwasher SS'}","{'brand': None, 'source': None, 'confidence': 0.0, 'candidates': []}","{'value': 'Appliance Dealers Cooperative', 'score': 100.0, 'match': 'Appliance Dealers Cooperative'}","{'raw': {'diameter': None, 'thickness': None, 'arbor': None, 'product_type': None, 'pack_quantity': None}, 'normalized': {'diameter': None, 'thickness': None, 'arbor': None, 'product_type': None, 'pack_quantity': None}, 'confidence': {}, 'evidence': [], 'status': 'accepted'}",0
LDPH5554D,LDPH5554D LG Dishwasher BSS,accepted,"{'mpn': 'LDPH5554D', 'manufacturer': 'Appliance Dealers Cooperative (APPDE)', 'manufacturer_candidate': 'Appliance Dealers Cooperative', 'brand_candidate': None, 'identity_query': 'LDPH5554D Appliance Dealers Cooperative', 'brands': [], 'description': 'LDPH5554D LG Dishwasher BSS'}","{'brand': None, 'source': None, 'confidence': 0.0, 'candidates': []}","{'value': 'Appliance Dealers Cooperative', 'score': 100.0, 'match': 'Appliance Dealers Cooperative'}","{'raw': {'diameter': None, 'thickness': None, 'arbor': None, 'product_type': None, 'pack_quantity': None}, 'normalized': {'diameter': None, 'thickness': None, 'arbor': None, 'product_type': None, 'pack_quantity': None}, 'confidence': {}, 'evidence': [], 'status': 'accepted'}",0
WDTS7024RZ,WDTS7024RZ Dishwasher SS - Display Only,accepted,"{'mpn': 'WDTS7024RZ', 'manufacturer': 'Appliance Dealers Cooperative (APPDE)', 'manufacturer_candidate': 'Appliance Dealers Cooperative', 'brand_candidate': None, 'identity_query': 'WDTS7024RZ Appliance Dealers Cooperative', 'brands': [], 'description': 'WDTS7024RZ Dishwasher SS - Display Only'}","{'brand': None, 'source': None, 'confidence': 0.0, 'candidates': []}","{'value': 'Appliance Dealers Cooperative', 'score': 100.0, 'match': 'Appliance Dealers Cooperative'}","{'raw': {'diameter': None, 'thickness': None, 'arbor': None, 'product_type': None, 'pack_quantity': None}, 'normalized': {'diameter': None, 'thickness': None, 'arbor': None, 'product_type': None, 'pack_quantity': None}, 'confidence': {}, 'evidence': [], 'status': 'accepted'}",0
PDD415PYYFS,PDD415PYYFS GE Dishwasher SS,accepted,"{'mpn': 'PDD415PYYFS', 'manufacturer': 'Appliance Dealers Cooperative (APPDE)', 'manufacturer_candidate': 'Appliance Dealers Cooperative', 'brand_candidate': None, 'identity_query': 'PDD415PYYFS Appliance Dealers Cooperative', 'brands': [], 'description': 'PDD415PYYFS GE Dishwasher SS'}","{'brand': None, 'source': None, 'confidence': 0.0, 'candidates': []}","{'value': 'Appliance Dealers Cooperative', 'score': 100.0, 'match': 'Appliance Dealers Cooperative'}","{'raw': {'diameter': None, 'thickness': None, 'arbor': None, 'product_type': None, 'pack_quantity': None}, 'normalized': {'diameter': None, 'thickness': None, 'arbor': None, 'product_type': None, 'pack_quantity': None}, 'confidence': {}, 'evidence': [], 'status': 'accepted'}",0
KDTS424SBE,KDTS424SBE Kitchen Aid Dishwasher Bk,accepted,"{'mpn': 'KDTS424SBE', 'manufacturer': 'Appliance Dealers Cooperative (APPDE)', 'manufacturer_candidate': 'Appliance Dealers Cooperative', 'brand_candidate': None, 'identity_query': 'KDTS424SBE Appliance Dealers Cooperative', 'brands': [], 'description': 'KDTS424SBE Kitchen Aid Dishwasher Bk'}","{'brand': None, 'source': None, 'confidence': 0.0, 'candidates': []}","{'value': 'Appliance Dealers Cooperative', 'score': 100.0, 'match': 'Appliance Dealers Cooperative'}","{'raw': {'diameter': None, 'thickness': None, 'arbor': None, 'product_type': None, 'pack_quantity': None}, 'normalized': {'diameter': None, 'thickness': None, 'arbor': None, 'product_type': None, 'pack_quantity': None}, 'confidence': {}, 'evidence': [], 'status': 'accepted'}",0
KDTS324SPS,KDTS324SPS Kitchen Aid Dishwasher SS,accepted,"{'mpn': 'KDTS324SPS', 'manufacturer': 'Appliance Dealers Cooperative (APPDE)', 'manufacturer_candidate': 'Appliance Dealers Cooperative', 'brand_candidate': None, 'identity_query': 'KDTS324SPS Appliance Dealers Cooperative', 'brands': [], 'description': 'KDTS324SPS Kitchen Aid Dishwasher SS'}","{'brand': None, 'source': None, 'confidence': 0.0, 'candidates': []}","{'value': 'Appliance Dealers Cooperative', 'score': 100.0, 'match': 'Appliance Dealers Cooperative'}","{'raw': {'diameter': None, 'thickness': None, 'arbor': None, 'product_type': None, 'pack_quantity': None}, 'normalized': {'diameter': None, 'thickness': None, 'arbor': None, 'product_type': None, 'pack_quantity': None}, 'confidence': {}, 'evidence': [], 'status': 'accepted'}",0
KDPS624SJP,KDPS624SJP Dishwasher Juniper - Display Only,accepted,"{'mpn': 'KDPS624SJP', 'manufacturer': 'Appliance Dealers Cooperative (APPDE)', 'manufacturer_candidate': 'Appliance Dealers Cooperative', 'brand_candidate': None, 'identity_query': 'KDPS624SJP Appliance Dealers Cooperative', 'brands': [], 'description': 'KDPS624SJP Dishwasher Juniper - Display Only'}","{'brand': None, 'source': None, 'confidence': 0.0, 'candidates': []}","{'value': 'Appliance Dealers Cooperative', 'score': 100.0, 'match': 'Appliance Dealers Cooperative'}","{'raw': {'diameter': None, 'thickness': None, 'arbor': None, 'product_type': None, 'pack_quantity': None}, 'normalized': {'diameter': None, 'thickness': None, 'arbor': None, 'product_type': None, 'pack_quantity': None}, 'confidence': {}, 'evidence': [], 'status': 'accepted'}",0
KDTS624SBE,KDTS624SBE Dishwasher BO Display Only,accepted,"{'mpn': 'KDTS624SBE', 'manufacturer': 'Appliance Dealers Cooperative (APPDE)', 'manufacturer_candidate': 'Appliance Dealers Cooperative', 'brand_candidate': None, 'identity_query': 'KDTS624SBE Appliance Dealers Cooperative', 'brands': [], 'description': 'KDTS624SBE Dishwasher BO Display Only'}","{'brand': None, 'source': None, 'confidence': 0.0, 'candidates': []}","{'value': 'Appliance Dealers Cooperative', 'score': 100.0, 'match': 'Appliance Dealers Cooperative'}","{'raw': {'diameter': None, 'thickness': None, 'arbor': None, 'product_type': None, 'pack_quantity': None}, 'normalized': {'diameter': None, 'thickness': None, 'arbor': None, 'product_type': None, 'pack_quantity': None}, 'confidence': {}, 'evidence': [], 'status': 'accepted'}",0
D519127,D519127 Heater Kit,accepted,"{'mpn': 'D519127', 'manufacturer': 'V & V Appliance Parts Inc (VVAPP)', 'manufacturer_candidate': 'V & V Appliance Parts Inc', 'brand_candidate': None, 'identity_query': 'D519127 V & V Appliance Parts Inc', 'brands': [], 'description': 'D519127 Heater Kit'}","{'brand': None, 'source': None, 'confidence': 0.0, 'candidates': []}","{'value': 'V & V Appliance Parts Inc', 'score': 100.0, 'match': 'V & V Appliance Parts Inc'}","{'raw': {'diameter': None, 'thickness': None, 'arbor': None, 'product_type': None, 'pack_quantity': None}, 'normalized': {'diameter': None, 'thickness': None, 'arbor': None, 'product_type': None, 'pack_quantity': None}, 'confidence': {}, 'evidence': [], 'status': 'accepted'}",0
DF7004WE,DF7004WE Speed Queen Elect Dryer Wh,accepted,"{'mpn': 'DF7004WE', 'manufacturer': 'Appliance Dealers Cooperative (APPDE)', 'manufacturer_candidate': 'Appliance Dealers Cooperative', 'brand_candidate': None, 'identity_query': 'DF7004WE Appliance Dealers Cooperative', 'brands': [], 'description': 'DF7004WE Speed Queen Elect Dryer Wh'}","{'brand': None, 'source': None, 'confidence': 0.0, 'candidates': []}","{'value': 'Appliance Dealers Cooperative', 'score': 100.0, 'match': 'Appliance Dealers Cooperative'}","{'raw': {'diameter': None, 'thickness': None, 'arbor': None, 'product_type': None, 'pack_quantity': None}, 'normalized': {'diameter': None, 'thickness': None, 'arbor': None, 'product_type': None, 'pack_quantity': None}, 'confidence': {}, 'evidence': [], 'status': 'accepted'}",0
DR7004BE,DR7004BE SQ Elect Dryer Bk,accepted,"{'mpn': 'DR7004BE', 'manufacturer': 'Appliance Dealers Cooperative (APPDE)', 'manufacturer_candidate': 'Appliance Dealers Cooperative', 'brand_candidate': None, 'identity_query': 'DR7004BE Appliance Dealers Cooperative', 'brands': [], 'description': 'DR7004BE SQ Elect Dryer Bk'}","{'brand': None, 'source': None, 'confidence': 0.0, 'candidates': []}","{'value': 'Appliance Dealers Cooperative', 'score': 100.0, 'match': 'Appliance Dealers Cooperative'}","{'raw': {'diameter': None, 'thickness': None, 'arbor': None, 'product_type': None, 'pack_quantity': None}, 'normalized': {'diameter': None, 'thickness': None, 'arbor': None, 'product_type': None, 'pack_quantity': None}, 'confidence': {}, 'evidence': [], 'status': 'accepted'}",0
DV2000WE,DV2000WE SQ Elect Dryer Wh,accepted,"{'mpn': 'DV2000WE', 'manufacturer': 'Appliance Dealers Cooperative (APPDE)', 'manufacturer_candidate': 'Appliance Dealers Cooperative', 'brand_candidate': None, 'identity_query': 'DV2000WE Appliance Dealers Cooperative', 'brands': [], 'description': 'DV2000WE SQ Elect Dryer Wh'}","{'brand': None, 'source': None, 'confidence': 0.0, 'candidates': []}","{'value': 'Appliance Dealers Cooperative', 'score': 100.0, 'match': 'Appliance Dealers Cooperative'}","{'raw': {'diameter': None, 'thickness': None, 'arbor': None, 'product_type': None, 'pack_quantity': None}, 'normalized': {'diameter': None, 'thickness': None, 'arbor': None, 'product_type': None, 'pack_quantity': None}, 'confidence': {}, 'evidence': [], 'status': 'accepted'}",0
DC5004WE,DC5004WE SQ Elect Dryer Wh,accepted,"{'mpn': 'DC5004WE', 'manufacturer': 'Appliance Dealers Cooperative (APPDE)', 'manufacturer_candidate': 'Appliance Dealers Cooperative', 'brand_candidate': None, 'identity_query': 'DC5004WE Appliance Dealers Cooperative', 'brands': [], 'description': 'DC5004WE SQ Elect Dryer Wh'}","{'brand': None, 'source': None, 'confidence': 0.0, 'candidates': []}","{'value': 'Appliance Dealers Cooperative', 'score': 100.0, 'match': 'Appliance Dealers Cooperative'}","{'raw': {'diameter': None, 'thickness': None, 'arbor': None, 'product_type': None, 'pack_quantity': None}, 'normalized': {'diameter': None, 'thickness': None, 'arbor': None, 'product_type': None, 'pack_quantity': None}, 'confidence': {}, 'evidence': [], 'status': 'accepted'}",0
DC5004BE,DC5004BE SQ Elect Dryer Bk,accepted,"{'mpn': 'DC5004BE', 'manufacturer': 'Appliance Dealers Cooperative (APPDE)', 'manufacturer_candidate': 'Appliance Dealers Cooperative', 'brand_candidate': None, 'identity_query': 'DC5004BE Appliance Dealers Cooperative', 'brands': [], 'description': 'DC5004BE SQ Elect Dryer Bk'}","{'brand': None, 'source': None, 'confidence': 0.0, 'candidates': []}","{'value': 'Appliance Dealers Cooperative', 'score': 100.0, 'match': 'Appliance Dealers Cooperative'}","{'raw': {'diameter': None, 'thickness': None, 'arbor': None, 'product_type': None, 'pack_quantity': None}, 'normalized': {'diameter': None, 'thickness': None, 'arbor': None, 'product_type': None, 'pack_quantity': None}, 'confidence': {}, 'evidence': [], 'status': 'accepted'}",0
WKE100HWA,WKE100HWA LG Laundry Center Wh - Display,accepted,"{'mpn': 'WKE100HWA', 'manufacturer': 'Appliance Dealers Cooperative (APPDE)', 'manufacturer_candidate': 'Appliance Dealers Cooperative', 'brand_candidate': None, 'identity_query': 'WKE100HWA Appliance Dealers Cooperative', 'brands': [], 'description': 'WKE100HWA LG Laundry Center Wh - Display'}","{'brand': None, 'source': None, 'confidence': 0.0, 'candidates': []}","{'value': 'Appliance Dealers Cooperative', 'score': 100.0, 'match': 'Appliance Dealers Cooperative'}","{'raw': {'diameter': None, 'thickness': None, 'arbor': None, 'product_type': None, 'pack_quantity': None}, 'normalized': {'diameter': None, 'thickness': None, 'arbor': None, 'product_type': None, 'pack_quantity': None}, 'confidence': {}, 'evidence': [], 'status': 'accepted'}",0
FF7011WN,FF7011WN Speed Queen Washer Wh,accepted,"{'mpn': 'FF7011WN', 'manufacturer': 'Appliance Dealers Cooperative (APPDE)', 'manufacturer_candidate': 'Appliance Dealers Cooperative', 'brand_candidate': None, 'identity_query': 'FF7011WN Appliance Dealers Cooperative', 'brands': [], 'description': 'FF7011WN Speed Queen Washer Wh'}","{'brand': None, 'source': None, 'confidence': 0.0, 'candidates': []}","{'value': 'Appliance Dealers Cooperative', 'score': 100.0, 'match': 'Appliance Dealers Cooperative'}","{'raw': {'diameter': None, 'thickness': None, 'arbor': None, 'product_type': None, 'pack_quantity': None}, 'normalized': {'diameter': None, 'thickness': None, 'arbor': None, 'product_type': None, 'pack_quantity': None}, 'confidence': {}, 'evidence': [], 'status': 'accepted'}",0
PTD70GBPTDG,PTD70GBPTDG GE Gas Dryer DG,accepted,"{'mpn': 'PTD70GBPTDG', 'manufacturer': 'Appliance Dealers Cooperative (APPDE)', 'manufacturer_candidate': 'Appliance Dealers Cooperative', 'brand_candidate': None, 'identity_query': 'PTD70GBPTDG Appliance Dealers Cooperative', 'brands': [], 'description': 'PTD70GBPTDG GE Gas Dryer DG'}","{'brand': None, 'source': None, 'confidence': 0.0, 'candidates': []}","{'value': 'Appliance Dealers Cooperative', 'score': 100.0, 'match': 'Appliance Dealers Cooperative'}","{'raw': {'diameter': None, 'thickness': None, 'arbor': None, 'product_type': None, 'pack_quantity': None}, 'normalized': {'diameter': None, 'thickness': None, 'arbor': None, 'product_type': None, 'pack_quantity': None}, 'confidence': {}, 'evidence': [], 'status': 'accepted'}",0
PTD70GBSTWS,PTD70GBSTWS GE Gas Dryer Wh,accepted,"{'mpn': 'PTD70GBSTWS', 'manufacturer': 'Appliance Dealers Cooperative (APPDE)', 'manufacturer_candidate': 'Appliance Dealers Cooperative', 'brand_candidate': None, 'identity_query': 'PTD70GBSTWS Appliance Dealers Cooperative', 'brands': [], 'description': 'PTD70GBSTWS GE Gas Dryer Wh'}","{'brand': None, 'source': None, 'confidence': 0.0, 'candidates': []}","{'value': 'Appliance Dealers Cooperative', 'score': 100.0, 'match': 'Appliance Dealers Cooperative'}","{'raw': {'diameter': None, 'thickness': None, 'arbor': None, 'product_type': None, 'pack_quantity': None}, 'normalized': {'diameter': None, 'thickness': None, 'arbor': None, 'product_type': None, 'pack_quantity': None}, 'confidence': {}, 'evidence': [], 'status': 'accepted'}",0
DR5004WG,DR5004WG SQ Gas Dryer Wh,accepted,"{'mpn': 'DR5004WG', 'manufacturer': 'Appliance Dealers Cooperative (APPDE)', 'manufacturer_candidate': 'Appliance Dealers Cooperative', 'brand_candidate': None, 'identity_query': 'DR5004WG Appliance Dealers Cooperative', 'brands': [], 'description': 'DR5004WG SQ Gas Dryer Wh'}","{'brand': None, 'source': None, 'confidence': 0.0, 'candidates': []}","{'value': 'Appliance Dealers Cooperative', 'score': 100.0, 'match': 'Appliance Dealers Cooperative'}","{'raw': {'diameter': None, 'thickness': None, 'arbor': None, 'product_type': None, 'pack_quantity': None}, 'normalized': {'diameter': None, 'thickness': None, 'arbor': None, 'product_type': None, 'pack_quantity': None}, 'confidence': {}, 'evidence': [], 'status': 'accepted'}",0
DR7004BG,DR7004BG SQ Gas Dryer Bk,accepted,"{'mpn': 'DR7004BG', 'manufacturer': 'Appliance Dealers Cooperative (APPDE)', 'manufacturer_candidate': 'Appliance Dealers Cooperative', 'brand_candidate': None, 'identity_query': 'DR7004BG Appliance Dealers Cooperative', 'brands': [], 'description': 'DR7004BG SQ Gas Dryer Bk'}","{'brand': None, 'source': None, 'confidence': 0.0, 'candidates': []}","{'value': 'Appliance Dealers Cooperative', 'score': 100.0, 'match': 'Appliance Dealers Cooperative'}","{'raw': {'diameter': None, 'thickness': None, 'arbor': None, 'product_type': None, 'pack_quantity': None}, 'normalized': {'diameter': None, 'thickness': None, 'arbor': None, 'product_type': None, 'pack_quantity': None}, 'confidence': {}, 'evidence': [], 'status': 'accepted'}",0
DR7004WG,DR7004WG SQ Gas Dryer Wh,accepted,"{'mpn': 'DR7004WG', 'manufacturer': 'Appliance Dealers Cooperative (APPDE)', 'manufacturer_candidate': 'Appliance Dealers Cooperative', 'brand_candidate': None, 'identity_query': 'DR7004WG Appliance Dealers Cooperative', 'brands': [], 'description': 'DR7004WG SQ Gas Dryer Wh'}","{'brand': None, 'source': None, 'confidence': 0.0, 'candidates': []}","{'value': 'Appliance Dealers Cooperative', 'score': 100.0, 'match': 'Appliance Dealers Cooperative'}","{'raw': {'diameter': None, 'thickness': None, 'arbor': None, 'product_type': None, 'pack_quantity': None}, 'normalized': {'diameter': None, 'thickness': None, 'arbor': None, 'product_type': None, 'pack_quantity': None}, 'confidence': {}, 'evidence': [], 'status': 'accepted'}",0
DV2000WG,DV2000WG SQ Gas Dryer Wh,accepted,"{'mpn': 'DV2000WG', 'manufacturer': 'Appliance Dealers Cooperative (APPDE)', 'manufacturer_candidate': 'Appliance Dealers Cooperative', 'brand_candidate': None, 'identity_query': 'DV2000WG Appliance Dealers Cooperative', 'brands': [], 'description': 'DV2000WG SQ Gas Dryer Wh'}","{'brand': None, 'source': None, 'confidence': 0.0, 'candidates': []}","{'value': 'Appliance Dealers Cooperative', 'score': 100.0, 'match': 'Appliance Dealers Cooperative'}","{'raw': {'diameter': None, 'thickness': None, 'arbor': None, 'product_type': None, 'pack_quantity': None}, 'normalized': {'diameter': None, 'thickness': None, 'arbor': None, 'product_type': None, 'pack_quantity': None}, 'confidence': {}, 'evidence': [], 'status': 'accepted'}",0
DC5004WG,DC5004WG SQ Gas Dryer Wh,accepted,"{'mpn': 'DC5004WG', 'manufacturer': 'Appliance Dealers Cooperative (APPDE)', 'manufacturer_candidate': 'Appliance Dealers Cooperative', 'brand_candidate': None, 'identity_query': 'DC5004WG Appliance Dealers Cooperative', 'brands': [], 'description': 'DC5004WG SQ Gas Dryer Wh'}","{'brand': None, 'source': None, 'confidence': 0.0, 'candidates': []}","{'value': 'Appliance Dealers Cooperative', 'score': 100.0, 'match': 'Appliance Dealers Cooperative'}","{'raw': {'diameter': None, 'thickness': None, 'arbor': None, 'product_type': None, 'pack_quantity': None}, 'normalized': {'diameter': None, 'thickness': None, 'arbor': None, 'product_type': None, 'pack_quantity': None}, 'confidence': {}, 'evidence': [], 'status': 'accepted'}",0
DC5004BG,DC5004BG SQ Gas Dryer Bk,accepted,"{'mpn': 'DC5004BG', 'manufacturer': 'Appliance Dealers Cooperative (APPDE)', 'manufacturer_candidate': 'Appliance Dealers Cooperative', 'brand_candidate': None, 'identity_query': 'DC5004BG Appliance Dealers Cooperative', 'brands': [], 'description': 'DC5004BG SQ Gas Dryer Bk'}","{'brand': None, 'source': None, 'confidence': 0.0, 'candidates': []}","{'value': 'Appliance Dealers Cooperative', 'score': 100.0, 'match': 'Appliance Dealers Cooperative'}","{'raw': {'diameter': None, 'thickness': None, 'arbor': None, 'product_type': None, 'pack_quantity': None}, 'normalized': {'diameter': None, 'thickness': None, 'arbor': None, 'product_type': None, 'pack_quantity': None}, 'confidence': {}, 'evidence': [], 'status': 'accepted'}",0
PTW705BSTWS,PTW705BSTWS GE Washer Wh,accepted,"{'mpn': 'PTW705BSTWS', 'manufacturer': 'Appliance Dealers Cooperative (APPDE)', 'manufacturer_candidate': 'Appliance Dealers Cooperative', 'brand_candidate': None, 'identity_query': 'PTW705BSTWS Appliance Dealers Cooperative', 'brands': [], 'description': 'PTW705BSTWS GE Washer Wh'}","{'brand': None, 'source': None, 'confidence': 0.0, 'candidates': []}","{'value': 'Appliance Dealers Cooperative', 'score': 100.0, 'match': 'Appliance Dealers Cooperative'}","{'raw': {'diameter': None, 'thickness': None, 'arbor': None, 'product_type': None, 'pack_quantity': None}, 'normalized': {'diameter': None, 'thickness': None, 'arbor': None, 'product_type': None, 'pack_quantity': None}, 'confidence': {}, 'evidence': [], 'status': 'accepted'}",0
MVWP586GW,MVWP586GW Washer Wh - Display,accepted,"{'mpn': 'MVWP586GW', 'manufacturer': 'Appliance Dealers Cooperative (APPDE)', 'manufacturer_candidate': 'Appliance Dealers Cooperative', 'brand_candidate': None, 'identity_query': 'MVWP586GW Appliance Dealers Cooperative', 'brands': [], 'description': 'MVWP586GW Washer Wh - Display'}","{'brand': None, 'source': None, 'confidence': 0.0, 'candidates': []}","{'value': 'Appliance Dealers Cooperative', 'score': 100.0, 'match': 'Appliance Dealers Cooperative'}","{'raw': {'diameter': None, 'thickness': None, 'arbor': None, 'product_type': None, 'pack_quantity': None}, 'normalized': {'diameter': None, 'thickness': None, 'arbor': None, 'product_type': None, 'pack_quantity': None}, 'confidence': {}, 'evidence': [], 'status': 'accepted'}",0
TV2000WN,TV2000WN SQ Elect Washer,accepted,"{'mpn': 'TV2000WN', 'manufacturer': 'Appliance Dealers Cooperative (APPDE)', 'manufacturer_candidate': 'Appliance Dealers Cooperative', 'brand_candidate': None, 'identity_query': 'TV2000WN Appliance Dealers Cooperative', 'brands': [], 'description': 'TV2000WN SQ Elect Washer'}","{'brand': None, 'source': None, 'confidence': 0.0, 'candidates': []}","{'value': 'Appliance Dealers Cooperative', 'score': 100.0, 'match': 'Appliance Dealers Cooperative'}","{'raw': {'diameter': None, 'thickness': None, 'arbor': None, 'product_type': None, 'pack_quantity': None}, 'normalized': {'diameter': None, 'thickness': None, 'arbor': None, 'product_type': None, 'pack_quantity': None}, 'confidence': {}, 'evidence': [], 'status': 'accepted'}",0
TC5003BN,TC5003BN SQ Washer Bk,accepted,"{'mpn': 'TC5003BN', 'manufacturer': 'Appliance Dealers Cooperative (APPDE)', 'manufacturer_candidate': 'Appliance Dealers Cooperative', 'brand_candidate': None, 'identity_query': 'TC5003BN Appliance Dealers Cooperative', 'brands': [], 'description': 'TC5003BN SQ Washer Bk'}","{'brand': None, 'source': None, 'confidence': 0.0, 'candidates': []}","{'value': 'Appliance Dealers Cooperative', 'score': 100.0, 'match': 'Appliance Dealers Cooperative'}","{'raw': {'diameter': None, 'thickness': None, 'arbor': None, 'product_type': None, 'pack_quantity': None}, 'normalized': {'diameter': None, 'thickness': None, 'arbor': None, 'product_type': None, 'pack_quantity': None}, 'confidence': {}, 'evidence': [], 'status': 'accepted'}",0
TR7006WN,TR7006WN Speed Queen Washer Wh,accepted,"{'mpn': 'TR7006WN', 'manufacturer': 'Appliance Dealers Cooperative (APPDE)', 'manufacturer_candidate': 'Appliance Dealers Cooperative', 'brand_candidate': None, 'identity_query': 'TR7006WN Appliance Dealers Cooperative', 'brands': [], 'description': 'TR7006WN Speed Queen Washer Wh'}","{'brand': None, 'source': None, 'confidence': 0.0, 'candidates': []}","{'value': 'Appliance Dealers Cooperative', 'score': 100.0, 'match': 'Appliance Dealers Cooperative'}","{'raw': {'diameter': None, 'thickness': None, 'arbor': None, 'product_type': None, 'pack_quantity': None}, 'normalized': {'diameter': None, 'thickness': None, 'arbor': None, 'product_type': None, 'pack_quantity': None}, 'confidence': {}, 'evidence': [], 'status': 'accepted'}",0
TR7006BN,TR7006BN Speed Queen Washer Bk,accepted,"{'mpn': 'TR7006BN', 'manufacturer': 'Appliance Dealers Cooperative (APPDE)', 'manufacturer_candidate': 'Appliance Dealers Cooperative', 'brand_candidate': None, 'identity_query': 'TR7006BN Appliance Dealers Cooperative', 'brands': [], 'description': 'TR7006BN Speed Queen Washer Bk'}","{'brand': None, 'source': None, 'confidence': 0.0, 'candidates': []}","{'value': 'Appliance Dealers Cooperative', 'score': 100.0, 'match': 'Appliance Dealers Cooperative'}","{'raw': {'diameter': None, 'thickness': None, 'arbor': None, 'product_type': None, 'pack_quantity': None}, 'normalized': {'diameter': None, 'thickness': None, 'arbor': None, 'product_type': None, 'pack_quantity': None}, 'confidence': {}, 'evidence': [], 'status': 'accepted'}",0
TR5006WN,TR5006WN Speed Queen Washer Wh,accepted,"{'mpn': 'TR5006WN', 'manufacturer': 'Appliance Dealers Cooperative (APPDE)', 'manufacturer_candidate': 'Appliance Dealers Cooperative', 'brand_candidate': None, 'identity_query': 'TR5006WN Appliance Dealers Cooperative', 'brands': [], 'description': 'TR5006WN Speed Queen Washer Wh'}","{'brand': None, 'source': None, 'confidence': 0.0, 'candidates': []}","{'value': 'Appliance Dealers Cooperative', 'score': 100.0, 'match': 'Appliance Dealers Cooperative'}","{'raw': {'diameter': None, 'thickness': None, 'arbor': None, 'product_type': None, 'pack_quantity': None}, 'normalized': {'diameter': None, 'thickness': None, 'arbor': None, 'product_type': None, 'pack_quantity': None}, 'confidence': {}, 'evidence': [], 'status': 'accepted'}",0
05134545001,9516 Kneeling Pad& Bttl Opener,accepted,"{'mpn': '05134545001', 'manufacturer': 'Wera Tools NA Inc (WERTO)', 'manufacturer_candidate': 'Wera Tools NA Inc', 'brand_candidate': None, 'identity_query': '05134545001 Wera Tools NA Inc', 'brands': [], 'description': '9516 Kneeling Pad& Bttl Opener'}","{'brand': None, 'source': None, 'confidence': 0.0, 'candidates': []}","{'value': 'Wera Tools NA Inc', 'score': 100.0, 'match': 'Wera Tools NA Inc'}","{'raw': {'diameter': None, 'thickness': None, 'arbor': None, 'product_type': None, 'pack_quantity': None}, 'normalized': {'diameter': None, 'thickness': None, 'arbor': None, 'product_type': None, 'pack_quantity': None}, 'confidence': {}, 'evidence': [], 'status': 'accepted'}",0
LNL65301,LNL65301 Digital Tire Pressure - Inflator Gauge,accepted,"{'mpn': 'LNL65301', 'manufacturer': '-', 'manufacturer_candidate': '-', 'brand_candidate': None, 'identity_query': 'LNL65301 -', 'brands': [], 'description': 'LNL65301 Digital Tire Pressure - Inflator Gauge'}","{'brand': None, 'source': None, 'confidence': 0.0, 'candidates': []}","{'value': 'First Alert - B R K Brands', 'score': 100.0, 'match': 'First Alert - B R K Brands'}","{'raw': {'diameter': None, 'thickness': None, 'arbor': None, 'product_type': None, 'pack_quantity': None}, 'normalized': {'diameter': None, 'thickness': None, 'arbor': None, 'product_type': None, 'pack_quantity': None}, 'confidence': {}, 'evidence': [], 'status': 'accepted'}",0
25-A,Charcoal Black 25-A Mortar - Type N,accepted,"{'mpn': '25-A', 'manufacturer': 'Rees Cast Stone Company (REECA)', 'manufacturer_candidate': 'Rees Cast Stone Company', 'brand_candidate': None, 'identity_query': '25-A Rees Cast Stone Company', 'brands': [], 'description': 'Charcoal Black 25-A Mortar - Type N'}","{'brand': None, 'source': None, 'confidence': 0.0, 'candidates': []}","{'value': 'Rees Cast Stone Company', 'score': 100.0, 'match': 'Rees Cast Stone Company'}","{'raw': {'diameter': None, 'thickness': None, 'arbor': None, 'product_type': None, 'pack_quantity': None}, 'normalized': {'diameter': None, 'thickness': None, 'arbor': None, 'product_type': None, 'pack_quantity': None}, 'confidence': {}, 'evidence': [], 'status': 'accepted'}",0
38-E,Dark Chocolate 38-E Mortar - Type N,accepted,"{'mpn': '38-E', 'manufacturer': 'Rees Cast Stone Company (REECA)', 'manufacturer_candidate': 'Rees Cast Stone Company', 'brand_candidate': None, 'identity_query': '38-E Rees Cast Stone Company', 'brands': [], 'description': 'Dark Chocolate 38-E Mortar - Type N'}","{'brand': None, 'source': None, 'confidence': 0.0, 'candidates': []}","{'value': 'Rees Cast Stone Company', 'score': 100.0, 'match': 'Rees Cast Stone Company'}","{'raw': {'diameter': None, 'thickness': None, 'arbor': None, 'product_type': None, 'pack_quantity': None}, 'normalized': {'diameter': None, 'thickness': None, 'arbor': None, 'product_type': None, 'pack_quantity': None}, 'confidence': {}, 'evidence': [], 'status': 'accepted'}",0
59-J,Light Buff 59-J Mortar - Type N,accepted,"{'mpn': '59-J', 'manufacturer': 'Rees Cast Stone Company (REECA)', 'manufacturer_candidate': 'Rees Cast Stone Company', 'brand_candidate': None, 'identity_query': '59-J Rees Cast Stone Company', 'brands': [], 'description': 'Light Buff 59-J Mortar - Type N'}","{'brand': None, 'source': None, 'confidence': 0.0, 'candidates': []}","{'value': 'Rees Cast Stone Company', 'score': 100.0, 'match': 'Rees Cast Stone Company'}","{'raw': {'diameter': None, 'thickness': None, 'arbor': None, 'product_type': None, 'pack_quantity': None}, 'normalized': {'diameter': None, 'thickness': None, 'arbor': None, 'product_type': None, 'pack_quantity': None}, 'confidence': {}, 'evidence': [], 'status': 'accepted'}",0
44-A,Light Chocolate 44-A Mortar - Type N,accepted,"{'mpn': '44-A', 'manufacturer': 'Rees Cast Stone Company (REECA)', 'manufacturer_candidate': 'Rees Cast Stone Company', 'brand_candidate': None, 'identity_query': '44-A Rees Cast Stone Company', 'brands': [], 'description': 'Light Chocolate 44-A Mortar - Type N'}","{'brand': None, 'source': None, 'confidence': 0.0, 'candidates': []}","{'value': 'Rees Cast Stone Company', 'score': 100.0, 'match': 'Rees Cast Stone Company'}","{'raw': {'diameter': None, 'thickness': None, 'arbor': None, 'product_type': None, 'pack_quantity': None}, 'normalized': {'diameter': None, 'thickness': None, 'arbor': None, 'product_type': None, 'pack_quantity': None}, 'confidence': {}, 'evidence': [], 'status': 'accepted'}",0
543302126,6' Wh Select T-Rail Kit Horiz - w/Sq Composite Balusters,accepted,"{'mpn': '543302126', 'manufacturer': 'U S Lumber (3073)', 'manufacturer_candidate': 'U S Lumber', 'brand_candidate': 'TREX', 'identity_query': '543302126 U S Lumber TREX', 'brands': ['TREX'], 'description': ""6' Wh Select T-Rail Kit Horiz - w/Sq Composite Balusters""}","{'brand': 'TREX', 'source': 'structured_field', 'confidence': 0.99, 'candidates': ['TREX']}","{'value': 'U S Lumber', 'score': 100.0, 'match': 'U S Lumber'}","{'raw': {'diameter': None, 'thickness': None, 'arbor': None, 'product_type': None, 'pack_quantity': None}, 'normalized': {'diameter': None, 'thickness': None, 'arbor': None, 'product_type': None, 'pack_quantity': None}, 'confidence': {}, 'evidence': [], 'status': 'accepted'}",0
543302146,8' Wh Select T-Rail Kit Horiz - w/Sq Composite Balusters,accepted,"{'mpn': '543302146', 'manufacturer': 'U S Lumber (3073)', 'manufacturer_candidate': 'U S Lumber', 'brand_candidate': 'TREX', 'identity_query': '543302146 U S Lumber TREX', 'brands': ['TREX'], 'description': ""8' Wh Select T-Rail Kit Horiz - w/Sq Composite Balusters""}","{'brand': 'TREX', 'source': 'structured_field', 'confidence': 0.99, 'candidates': ['TREX']}","{'value': 'U S Lumber', 'score': 100.0, 'match': 'U S Lumber'}","{'raw': {'diameter': None, 'thickness': None, 'arbor': None, 'product_type': None, 'pack_quantity': None}, 'normalized': {'diameter': None, 'thickness': None, 'arbor': None, 'product_type': None, 'pack_quantity': None}, 'confidence': {}, 'evidence': [], 'status': 'accepted'}",0
73019603,Finyline Wh 6' Fl Rail Kit Sq,accepted,"{'mpn': '73019603', 'manufacturer': '-', 'manufacturer_candidate': '-', 'brand_candidate': None, 'identity_query': '73019603 -', 'brands': [], 'description': ""Finyline Wh 6' Fl Rail Kit Sq""}","{'brand': None, 'source': None, 'confidence': 0.0, 'candidates': []}","{'value': 'First Alert - B R K Brands', 'score': 100.0, 'match': 'First Alert - B R K Brands'}","{'raw': {'diameter': None, 'thickness': None, 'arbor': None, 'product_type': None, 'pack_quantity': None}, 'normalized': {'diameter': None, 'thickness': None, 'arbor': None, 'product_type': None, 'pack_quantity': None}, 'confidence': {}, 'evidence': [], 'status': 'accepted'}",0
73019652,Finyline Wh 8' Fl Rail Kit Sq,accepted,"{'mpn': '73019652', 'manufacturer': '-', 'manufacturer_candidate': '-', 'brand_candidate': None, 'identity_query': '73019652 -', 'brands': [], 'description': ""Finyline Wh 8' Fl Rail Kit Sq""}","{'brand': None, 'source': None, 'confidence': 0.0, 'candidates': []}","{'value': 'First Alert - B R K Brands', 'score': 100.0, 'match': 'First Alert - B R K Brands'}","{'raw': {'diameter': None, 'thickness': None, 'arbor': None, 'product_type': None, 'pack_quantity': None}, 'normalized': {'diameter': None, 'thickness': None, 'arbor': None, 'product_type': None, 'pack_quantity': None}, 'confidence': {}, 'evidence': [], 'status': 'accepted'}",0
73019517,Finyline Wh 10' Fl Rail Kit Sq,accepted,"{'mpn': '73019517', 'manufacturer': '-', 'manufacturer_candidate': '-', 'brand_candidate': None, 'identity_query': '73019517 -', 'brands': [], 'description': ""Finyline Wh 10' Fl Rail Kit Sq""}","{'brand': None, 'source': None, 'confidence': 0.0, 'candidates': []}","{'value': 'First Alert - B R K Brands', 'score': 100.0, 'match': 'First Alert - B R K Brands'}","{'raw': {'diameter': None, 'thickness': None, 'arbor': None, 'product_type': None, 'pack_quantity': None}, 'normalized': {'diameter': None, 'thickness': None, 'arbor': None, 'product_type': None, 'pack_quantity': None}, 'confidence': {}, 'evidence': [], 'status': 'accepted'}",0
73019602,Finyline Wh 6' Fl Rail Kit Rd - w/Black Alum Balusters,accepted,"{'mpn': '73019602', 'manufacturer': '-', 'manufacturer_candidate': '-', 'brand_candidate': None, 'identity_query': '73019602 -', 'brands': [], 'description': ""Finyline Wh 6' Fl Rail Kit Rd - w/Black Alum Balusters""}","{'brand': None, 'source': None, 'confidence': 0.0, 'candidates': []}","{'value': 'First Alert - B R K Brands', 'score': 100.0, 'match': 'First Alert - B R K Brands'}","{'raw': {'diameter': None, 'thickness': None, 'arbor': None, 'product_type': None, 'pack_quantity': None}, 'normalized': {'diameter': None, 'thickness': None, 'arbor': None, 'product_type': None, 'pack_quantity': None}, 'confidence': {}, 'evidence': [], 'status': 'accepted'}",0
73019651,Finyline Wh 8' Fl Rail Kit Rd - w/Black Alum Balusters,accepted,"{'mpn': '73019651', 'manufacturer': '-', 'manufacturer_candidate': '-', 'brand_candidate': None, 'identity_query': '73019651 -', 'brands': [], 'description': ""Finyline Wh 8' Fl Rail Kit Rd - w/Black Alum Balusters""}","{'brand': None, 'source': None, 'confidence': 0.0, 'candidates': []}","{'value': 'First Alert - B R K Brands', 'score': 100.0, 'match': 'First Alert - B R K Brands'}","{'raw': {'diameter': None, 'thickness': None, 'arbor': None, 'product_type': None, 'pack_quantity': None}, 'normalized': {'diameter': None, 'thickness': None, 'arbor': None, 'product_type': None, 'pack_quantity': None}, 'confidence': {}, 'evidence': [], 'status': 'accepted'}",0
73019516,Finyline Wh 10' Fl Rail Kit Rd - w/Black Alum Balusters,accepted,"{'mpn': '73019516', 'manufacturer': '-', 'manufacturer_candidate': '-', 'brand_candidate': None, 'identity_query': '73019516 -', 'brands': [], 'description': ""Finyline Wh 10' Fl Rail Kit Rd - w/Black Alum Balusters""}","{'brand': None, 'source': None, 'confidence': 0.0, 'candidates': []}","{'value': 'First Alert - B R K Brands', 'score': 100.0, 'match': 'First Alert - B R K Brands'}","{'raw': {'diameter': None, 'thickness': None, 'arbor': None, 'product_type': None, 'pack_quantity': None}, 'normalized': {'diameter': None, 'thickness': None, 'arbor': None, 'product_type': None, 'pack_quantity': None}, 'confidence': {}, 'evidence': [], 'status': 'accepted'}",0
543300256,6' Black Select Classic Horiz - Rail w/Rnd Black Alum Baluster,accepted,"{'mpn': '543300256', 'manufacturer': 'Boise Cascade Building Materials (BOICA)', 'manufacturer_candidate': 'Boise Cascade Building Materials', 'brand_candidate': 'TREX', 'identity_query': '543300256 Boise Cascade Building Materials TREX', 'brands': ['TREX'], 'description': ""6' Black Select Classic Horiz - Rail w/Rnd Black Alum Baluster""}","{'brand': 'TREX', 'source': 'structured_field', 'confidence': 0.99, 'candidates': ['TREX']}","{'value': 'Boise Cascade Building Materials', 'score': 100.0, 'match': 'Boise Cascade Building Materials'}","{'raw': {'diameter': None, 'thickness': None, 'arbor': None, 'product_type': None, 'pack_quantity': None}, 'normalized': {'diameter': None, 'thickness': None, 'arbor': None, 'product_type': None, 'pack_quantity': None}, 'confidence': {}, 'evidence': [], 'status': 'accepted'}",0
543300276,8' Black Select Classic Horiz - Rail w/Rnd Black Alum Baluster,accepted,"{'mpn': '543300276', 'manufacturer': 'Boise Cascade Building Materials (BOICA)', 'manufacturer_candidate': 'Boise Cascade Building Materials', 'brand_candidate': 'TREX', 'identity_query': '543300276 Boise Cascade Building Materials TREX', 'brands': ['TREX'], 'description': ""8' Black Select Classic Horiz - Rail w/Rnd Black Alum Baluster""}","{'brand': 'TREX', 'source': 'structured_field', 'confidence': 0.99, 'candidates': ['TREX']}","{'value': 'Boise Cascade Building Materials', 'score': 100.0, 'match': 'Boise Cascade Building Materials'}","{'raw': {'diameter': None, 'thickness': None, 'arbor': None, 'product_type': None, 'pack_quantity': None}, 'normalized': {'diameter': None, 'thickness': None, 'arbor': None, 'product_type': None, 'pack_quantity': None}, 'confidence': {}, 'evidence': [], 'status': 'accepted'}",0
73045028,Custom Finyline Wh Gate Sq Bal,accepted,"{'mpn': '73045028', 'manufacturer': '-', 'manufacturer_candidate': '-', 'brand_candidate': None, 'identity_query': '73045028 -', 'brands': [], 'description': 'Custom Finyline Wh Gate Sq Bal'}","{'brand': None, 'source': None, 'confidence': 0.0, 'candidates': []}","{'value': 'First Alert - B R K Brands', 'score': 100.0, 'match': 'First Alert - B R K Brands'}","{'raw': {'diameter': None, 'thickness': None, 'arbor': None, 'product_type': None, 'pack_quantity': None}, 'normalized': {'diameter': None, 'thickness': None, 'arbor': None, 'product_type': None, 'pack_quantity': None}, 'confidence': {}, 'evidence': [], 'status': 'accepted'}",0
73045031,Custom Finyline Wh Gate Rd - w/Black Alum Balusters,accepted,"{'mpn': '73045031', 'manufacturer': '-', 'manufacturer_candidate': '-', 'brand_candidate': None, 'identity_query': '73045031 -', 'brands': [], 'description': 'Custom Finyline Wh Gate Rd - w/Black Alum Balusters'}","{'brand': None, 'source': None, 'confidence': 0.0, 'candidates': []}","{'value': 'First Alert - B R K Brands', 'score': 100.0, 'match': 'First Alert - B R K Brands'}","{'raw': {'diameter': None, 'thickness': None, 'arbor': None, 'product_type': None, 'pack_quantity': None}, 'normalized': {'diameter': None, 'thickness': None, 'arbor': None, 'product_type': None, 'pack_quantity': None}, 'confidence': {}, 'evidence': [], 'status': 'accepted'}",0
543340126,"6'x36"" Select Alm w/Sq Bal Hor - Assembled Black Rail Panel",accepted,"{'mpn': '543340126', 'manufacturer': 'Boise Cascade Building Materials (BOICA)', 'manufacturer_candidate': 'Boise Cascade Building Materials', 'brand_candidate': 'TREX', 'identity_query': '543340126 Boise Cascade Building Materials TREX', 'brands': ['TREX'], 'description': '6\'x36"" Select Alm w/Sq Bal Hor - Assembled Black Rail Panel'}","{'brand': 'TREX', 'source': 'structured_field', 'confidence': 0.99, 'candidates': ['TREX']}","{'value': 'Boise Cascade Building Materials', 'score': 100.0, 'match': 'Boise Cascade Building Materials'}","{'raw': {'diameter': None, 'thickness': None, 'arbor': None, 'product_type': None, 'pack_quantity': None}, 'normalized': {'diameter': None, 'thickness': None, 'arbor': None, 'product_type': None, 'pack_quantity': None}, 'confidence': {}, 'evidence': [], 'status': 'accepted'}",0
543340127,"6'x36"" Select Alm w/Sq Bal Str - Assembled Black Rail Panel",accepted,"{'mpn': '543340127', 'manufacturer': 'Boise Cascade Building Materials (BOICA)', 'manufacturer_candidate': 'Boise Cascade Building Materials', 'brand_candidate': 'TREX', 'identity_query': '543340127 Boise Cascade Building Materials TREX', 'brands': ['TREX'], 'description': '6\'x36"" Select Alm w/Sq Bal Str - Assembled Black Rail Panel'}","{'brand': 'TREX', 'source': 'structured_field', 'confidence': 0.99, 'candidates': ['TREX']}","{'value': 'Boise Cascade Building Materials', 'score': 100.0, 'match': 'Boise Cascade Building Materials'}","{'raw': {'diameter': None, 'thickness': None, 'arbor': None, 'product_type': None, 'pack_quantity': None}, 'normalized': {'diameter': None, 'thickness': None, 'arbor': None, 'product_type': None, 'pack_quantity': None}, 'confidence': {}, 'evidence': [], 'status': 'accepted'}",0
543340146,"8'x36"" Select Alm w/Sq Bal Hor - Assembled Black Rail Panel",accepted,"{'mpn': '543340146', 'manufacturer': 'Boise Cascade Building Materials (BOICA)', 'manufacturer_candidate': 'Boise Cascade Building Materials', 'brand_candidate': 'TREX', 'identity_query': '543340146 Boise Cascade Building Materials TREX', 'brands': ['TREX'], 'description': '8\'x36"" Select Alm w/Sq Bal Hor - Assembled Black Rail Panel'}","{'brand': 'TREX', 'source': 'structured_field', 'confidence': 0.99, 'candidates': ['TREX']}","{'value': 'Boise Cascade Building Materials', 'score': 100.0, 'match': 'Boise Cascade Building Materials'}","{'raw': {'diameter': None, 'thickness': None, 'arbor': None, 'product_type': None, 'pack_quantity': None}, 'normalized': {'diameter': None, 'thickness': None, 'arbor': None, 'product_type': None, 'pack_quantity': None}, 'confidence': {}, 'evidence': [], 'status': 'accepted'}",0
543340147,"8'x36"" Select Alm w/Sq Bal Str - Assembled Black Rail Panel",accepted,"{'mpn': '543340147', 'manufacturer': 'Boise Cascade Building Materials (BOICA)', 'manufacturer_candidate': 'Boise Cascade Building Materials', 'brand_candidate': 'TREX', 'identity_query': '543340147 Boise Cascade Building Materials TREX', 'brands': ['TREX'], 'description': '8\'x36"" Select Alm w/Sq Bal Str - Assembled Black Rail Panel'}","{'brand': 'TREX', 'source': 'structured_field', 'confidence': 0.99, 'candidates': ['TREX']}","{'value': 'Boise Cascade Building Materials', 'score': 100.0, 'match': 'Boise Cascade Building Materials'}","{'raw': {'diameter': None, 'thickness': None, 'arbor': None, 'product_type': None, 'pack_quantity': None}, 'normalized': {'diameter': None, 'thickness': None, 'arbor': None, 'product_type': None, 'pack_quantity': None}, 'confidence': {}, 'evidence': [], 'status': 'accepted'}",0
ADB15516CS,1x6-16' Coastline Sq Edge - Vintage Azek PVC Decking,accepted,"{'mpn': 'ADB15516CS', 'manufacturer': 'Parksite (6151)', 'manufacturer_candidate': 'Parksite', 'brand_candidate': 'TIMBERTECH', 'identity_query': 'ADB15516CS Parksite TIMBERTECH', 'brands': ['TIMBERTECH'], 'description': ""1x6-16' Coastline Sq Edge - Vintage Azek PVC Decking""}","{'brand': 'TIMBERTECH', 'source': 'structured_field', 'confidence': 0.99, 'candidates': ['TIMBERTECH']}","{'value': 'Parksite', 'score': 100.0, 'match': 'Parksite'}","{'raw': {'diameter': None, 'thickness': None, 'arbor': None, 'product_type': None, 'pack_quantity': None}, 'normalized': {'diameter': None, 'thickness': None, 'arbor': None, 'product_type': None, 'pack_quantity': None}, 'confidence': {}, 'evidence': [], 'status': 'accepted'}",0
ADB15520CS,1x6-20' Coastline Sq Edge - Vintage Azek PVC Decking,accepted,"{'mpn': 'ADB15520CS', 'manufacturer': 'Parksite (6151)', 'manufacturer_candidate': 'Parksite', 'brand_candidate': 'TIMBERTECH', 'identity_query': 'ADB15520CS Parksite TIMBERTECH', 'brands': ['TIMBERTECH'], 'description': ""1x6-20' Coastline Sq Edge - Vintage Azek PVC Decking""}","{'brand': 'TIMBERTECH', 'source': 'structured_field', 'confidence': 0.99, 'candidates': ['TIMBERTECH']}","{'value': 'Parksite', 'score': 100.0, 'match': 'Parksite'}","{'raw': {'diameter': None, 'thickness': None, 'arbor': None, 'product_type': None, 'pack_quantity': None}, 'normalized': {'diameter': None, 'thickness': None, 'arbor': None, 'product_type': None, 'pack_quantity': None}, 'confidence': {}, 'evidence': [], 'status': 'accepted'}",0
ADB15516EW,1x6-16' English Walnut Sq Edge - Vintage Azek PVC Decking,accepted,"{'mpn': 'ADB15516EW', 'manufacturer': 'Parksite (6151)', 'manufacturer_candidate': 'Parksite', 'brand_candidate': 'TIMBERTECH', 'identity_query': 'ADB15516EW Parksite TIMBERTECH', 'brands': ['TIMBERTECH'], 'description': ""1x6-16' English Walnut Sq Edge - Vintage Azek PVC Decking""}","{'brand': 'TIMBERTECH', 'source': 'structured_field', 'confidence': 0.99, 'candidates': ['TIMBERTECH']}","{'value': 'Parksite', 'score': 100.0, 'match': 'Parksite'}","{'raw': {'diameter': None, 'thickness': None, 'arbor': None, 'product_type': None, 'pack_quantity': None}, 'normalized': {'diameter': None, 'thickness': None, 'arbor': None, 'product_type': None, 'pack_quantity': None}, 'confidence': {}, 'evidence': [], 'status': 'accepted'}",0
ADB15520EW,1x6-20' English Walnut Sq Edge - Vintage Azek PVC Decking,accepted,"{'mpn': 'ADB15520EW', 'manufacturer': 'Parksite (6151)', 'manufacturer_candidate': 'Parksite', 'brand_candidate': 'TIMBERTECH', 'identity_query': 'ADB15520EW Parksite TIMBERTECH', 'brands': ['TIMBERTECH'], 'description': ""1x6-20' English Walnut Sq Edge - Vintage Azek PVC Decking""}","{'brand': 'TIMBERTECH', 'source': 'structured_field', 'confidence': 0.99, 'candidates': ['TIMBERTECH']}","{'value': 'Parksite', 'score': 100.0, 'match': 'Parksite'}","{'raw': {'diameter': None, 'thickness': None, 'arbor': None, 'product_type': None, 'pack_quantity': None}, 'normalized': {'diameter': None, 'thickness': None, 'arbor': None, 'product_type': None, 'pack_quantity': None}, 'confidence': {}, 'evidence': [], 'status': 'accepted'}",0
ADB15516MH,1x6-16' Mahogany Sq Edge - Vintage Azek PVC Decking,accepted,"{'mpn': 'ADB15516MH', 'manufacturer': 'Parksite (6151)', 'manufacturer_candidate': 'Parksite', 'brand_candidate': 'TIMBERTECH', 'identity_query': 'ADB15516MH Parksite TIMBERTECH', 'brands': ['TIMBERTECH'], 'description': ""1x6-16' Mahogany Sq Edge - Vintage Azek PVC Decking""}","{'brand': 'TIMBERTECH', 'source': 'structured_field', 'confidence': 0.99, 'candidates': ['TIMBERTECH']}","{'value': 'Parksite', 'score': 100.0, 'match': 'Parksite'}","{'raw': {'diameter': None, 'thickness': None, 'arbor': None, 'product_type': None, 'pack_quantity': None}, 'normalized': {'diameter': None, 'thickness': None, 'arbor': None, 'product_type': None, 'pack_quantity': None}, 'confidence': {}, 'evidence': [], 'status': 'accepted'}",0
ADB15520MH,1x6-20' Mahogany Sq Edge - Vintage Azek PVC Decking,accepted,"{'mpn': 'ADB15520MH', 'manufacturer': 'Parksite (6151)', 'manufacturer_candidate': 'Parksite', 'brand_candidate': 'TIMBERTECH', 'identity_query': 'ADB15520MH Parksite TIMBERTECH', 'brands': ['TIMBERTECH'], 'description': ""1x6-20' Mahogany Sq Edge - Vintage Azek PVC Decking""}","{'brand': 'TIMBERTECH', 'source': 'structured_field', 'confidence': 0.99, 'candidates': ['TIMBERTECH']}","{'value': 'Parksite', 'score': 100.0, 'match': 'Parksite'}","{'raw': {'diameter': None, 'thickness': None, 'arbor': None, 'product_type': None, 'pack_quantity': None}, 'normalized': {'diameter': None, 'thickness': None, 'arbor': None, 'product_type': None, 'pack_quantity': None}, 'confidence': {}, 'evidence': [], 'status': 'accepted'}",0
ADB15516WT,1x6-16' Weathered Teak Sq Edge - Vintage Azek PVC Decking,accepted,"{'mpn': 'ADB15516WT', 'manufacturer': 'Parksite (6151)', 'manufacturer_candidate': 'Parksite', 'brand_candidate': 'TIMBERTECH', 'identity_query': 'ADB15516WT Parksite TIMBERTECH', 'brands': ['TIMBERTECH'], 'description': ""1x6-16' Weathered Teak Sq Edge - Vintage Azek PVC Decking""}","{'brand': 'TIMBERTECH', 'source': 'structured_field', 'confidence': 0.99, 'candidates': ['TIMBERTECH']}","{'value': 'Parksite', 'score': 100.0, 'match': 'Parksite'}","{'raw': {'diameter': None, 'thickness': None, 'arbor': None, 'product_type': None, 'pack_quantity': None}, 'normalized': {'diameter': None, 'thickness': None, 'arbor': None, 'product_type': None, 'pack_quantity': None}, 'confidence': {}, 'evidence': [], 'status': 'accepted'}",0
ADB15520WT,1x6-20' Weathered Teak Sq Edge - Vintage Azek PVC Decking,accepted,"{'mpn': 'ADB15520WT', 'manufacturer': 'Parksite (6151)', 'manufacturer_candidate': 'Parksite', 'brand_candidate': 'TIMBERTECH', 'identity_query': 'ADB15520WT Parksite TIMBERTECH', 'brands': ['TIMBERTECH'], 'description': ""1x6-20' Weathered Teak Sq Edge - Vintage Azek PVC Decking""}","{'brand': 'TIMBERTECH', 'source': 'structured_field', 'confidence': 0.99, 'candidates': ['TIMBERTECH']}","{'value': 'Parksite', 'score': 100.0, 'match': 'Parksite'}","{'raw': {'diameter': None, 'thickness': None, 'arbor': None, 'product_type': None, 'pack_quantity': None}, 'normalized': {'diameter': None, 'thickness': None, 'arbor': None, 'product_type': None, 'pack_quantity': None}, 'confidence': {}, 'evidence': [], 'status': 'accepted'}",0
AGB15512CS,1x6-12' Coastline Grooved - Vintage Azek PVC Decking,accepted,"{'mpn': 'AGB15512CS', 'manufacturer': 'Parksite (6151)', 'manufacturer_candidate': 'Parksite', 'brand_candidate': 'TIMBERTECH', 'identity_query': 'AGB15512CS Parksite TIMBERTECH', 'brands': ['TIMBERTECH'], 'description': ""1x6-12' Coastline Grooved - Vintage Azek PVC Decking""}","{'brand': 'TIMBERTECH', 'source': 'structured_field', 'confidence': 0.99, 'candidates': ['TIMBERTECH']}","{'value': 'Parksite', 'score': 100.0, 'match': 'Parksite'}","{'raw': {'diameter': None, 'thickness': None, 'arbor': None, 'product_type': None, 'pack_quantity': None}, 'normalized': {'diameter': None, 'thickness': None, 'arbor': None, 'product_type': None, 'pack_quantity': None}, 'confidence': {}, 'evidence': [], 'status': 'accepted'}",0
AGB15516CS,1x6-16' Coastline Grooved - Vintage Azek PVC Decking,accepted,"{'mpn': 'AGB15516CS', 'manufacturer': 'Parksite (6151)', 'manufacturer_candidate': 'Parksite', 'brand_candidate': 'TIMBERTECH', 'identity_query': 'AGB15516CS Parksite TIMBERTECH', 'brands': ['TIMBERTECH'], 'description': ""1x6-16' Coastline Grooved - Vintage Azek PVC Decking""}","{'brand': 'TIMBERTECH', 'source': 'structured_field', 'confidence': 0.99, 'candidates': ['TIMBERTECH']}","{'value': 'Parksite', 'score': 100.0, 'match': 'Parksite'}","{'raw': {'diameter': None, 'thickness': None, 'arbor': None, 'product_type': None, 'pack_quantity': None}, 'normalized': {'diameter': None, 'thickness': None, 'arbor': None, 'product_type': None, 'pack_quantity': None}, 'confidence': {}, 'evidence': [], 'status': 'accepted'}",0
AGB15520CS,1x6-20' Coastline Grooved - Vintage Azek PVC Decking,accepted,"{'mpn': 'AGB15520CS', 'manufacturer': 'Parksite (6151)', 'manufacturer_candidate': 'Parksite', 'brand_candidate': 'TIMBERTECH', 'identity_query': 'AGB15520CS Parksite TIMBERTECH', 'brands': ['TIMBERTECH'], 'description': ""1x6-20' Coastline Grooved - Vintage Azek PVC Decking""}","{'brand': 'TIMBERTECH', 'source': 'structured_field', 'confidence': 0.99, 'candidates': ['TIMBERTECH']}","{'value': 'Parksite', 'score': 100.0, 'match': 'Parksite'}","{'raw': {'diameter': None, 'thickness': None, 'arbor': None, 'product_type': None, 'pack_quantity': None}, 'normalized': {'diameter': None, 'thickness': None, 'arbor': None, 'product_type': None, 'pack_quantity': None}, 'confidence': {}, 'evidence': [], 'status': 'accepted'}",0
AGB15512EW,1x6-12' English Walnut Grooved - Vintage Azek PVC Decking,accepted,"{'mpn': 'AGB15512EW', 'manufacturer': 'Parksite (6151)', 'manufacturer_candidate': 'Parksite', 'brand_candidate': 'TIMBERTECH', 'identity_query': 'AGB15512EW Parksite TIMBERTECH', 'brands': ['TIMBERTECH'], 'description': ""1x6-12' English Walnut Grooved - Vintage Azek PVC Decking""}","{'brand': 'TIMBERTECH', 'source': 'structured_field', 'confidence': 0.99, 'candidates': ['TIMBERTECH']}","{'value': 'Parksite', 'score': 100.0, 'match': 'Parksite'}","{'raw': {'diameter': None, 'thickness': None, 'arbor': None, 'product_type': None, 'pack_quantity': None}, 'normalized': {'diameter': None, 'thickness': None, 'arbor': None, 'product_type': None, 'pack_quantity': None}, 'confidence': {}, 'evidence': [], 'status': 'accepted'}",0
AGB15516EW,1x6-16' English Walnut Grooved - Vintage Azek PVC Decking,accepted,"{'mpn': 'AGB15516EW', 'manufacturer': 'Parksite (6151)', 'manufacturer_candidate': 'Parksite', 'brand_candidate': 'TIMBERTECH', 'identity_query': 'AGB15516EW Parksite TIMBERTECH', 'brands': ['TIMBERTECH'], 'description': ""1x6-16' English Walnut Grooved - Vintage Azek PVC Decking""}","{'brand': 'TIMBERTECH', 'source': 'structured_field', 'confidence': 0.99, 'candidates': ['TIMBERTECH']}","{'value': 'Parksite', 'score': 100.0, 'match': 'Parksite'}","{'raw': {'diameter': None, 'thickness': None, 'arbor': None, 'product_type': None, 'pack_quantity': None}, 'normalized': {'diameter': None, 'thickness': None, 'arbor': None, 'product_type': None, 'pack_quantity': None}, 'confidence': {}, 'evidence': [], 'status': 'accepted'}",0
AGB15520EW,1x6-20' English Walnut Grooved - Vintage Azek PVC Decking,accepted,"{'mpn': 'AGB15520EW', 'manufacturer': 'Parksite (6151)', 'manufacturer_candidate': 'Parksite', 'brand_candidate': 'TIMBERTECH', 'identity_query': 'AGB15520EW Parksite TIMBERTECH', 'brands': ['TIMBERTECH'], 'description': ""1x6-20' English Walnut Grooved - Vintage Azek PVC Decking""}","{'brand': 'TIMBERTECH', 'source': 'structured_field', 'confidence': 0.99, 'candidates': ['TIMBERTECH']}","{'value': 'Parksite', 'score': 100.0, 'match': 'Parksite'}","{'raw': {'diameter': None, 'thickness': None, 'arbor': None, 'product_type': None, 'pack_quantity': None}, 'normalized': {'diameter': None, 'thickness': None, 'arbor': None, 'product_type': None, 'pack_quantity': None}, 'confidence': {}, 'evidence': [], 'status': 'accepted'}",0
AGB15512MH,1x6-12' Mahogany Grooved - Vintage Azek PVC Decking,accepted,"{'mpn': 'AGB15512MH', 'manufacturer': 'Parksite (6151)', 'manufacturer_candidate': 'Parksite', 'brand_candidate': 'TIMBERTECH', 'identity_query': 'AGB15512MH Parksite TIMBERTECH', 'brands': ['TIMBERTECH'], 'description': ""1x6-12' Mahogany Grooved - Vintage Azek PVC Decking""}","{'brand': 'TIMBERTECH', 'source': 'structured_field', 'confidence': 0.99, 'candidates': ['TIMBERTECH']}","{'value': 'Parksite', 'score': 100.0, 'match': 'Parksite'}","{'raw': {'diameter': None, 'thickness': None, 'arbor': None, 'product_type': None, 'pack_quantity': None}, 'normalized': {'diameter': None, 'thickness': None, 'arbor': None, 'product_type': None, 'pack_quantity': None}, 'confidence': {}, 'evidence': [], 'status': 'accepted'}",0
AGB15516MH,1x6-16' Mahogany Grooved - Vintage Azek PVC Decking,accepted,"{'mpn': 'AGB15516MH', 'manufacturer': 'Parksite (6151)', 'manufacturer_candidate': 'Parksite', 'brand_candidate': 'TIMBERTECH', 'identity_query': 'AGB15516MH Parksite TIMBERTECH', 'brands': ['TIMBERTECH'], 'description': ""1x6-16' Mahogany Grooved - Vintage Azek PVC Decking""}","{'brand': 'TIMBERTECH', 'source': 'structured_field', 'confidence': 0.99, 'candidates': ['TIMBERTECH']}","{'value': 'Parksite', 'score': 100.0, 'match': 'Parksite'}","{'raw': {'diameter': None, 'thickness': None, 'arbor': None, 'product_type': None, 'pack_quantity': None}, 'normalized': {'diameter': None, 'thickness': None, 'arbor': None, 'product_type': None, 'pack_quantity': None}, 'confidence': {}, 'evidence': [], 'status': 'accepted'}",0
AGB15520MH,1x6-20' Mahogany Grooved - Vintage Azek PVC Decking,accepted,"{'mpn': 'AGB15520MH', 'manufacturer': 'Parksite (6151)', 'manufacturer_candidate': 'Parksite', 'brand_candidate': 'TIMBERTECH', 'identity_query': 'AGB15520MH Parksite TIMBERTECH', 'brands': ['TIMBERTECH'], 'description': ""1x6-20' Mahogany Grooved - Vintage Azek PVC Decking""}","{'brand': 'TIMBERTECH', 'source': 'structured_field', 'confidence': 0.99, 'candidates': ['TIMBERTECH']}","{'value': 'Parksite', 'score': 100.0, 'match': 'Parksite'}","{'raw': {'diameter': None, 'thickness': None, 'arbor': None, 'product_type': None, 'pack_quantity': None}, 'normalized': {'diameter': None, 'thickness': None, 'arbor': None, 'product_type': None, 'pack_quantity': None}, 'confidence': {}, 'evidence': [], 'status': 'accepted'}",0
AGB15512WT,1x6-12' Weathered Teak Grooved - Vintage Azek PVC Decking,accepted,"{'mpn': 'AGB15512WT', 'manufacturer': 'Parksite (6151)', 'manufacturer_candidate': 'Parksite', 'brand_candidate': 'TIMBERTECH', 'identity_query': 'AGB15512WT Parksite TIMBERTECH', 'brands': ['TIMBERTECH'], 'description': ""1x6-12' Weathered Teak Grooved - Vintage Azek PVC Decking""}","{'brand': 'TIMBERTECH', 'source': 'structured_field', 'confidence': 0.99, 'candidates': ['TIMBERTECH']}","{'value': 'Parksite', 'score': 100.0, 'match': 'Parksite'}","{'raw': {'diameter': None, 'thickness': None, 'arbor': None, 'product_type': None, 'pack_quantity': None}, 'normalized': {'diameter': None, 'thickness': None, 'arbor': None, 'product_type': None, 'pack_quantity': None}, 'confidence': {}, 'evidence': [], 'status': 'accepted'}",0
AGB15516WT,1x6-16' Weathered Teak Grooved - Vintage Azek PVC Decking,accepted,"{'mpn': 'AGB15516WT', 'manufacturer': 'Parksite (6151)', 'manufacturer_candidate': 'Parksite', 'brand_candidate': 'TIMBERTECH', 'identity_query': 'AGB15516WT Parksite TIMBERTECH', 'brands': ['TIMBERTECH'], 'description': ""1x6-16' Weathered Teak Grooved - Vintage Azek PVC Decking""}","{'brand': 'TIMBERTECH', 'source': 'structured_field', 'confidence': 0.99, 'candidates': ['TIMBERTECH']}","{'value': 'Parksite', 'score': 100.0, 'match': 'Parksite'}","{'raw': {'diameter': None, 'thickness': None, 'arbor': None, 'product_type': None, 'pack_quantity': None}, 'normalized': {'diameter': None, 'thickness': None, 'arbor': None, 'product_type': None, 'pack_quantity': None}, 'confidence': {}, 'evidence': [], 'status': 'accepted'}",0
AGB15520WT,1x6-20' Weathered Teak Grooved - Vintage Azek PVC Decking,accepted,"{'mpn': 'AGB15520WT', 'manufacturer': 'Parksite (6151)', 'manufacturer_candidate': 'Parksite', 'brand_candidate': 'TIMBERTECH', 'identity_query': 'AGB15520WT Parksite TIMBERTECH', 'brands': ['TIMBERTECH'], 'description': ""1x6-20' Weathered Teak Grooved - Vintage Azek PVC Decking""}","{'brand': 'TIMBERTECH', 'source': 'structured_field', 'confidence': 0.99, 'candidates': ['TIMBERTECH']}","{'value': 'Parksite', 'score': 100.0, 'match': 'Parksite'}","{'raw': {'diameter': None, 'thickness': None, 'arbor': None, 'product_type': None, 'pack_quantity': None}, 'normalized': {'diameter': None, 'thickness': None, 'arbor': None, 'product_type': None, 'pack_quantity': None}, 'confidence': {}, 'evidence': [], 'status': 'accepted'}",0
ADB15516AW,1x6-16' American Walnut Sq Edg - Landmark Azek PVC Decking,accepted,"{'mpn': 'ADB15516AW', 'manufacturer': 'Parksite (6151)', 'manufacturer_candidate': 'Parksite', 'brand_candidate': 'TIMBERTECH', 'identity_query': 'ADB15516AW Parksite TIMBERTECH', 'brands': ['TIMBERTECH'], 'description': ""1x6-16' American Walnut Sq Edg - Landmark Azek PVC Decking""}","{'brand': 'TIMBERTECH', 'source': 'structured_field', 'confidence': 0.99, 'candidates': ['TIMBERTECH']}","{'value': 'Parksite', 'score': 100.0, 'match': 'Parksite'}","{'raw': {'diameter': None, 'thickness': None, 'arbor': None, 'product_type': None, 'pack_quantity': None}, 'normalized': {'diameter': None, 'thickness': None, 'arbor': None, 'product_type': None, 'pack_quantity': None}, 'confidence': {}, 'evidence': [], 'status': 'accepted'}",0
ADB15520AW,1x6-20' American Walnut Sq Edg - Landmark Azek PVC Decking,accepted,"{'mpn': 'ADB15520AW', 'manufacturer': 'Parksite (6151)', 'manufacturer_candidate': 'Parksite', 'brand_candidate': 'TIMBERTECH', 'identity_query': 'ADB15520AW Parksite TIMBERTECH', 'brands': ['TIMBERTECH'], 'description': ""1x6-20' American Walnut Sq Edg - Landmark Azek PVC Decking""}","{'brand': 'TIMBERTECH', 'source': 'structured_field', 'confidence': 0.99, 'candidates': ['TIMBERTECH']}","{'value': 'Parksite', 'score': 100.0, 'match': 'Parksite'}","{'raw': {'diameter': None, 'thickness': None, 'arbor': None, 'product_type': None, 'pack_quantity': None}, 'normalized': {'diameter': None, 'thickness': None, 'arbor': None, 'product_type': None, 'pack_quantity': None}, 'confidence': {}, 'evidence': [], 'status': 'accepted'}",0
ADB15516CG,1x6-16' Castle Gate Sq Edge - Landmark Azek PVC Decking,accepted,"{'mpn': 'ADB15516CG', 'manufacturer': 'Parksite (6151)', 'manufacturer_candidate': 'Parksite', 'brand_candidate': 'TIMBERTECH', 'identity_query': 'ADB15516CG Parksite TIMBERTECH', 'brands': ['TIMBERTECH'], 'description': ""1x6-16' Castle Gate Sq Edge - Landmark Azek PVC Decking""}","{'brand': 'TIMBERTECH', 'source': 'structured_field', 'confidence': 0.99, 'candidates': ['TIMBERTECH']}","{'value': 'Parksite', 'score': 100.0, 'match': 'Parksite'}","{'raw': {'diameter': None, 'thickness': None, 'arbor': None, 'product_type': None, 'pack_quantity': None}, 'normalized': {'diameter': None, 'thickness': None, 'arbor': None, 'product_type': None, 'pack_quantity': None}, 'confidence': {}, 'evidence': [], 'status': 'accepted'}",0
ADB15520CG,1x6-20' Castle Gate Sq Edge - Landmark Azek PVC Decking,accepted,"{'mpn': 'ADB15520CG', 'manufacturer': 'Parksite (6151)', 'manufacturer_candidate': 'Parksite', 'brand_candidate': 'TIMBERTECH', 'identity_query': 'ADB15520CG Parksite TIMBERTECH', 'brands': ['TIMBERTECH'], 'description': ""1x6-20' Castle Gate Sq Edge - Landmark Azek PVC Decking""}","{'brand': 'TIMBERTECH', 'source': 'structured_field', 'confidence': 0.99, 'candidates': ['TIMBERTECH']}","{'value': 'Parksite', 'score': 100.0, 'match': 'Parksite'}","{'raw': {'diameter': None, 'thickness': None, 'arbor': None, 'product_type': None, 'pack_quantity': None}, 'normalized': {'diameter': None, 'thickness': None, 'arbor': None, 'product_type': None, 'pack_quantity': None}, 'confidence': {}, 'evidence': [], 'status': 'accepted'}",0
ADB15516FW,1x6-16' French White Oak Sq Ed - Landmark Azek PVC Decking,accepted,"{'mpn': 'ADB15516FW', 'manufacturer': 'Parksite (6151)', 'manufacturer_candidate': 'Parksite', 'brand_candidate': 'TIMBERTECH', 'identity_query': 'ADB15516FW Parksite TIMBERTECH', 'brands': ['TIMBERTECH'], 'description': ""1x6-16' French White Oak Sq Ed - Landmark Azek PVC Decking""}","{'brand': 'TIMBERTECH', 'source': 'structured_field', 'confidence': 0.99, 'candidates': ['TIMBERTECH']}","{'value': 'Parksite', 'score': 100.0, 'match': 'Parksite'}","{'raw': {'diameter': None, 'thickness': None, 'arbor': None, 'product_type': None, 'pack_quantity': None}, 'normalized': {'diameter': None, 'thickness': None, 'arbor': None, 'product_type': None, 'pack_quantity': None}, 'confidence': {}, 'evidence': [], 'status': 'accepted'}",0
ADB15520FW,1x6-20' French White Oak Sq Ed - Landmark Azek PVC Decking,accepted,"{'mpn': 'ADB15520FW', 'manufacturer': 'Parksite (6151)', 'manufacturer_candidate': 'Parksite', 'brand_candidate': 'TIMBERTECH', 'identity_query': 'ADB15520FW Parksite TIMBERTECH', 'brands': ['TIMBERTECH'], 'description': ""1x6-20' French White Oak Sq Ed - Landmark Azek PVC Decking""}","{'brand': 'TIMBERTECH', 'source': 'structured_field', 'confidence': 0.99, 'candidates': ['TIMBERTECH']}","{'value': 'Parksite', 'score': 100.0, 'match': 'Parksite'}","{'raw': {'diameter': None, 'thickness': None, 'arbor': None, 'product_type': None, 'pack_quantity': None}, 'normalized': {'diameter': None, 'thickness': None, 'arbor': None, 'product_type': None, 'pack_quantity': None}, 'confidence': {}, 'evidence': [], 'status': 'accepted'}",0
AGB15512AW,1x6-12' American Walnut Groove - Landmark Azek PVC Decking,accepted,"{'mpn': 'AGB15512AW', 'manufacturer': 'Parksite (6151)', 'manufacturer_candidate': 'Parksite', 'brand_candidate': 'TIMBERTECH', 'identity_query': 'AGB15512AW Parksite TIMBERTECH', 'brands': ['TIMBERTECH'], 'description': ""1x6-12' American Walnut Groove - Landmark Azek PVC Decking""}","{'brand': 'TIMBERTECH', 'source': 'structured_field', 'confidence': 0.99, 'candidates': ['TIMBERTECH']}","{'value': 'Parksite', 'score': 100.0, 'match': 'Parksite'}","{'raw': {'diameter': None, 'thickness': None, 'arbor': None, 'product_type': None, 'pack_quantity': None}, 'normalized': {'diameter': None, 'thickness': None, 'arbor': None, 'product_type': None, 'pack_quantity': None}, 'confidence': {}, 'evidence': [], 'status': 'accepted'}",0
AGB15516AW,1x6-16' American Walnut Groove - Landmark Azek PVC Decking,accepted,"{'mpn': 'AGB15516AW', 'manufacturer': 'Parksite (6151)', 'manufacturer_candidate': 'Parksite', 'brand_candidate': 'TIMBERTECH', 'identity_query': 'AGB15516AW Parksite TIMBERTECH', 'brands': ['TIMBERTECH'], 'description': ""1x6-16' American Walnut Groove - Landmark Azek PVC Decking""}","{'brand': 'TIMBERTECH', 'source': 'structured_field', 'confidence': 0.99, 'candidates': ['TIMBERTECH']}","{'value': 'Parksite', 'score': 100.0, 'match': 'Parksite'}","{'raw': {'diameter': None, 'thickness': None, 'arbor': None, 'product_type': None, 'pack_quantity': None}, 'normalized': {'diameter': None, 'thickness': None, 'arbor': None, 'product_type': None, 'pack_quantity': None}, 'confidence': {}, 'evidence': [], 'status': 'accepted'}",0
AGB15520AW,1x6-20' American Walnut Groove - Landmark Azek PVC Decking,accepted,"{'mpn': 'AGB15520AW', 'manufacturer': 'Parksite (6151)', 'manufacturer_candidate': 'Parksite', 'brand_candidate': 'TIMBERTECH', 'identity_query': 'AGB15520AW Parksite TIMBERTECH', 'brands': ['TIMBERTECH'], 'description': ""1x6-20' American Walnut Groove - Landmark Azek PVC Decking""}","{'brand': 'TIMBERTECH', 'source': 'structured_field', 'confidence': 0.99, 'candidates': ['TIMBERTECH']}","{'value': 'Parksite', 'score': 100.0, 'match': 'Parksite'}","{'raw': {'diameter': None, 'thickness': None, 'arbor': None, 'product_type': None, 'pack_quantity': None}, 'normalized': {'diameter': None, 'thickness': None, 'arbor': None, 'product_type': None, 'pack_quantity': None}, 'confidence': {}, 'evidence': [], 'status': 'accepted'}",0
AGB15512CG,1x6-12' Castle Gate Grooved - Landmark Azek PVC Decking,accepted,"{'mpn': 'AGB15512CG', 'manufacturer': 'Parksite (6151)', 'manufacturer_candidate': 'Parksite', 'brand_candidate': 'TIMBERTECH', 'identity_query': 'AGB15512CG Parksite TIMBERTECH', 'brands': ['TIMBERTECH'], 'description': ""1x6-12' Castle Gate Grooved - Landmark Azek PVC Decking""}","{'brand': 'TIMBERTECH', 'source': 'structured_field', 'confidence': 0.99, 'candidates': ['TIMBERTECH']}","{'value': 'Parksite', 'score': 100.0, 'match': 'Parksite'}","{'raw': {'diameter': None, 'thickness': None, 'arbor': None, 'product_type': None, 'pack_quantity': None}, 'normalized': {'diameter': None, 'thickness': None, 'arbor': None, 'product_type': None, 'pack_quantity': None}, 'confidence': {}, 'evidence': [], 'status': 'accepted'}",0
AGB15516CG,1x6-16' Castle Gate Grooved - Landmark Azek PVC Decking,accepted,"{'mpn': 'AGB15516CG', 'manufacturer': 'Parksite (6151)', 'manufacturer_candidate': 'Parksite', 'brand_candidate': 'TIMBERTECH', 'identity_query': 'AGB15516CG Parksite TIMBERTECH', 'brands': ['TIMBERTECH'], 'description': ""1x6-16' Castle Gate Grooved - Landmark Azek PVC Decking""}","{'brand': 'TIMBERTECH', 'source': 'structured_field', 'confidence': 0.99, 'candidates': ['TIMBERTECH']}","{'value': 'Parksite', 'score': 100.0, 'match': 'Parksite'}","{'raw': {'diameter': None, 'thickness': None, 'arbor': None, 'product_type': None, 'pack_quantity': None}, 'normalized': {'diameter': None, 'thickness': None, 'arbor': None, 'product_type': None, 'pack_quantity': None}, 'confidence': {}, 'evidence': [], 'status': 'accepted'}",0
AGB15520CG,1x6-20' Castle Gate Grooved - Landmark Azek PVC Decking,accepted,"{'mpn': 'AGB15520CG', 'manufacturer': 'Parksite (6151)', 'manufacturer_candidate': 'Parksite', 'brand_candidate': 'TIMBERTECH', 'identity_query': 'AGB15520CG Parksite TIMBERTECH', 'brands': ['TIMBERTECH'], 'description': ""1x6-20' Castle Gate Grooved - Landmark Azek PVC Decking""}","{'brand': 'TIMBERTECH', 'source': 'structured_field', 'confidence': 0.99, 'candidates': ['TIMBERTECH']}","{'value': 'Parksite', 'score': 100.0, 'match': 'Parksite'}","{'raw': {'diameter': None, 'thickness': None, 'arbor': None, 'product_type': None, 'pack_quantity': None}, 'normalized': {'diameter': None, 'thickness': None, 'arbor': None, 'product_type': None, 'pack_quantity': None}, 'confidence': {}, 'evidence': [], 'status': 'accepted'}",0
AGB15512FW,1x6-12' French White Oak Groov - Landmark Azek PVC Decking,accepted,"{'mpn': 'AGB15512FW', 'manufacturer': 'Parksite (6151)', 'manufacturer_candidate': 'Parksite', 'brand_candidate': 'TIMBERTECH', 'identity_query': 'AGB15512FW Parksite TIMBERTECH', 'brands': ['TIMBERTECH'], 'description': ""1x6-12' French White Oak Groov - Landmark Azek PVC Decking""}","{'brand': 'TIMBERTECH', 'source': 'structured_field', 'confidence': 0.99, 'candidates': ['TIMBERTECH']}","{'value': 'Parksite', 'score': 100.0, 'match': 'Parksite'}","{'raw': {'diameter': None, 'thickness': None, 'arbor': None, 'product_type': None, 'pack_quantity': None}, 'normalized': {'diameter': None, 'thickness': None, 'arbor': None, 'product_type': None, 'pack_quantity': None}, 'confidence': {}, 'evidence': [], 'status': 'accepted'}",0
AGB15516FW,1x6-16' French White Oak Groov - Landmark Azek PVC Decking,accepted,"{'mpn': 'AGB15516FW', 'manufacturer': 'Parksite (6151)', 'manufacturer_candidate': 'Parksite', 'brand_candidate': 'TIMBERTECH', 'identity_query': 'AGB15516FW Parksite TIMBERTECH', 'brands': ['TIMBERTECH'], 'description': ""1x6-16' French White Oak Groov - Landmark Azek PVC Decking""}","{'brand': 'TIMBERTECH', 'source': 'structured_field', 'confidence': 0.99, 'candidates': ['TIMBERTECH']}","{'value': 'Parksite', 'score': 100.0, 'match': 'Parksite'}","{'raw': {'diameter': None, 'thickness': None, 'arbor': None, 'product_type': None, 'pack_quantity': None}, 'normalized': {'diameter': None, 'thickness': None, 'arbor': None, 'product_type': None, 'pack_quantity': None}, 'confidence': {}, 'evidence': [], 'status': 'accepted'}",0
AGB15520FW,1x6-20' French White Oak Groov - Landmark Azek PVC Decking,accepted,"{'mpn': 'AGB15520FW', 'manufacturer': 'Parksite (6151)', 'manufacturer_candidate': 'Parksite', 'brand_candidate': 'TIMBERTECH', 'identity_query': 'AGB15520FW Parksite TIMBERTECH', 'brands': ['TIMBERTECH'], 'description': ""1x6-20' French White Oak Groov - Landmark Azek PVC Decking""}","{'brand': 'TIMBERTECH', 'source': 'structured_field', 'confidence': 0.99, 'candidates': ['TIMBERTECH']}","{'value': 'Parksite', 'score': 100.0, 'match': 'Parksite'}","{'raw': {'diameter': None, 'thickness': None, 'arbor': None, 'product_type': None, 'pack_quantity': None}, 'normalized': {'diameter': None, 'thickness': None, 'arbor': None, 'product_type': None, 'pack_quantity': None}, 'confidence': {}, 'evidence': [], 'status': 'accepted'}",0
ADCB15516BS,1x6-16' Brownstone Sq Edge - Harvest Azek PVC Decking,accepted,"{'mpn': 'ADCB15516BS', 'manufacturer': 'Parksite (6151)', 'manufacturer_candidate': 'Parksite', 'brand_candidate': 'TIMBERTECH', 'identity_query': 'ADCB15516BS Parksite TIMBERTECH', 'brands': ['TIMBERTECH'], 'description': ""1x6-16' Brownstone Sq Edge - Harvest Azek PVC Decking""}","{'brand': 'TIMBERTECH', 'source': 'structured_field', 'confidence': 0.99, 'candidates': ['TIMBERTECH']}","{'value': 'Parksite', 'score': 100.0, 'match': 'Parksite'}","{'raw': {'diameter': None, 'thickness': None, 'arbor': None, 'product_type': None, 'pack_quantity': None}, 'normalized': {'diameter': None, 'thickness': None, 'arbor': None, 'product_type': None, 'pack_quantity': None}, 'confidence': {}, 'evidence': [], 'status': 'accepted'}",0
ADCB15520BS,1x6-20' Brownstone Sq Edge - Harvest Azek PVC Decking,accepted,"{'mpn': 'ADCB15520BS', 'manufacturer': 'Parksite (6151)', 'manufacturer_candidate': 'Parksite', 'brand_candidate': 'TIMBERTECH', 'identity_query': 'ADCB15520BS Parksite TIMBERTECH', 'brands': ['TIMBERTECH'], 'description': ""1x6-20' Brownstone Sq Edge - Harvest Azek PVC Decking""}","{'brand': 'TIMBERTECH', 'source': 'structured_field', 'confidence': 0.99, 'candidates': ['TIMBERTECH']}","{'value': 'Parksite', 'score': 100.0, 'match': 'Parksite'}","{'raw': {'diameter': None, 'thickness': None, 'arbor': None, 'product_type': None, 'pack_quantity': None}, 'normalized': {'diameter': None, 'thickness': None, 'arbor': None, 'product_type': None, 'pack_quantity': None}, 'confidence': {}, 'evidence': [], 'status': 'accepted'}",0
ADCB15516SG,1x6-16' Slate Gray Sq Edge - Harvest Azek PVC Decking,accepted,"{'mpn': 'ADCB15516SG', 'manufacturer': 'Parksite (6151)', 'manufacturer_candidate': 'Parksite', 'brand_candidate': 'TIMBERTECH', 'identity_query': 'ADCB15516SG Parksite TIMBERTECH', 'brands': ['TIMBERTECH'], 'description': ""1x6-16' Slate Gray Sq Edge - Harvest Azek PVC Decking""}","{'brand': 'TIMBERTECH', 'source': 'structured_field', 'confidence': 0.99, 'candidates': ['TIMBERTECH']}","{'value': 'Parksite', 'score': 100.0, 'match': 'Parksite'}","{'raw': {'diameter': None, 'thickness': None, 'arbor': None, 'product_type': None, 'pack_quantity': None}, 'normalized': {'diameter': None, 'thickness': None, 'arbor': None, 'product_type': None, 'pack_quantity': None}, 'confidence': {}, 'evidence': [], 'status': 'accepted'}",0
ADCB15520SG,1x6-20' Slate Gray Sq Edge - Harvest Azek PVC Decking,accepted,"{'mpn': 'ADCB15520SG', 'manufacturer': 'Parksite (6151)', 'manufacturer_candidate': 'Parksite', 'brand_candidate': 'TIMBERTECH', 'identity_query': 'ADCB15520SG Parksite TIMBERTECH', 'brands': ['TIMBERTECH'], 'description': ""1x6-20' Slate Gray Sq Edge - Harvest Azek PVC Decking""}","{'brand': 'TIMBERTECH', 'source': 'structured_field', 'confidence': 0.99, 'candidates': ['TIMBERTECH']}","{'value': 'Parksite', 'score': 100.0, 'match': 'Parksite'}","{'raw': {'diameter': None, 'thickness': None, 'arbor': None, 'product_type': None, 'pack_quantity': None}, 'normalized': {'diameter': None, 'thickness': None, 'arbor': None, 'product_type': None, 'pack_quantity': None}, 'confidence': {}, 'evidence': [], 'status': 'accepted'}",0
AGB15512BS,1x6-12' Brownstone Grooved - Harvest Azek PVC Decking,accepted,"{'mpn': 'AGB15512BS', 'manufacturer': 'Parksite (6151)', 'manufacturer_candidate': 'Parksite', 'brand_candidate': 'TIMBERTECH', 'identity_query': 'AGB15512BS Parksite TIMBERTECH', 'brands': ['TIMBERTECH'], 'description': ""1x6-12' Brownstone Grooved - Harvest Azek PVC Decking""}","{'brand': 'TIMBERTECH', 'source': 'structured_field', 'confidence': 0.99, 'candidates': ['TIMBERTECH']}","{'value': 'Parksite', 'score': 100.0, 'match': 'Parksite'}","{'raw': {'diameter': None, 'thickness': None, 'arbor': None, 'product_type': None, 'pack_quantity': None}, 'normalized': {'diameter': None, 'thickness': None, 'arbor': None, 'product_type': None, 'pack_quantity': None}, 'confidence': {}, 'evidence': [], 'status': 'accepted'}",0
AGB15516BS,1x6-16' Brownstone Grooved - Harvest Azek PVC Decking,accepted,"{'mpn': 'AGB15516BS', 'manufacturer': 'Parksite (6151)', 'manufacturer_candidate': 'Parksite', 'brand_candidate': 'TIMBERTECH', 'identity_query': 'AGB15516BS Parksite TIMBERTECH', 'brands': ['TIMBERTECH'], 'description': ""1x6-16' Brownstone Grooved - Harvest Azek PVC Decking""}","{'brand': 'TIMBERTECH', 'source': 'structured_field', 'confidence': 0.99, 'candidates': ['TIMBERTECH']}","{'value': 'Parksite', 'score': 100.0, 'match': 'Parksite'}","{'raw': {'diameter': None, 'thickness': None, 'arbor': None, 'product_type': None, 'pack_quantity': None}, 'normalized': {'diameter': None, 'thickness': None, 'arbor': None, 'product_type': None, 'pack_quantity': None}, 'confidence': {}, 'evidence': [], 'status': 'accepted'}",0
AGB15520BS,1x6-20' Brownstone Grooved - Harvest Azek PVC Decking,accepted,"{'mpn': 'AGB15520BS', 'manufacturer': 'Parksite (6151)', 'manufacturer_candidate': 'Parksite', 'brand_candidate': 'TIMBERTECH', 'identity_query': 'AGB15520BS Parksite TIMBERTECH', 'brands': ['TIMBERTECH'], 'description': ""1x6-20' Brownstone Grooved - Harvest Azek PVC Decking""}","{'brand': 'TIMBERTECH', 'source': 'structured_field', 'confidence': 0.99, 'candidates': ['TIMBERTECH']}","{'value': 'Parksite', 'score': 100.0, 'match': 'Parksite'}","{'raw': {'diameter': None, 'thickness': None, 'arbor': None, 'product_type': None, 'pack_quantity': None}, 'normalized': {'diameter': None, 'thickness': None, 'arbor': None, 'product_type': None, 'pack_quantity': None}, 'confidence': {}, 'evidence': [], 'status': 'accepted'}",0
AGB15512SG,1x6-12' Slate Gray Grooved - Harvest Azek PVC Decking,accepted,"{'mpn': 'AGB15512SG', 'manufacturer': 'Parksite (6151)', 'manufacturer_candidate': 'Parksite', 'brand_candidate': 'TIMBERTECH', 'identity_query': 'AGB15512SG Parksite TIMBERTECH', 'brands': ['TIMBERTECH'], 'description': ""1x6-12' Slate Gray Grooved - Harvest Azek PVC Decking""}","{'brand': 'TIMBERTECH', 'source': 'structured_field', 'confidence': 0.99, 'candidates': ['TIMBERTECH']}","{'value': 'Parksite', 'score': 100.0, 'match': 'Parksite'}","{'raw': {'diameter': None, 'thickness': None, 'arbor': None, 'product_type': None, 'pack_quantity': None}, 'normalized': {'diameter': None, 'thickness': None, 'arbor': None, 'product_type': None, 'pack_quantity': None}, 'confidence': {}, 'evidence': [], 'status': 'accepted'}",0
AGB15516SG,1x6-16' Slate Gray Grooved - Harvest Azek PVC Decking,accepted,"{'mpn': 'AGB15516SG', 'manufacturer': 'Parksite (6151)', 'manufacturer_candidate': 'Parksite', 'brand_candidate': 'TIMBERTECH', 'identity_query': 'AGB15516SG Parksite TIMBERTECH', 'brands': ['TIMBERTECH'], 'description': ""1x6-16' Slate Gray Grooved - Harvest Azek PVC Decking""}","{'brand': 'TIMBERTECH', 'source': 'structured_field', 'confidence': 0.99, 'candidates': ['TIMBERTECH']}","{'value': 'Parksite', 'score': 100.0, 'match': 'Parksite'}","{'raw': {'diameter': None, 'thickness': None, 'arbor': None, 'product_type': None, 'pack_quantity': None}, 'normalized': {'diameter': None, 'thickness': None, 'arbor': None, 'product_type': None, 'pack_quantity': None}, 'confidence': {}, 'evidence': [], 'status': 'accepted'}",0
AGB15520SG,1x6-20' Slate Gray Grooved - Harvest Azek PVC Decking,accepted,"{'mpn': 'AGB15520SG', 'manufacturer': 'Parksite (6151)', 'manufacturer_candidate': 'Parksite', 'brand_candidate': 'TIMBERTECH', 'identity_query': 'AGB15520SG Parksite TIMBERTECH', 'brands': ['TIMBERTECH'], 'description': ""1x6-20' Slate Gray Grooved - Harvest Azek PVC Decking""}","{'brand': 'TIMBERTECH', 'source': 'structured_field', 'confidence': 0.99, 'candidates': ['TIMBERTECH']}","{'value': 'Parksite', 'score': 100.0, 'match': 'Parksite'}","{'raw': {'diameter': None, 'thickness': None, 'arbor': None, 'product_type': None, 'pack_quantity': None}, 'normalized': {'diameter': None, 'thickness': None, 'arbor': None, 'product_type': None, 'pack_quantity': None}, 'confidence': {}, 'evidence': [], 'status': 'accepted'}",0
543140016,1nx6-16' Biscayne Sq Edge - Trex Transcend Lineage Decking,accepted,"{'mpn': '543140016', 'manufacturer': 'U S Lumber (3073)', 'manufacturer_candidate': 'U S Lumber', 'brand_candidate': 'TREX', 'identity_query': '543140016 U S Lumber TREX', 'brands': ['TREX'], 'description': ""1nx6-16' Biscayne Sq Edge - Trex Transcend Lineage Decking""}","{'brand': 'TREX', 'source': 'structured_field', 'confidence': 0.99, 'candidates': ['TREX']}","{'value': 'U S Lumber', 'score': 100.0, 'match': 'U S Lumber'}","{'raw': {'diameter': None, 'thickness': None, 'arbor': None, 'product_type': None, 'pack_quantity': None}, 'normalized': {'diameter': None, 'thickness': None, 'arbor': None, 'product_type': None, 'pack_quantity': None}, 'confidence': {}, 'evidence': [], 'status': 'accepted'}",0
543140020,1nx6-20' Biscayne Sq Edge - Trex Transcend Lineage Decking,accepted,"{'mpn': '543140020', 'manufacturer': 'U S Lumber (3073)', 'manufacturer_candidate': 'U S Lumber', 'brand_candidate': 'TREX', 'identity_query': '543140020 U S Lumber TREX', 'brands': ['TREX'], 'description': ""1nx6-20' Biscayne Sq Edge - Trex Transcend Lineage Decking""}","{'brand': 'TREX', 'source': 'structured_field', 'confidence': 0.99, 'candidates': ['TREX']}","{'value': 'U S Lumber', 'score': 100.0, 'match': 'U S Lumber'}","{'raw': {'diameter': None, 'thickness': None, 'arbor': None, 'product_type': None, 'pack_quantity': None}, 'normalized': {'diameter': None, 'thickness': None, 'arbor': None, 'product_type': None, 'pack_quantity': None}, 'confidence': {}, 'evidence': [], 'status': 'accepted'}",0
543142016,1nx6-16' Carmel Sq Edge - Trex Transcend Lineage Decking,accepted,"{'mpn': '543142016', 'manufacturer': 'U S Lumber (3073)', 'manufacturer_candidate': 'U S Lumber', 'brand_candidate': 'TREX', 'identity_query': '543142016 U S Lumber TREX', 'brands': ['TREX'], 'description': ""1nx6-16' Carmel Sq Edge - Trex Transcend Lineage Decking""}","{'brand': 'TREX', 'source': 'structured_field', 'confidence': 0.99, 'candidates': ['TREX']}","{'value': 'U S Lumber', 'score': 100.0, 'match': 'U S Lumber'}","{'raw': {'diameter': None, 'thickness': None, 'arbor': None, 'product_type': None, 'pack_quantity': None}, 'normalized': {'diameter': None, 'thickness': None, 'arbor': None, 'product_type': None, 'pack_quantity': None}, 'confidence': {}, 'evidence': [], 'status': 'accepted'}",0
543142020,1nx6-20' Carmel Sq Edge - Trex Transcend Lineage Decking,accepted,"{'mpn': '543142020', 'manufacturer': 'U S Lumber (3073)', 'manufacturer_candidate': 'U S Lumber', 'brand_candidate': 'TREX', 'identity_query': '543142020 U S Lumber TREX', 'brands': ['TREX'], 'description': ""1nx6-20' Carmel Sq Edge - Trex Transcend Lineage Decking""}","{'brand': 'TREX', 'source': 'structured_field', 'confidence': 0.99, 'candidates': ['TREX']}","{'value': 'U S Lumber', 'score': 100.0, 'match': 'U S Lumber'}","{'raw': {'diameter': None, 'thickness': None, 'arbor': None, 'product_type': None, 'pack_quantity': None}, 'normalized': {'diameter': None, 'thickness': None, 'arbor': None, 'product_type': None, 'pack_quantity': None}, 'confidence': {}, 'evidence': [], 'status': 'accepted'}",0
543144016,1nx6-16' Island Mist Sq Edge - Trex Transcend Lineage Decking,accepted,"{'mpn': '543144016', 'manufacturer': 'U S Lumber (3073)', 'manufacturer_candidate': 'U S Lumber', 'brand_candidate': 'TREX', 'identity_query': '543144016 U S Lumber TREX', 'brands': ['TREX'], 'description': ""1nx6-16' Island Mist Sq Edge - Trex Transcend Lineage Decking""}","{'brand': 'TREX', 'source': 'structured_field', 'confidence': 0.99, 'candidates': ['TREX']}","{'value': 'U S Lumber', 'score': 100.0, 'match': 'U S Lumber'}","{'raw': {'diameter': None, 'thickness': None, 'arbor': None, 'product_type': None, 'pack_quantity': None}, 'normalized': {'diameter': None, 'thickness': None, 'arbor': None, 'product_type': None, 'pack_quantity': None}, 'confidence': {}, 'evidence': [], 'status': 'accepted'}",0
543144020,1nx6-20' Island Mist Sq Edge - Trex Transcend Lineage Decking,accepted,"{'mpn': '543144020', 'manufacturer': 'U S Lumber (3073)', 'manufacturer_candidate': 'U S Lumber', 'brand_candidate': 'TREX', 'identity_query': '543144020 U S Lumber TREX', 'brands': ['TREX'], 'description': ""1nx6-20' Island Mist Sq Edge - Trex Transcend Lineage Decking""}","{'brand': 'TREX', 'source': 'structured_field', 'confidence': 0.99, 'candidates': ['TREX']}","{'value': 'U S Lumber', 'score': 100.0, 'match': 'U S Lumber'}","{'raw': {'diameter': None, 'thickness': None, 'arbor': None, 'product_type': None, 'pack_quantity': None}, 'normalized': {'diameter': None, 'thickness': None, 'arbor': None, 'product_type': None, 'pack_quantity': None}, 'confidence': {}, 'evidence': [], 'status': 'accepted'}",0
543143016,1nx6-16' Jasper Sq Edge - Trex Transcend Lineage Decking,accepted,"{'mpn': '543143016', 'manufacturer': 'U S Lumber (3073)', 'manufacturer_candidate': 'U S Lumber', 'brand_candidate': 'TREX', 'identity_query': '543143016 U S Lumber TREX', 'brands': ['TREX'], 'description': ""1nx6-16' Jasper Sq Edge - Trex Transcend Lineage Decking""}","{'brand': 'TREX', 'source': 'structured_field', 'confidence': 0.99, 'candidates': ['TREX']}","{'value': 'U S Lumber', 'score': 100.0, 'match': 'U S Lumber'}","{'raw': {'diameter': None, 'thickness': None, 'arbor': None, 'product_type': None, 'pack_quantity': None}, 'normalized': {'diameter': None, 'thickness': None, 'arbor': None, 'product_type': None, 'pack_quantity': None}, 'confidence': {}, 'evidence': [], 'status': 'accepted'}",0
543143020,1nx6-20' Jasper Sq Edge - Trex Transcend Lineage Decking,accepted,"{'mpn': '543143020', 'manufacturer': 'U S Lumber (3073)', 'manufacturer_candidate': 'U S Lumber', 'brand_candidate': 'TREX', 'identity_query': '543143020 U S Lumber TREX', 'brands': ['TREX'], 'description': ""1nx6-20' Jasper Sq Edge - Trex Transcend Lineage Decking""}","{'brand': 'TREX', 'source': 'structured_field', 'confidence': 0.99, 'candidates': ['TREX']}","{'value': 'U S Lumber', 'score': 100.0, 'match': 'U S Lumber'}","{'raw': {'diameter': None, 'thickness': None, 'arbor': None, 'product_type': None, 'pack_quantity': None}, 'normalized': {'diameter': None, 'thickness': None, 'arbor': None, 'product_type': None, 'pack_quantity': None}, 'confidence': {}, 'evidence': [], 'status': 'accepted'}",0
543141016,1nx6-16' Rainier Sq Edge - Trex Transcend Lineage Decking,accepted,"{'mpn': '543141016', 'manufacturer': 'U S Lumber (3073)', 'manufacturer_candidate': 'U S Lumber', 'brand_candidate': 'TREX', 'identity_query': '543141016 U S Lumber TREX', 'brands': ['TREX'], 'description': ""1nx6-16' Rainier Sq Edge - Trex Transcend Lineage Decking""}","{'brand': 'TREX', 'source': 'structured_field', 'confidence': 0.99, 'candidates': ['TREX']}","{'value': 'U S Lumber', 'score': 100.0, 'match': 'U S Lumber'}","{'raw': {'diameter': None, 'thickness': None, 'arbor': None, 'product_type': None, 'pack_quantity': None}, 'normalized': {'diameter': None, 'thickness': None, 'arbor': None, 'product_type': None, 'pack_quantity': None}, 'confidence': {}, 'evidence': [], 'status': 'accepted'}",0
543141020,1nx6-20' Rainier Sq Edge - Trex Transcend Lineage Decking,accepted,"{'mpn': '543141020', 'manufacturer': 'U S Lumber (3073)', 'manufacturer_candidate': 'U S Lumber', 'brand_candidate': 'TREX', 'identity_query': '543141020 U S Lumber TREX', 'brands': ['TREX'], 'description': ""1nx6-20' Rainier Sq Edge - Trex Transcend Lineage Decking""}","{'brand': 'TREX', 'source': 'structured_field', 'confidence': 0.99, 'candidates': ['TREX']}","{'value': 'U S Lumber', 'score': 100.0, 'match': 'U S Lumber'}","{'raw': {'diameter': None, 'thickness': None, 'arbor': None, 'product_type': None, 'pack_quantity': None}, 'normalized': {'diameter': None, 'thickness': None, 'arbor': None, 'product_type': None, 'pack_quantity': None}, 'confidence': {}, 'evidence': [], 'status': 'accepted'}",0
543140412,1nx6-12' Biscayne Grooved - Trex Transcend Lineage Decking,accepted,"{'mpn': '543140412', 'manufacturer': 'U S Lumber (3073)', 'manufacturer_candidate': 'U S Lumber', 'brand_candidate': 'TREX', 'identity_query': '543140412 U S Lumber TREX', 'brands': ['TREX'], 'description': ""1nx6-12' Biscayne Grooved - Trex Transcend Lineage Decking""}","{'brand': 'TREX', 'source': 'structured_field', 'confidence': 0.99, 'candidates': ['TREX']}","{'value': 'U S Lumber', 'score': 100.0, 'match': 'U S Lumber'}","{'raw': {'diameter': None, 'thickness': None, 'arbor': None, 'product_type': None, 'pack_quantity': None}, 'normalized': {'diameter': None, 'thickness': None, 'arbor': None, 'product_type': None, 'pack_quantity': None}, 'confidence': {}, 'evidence': [], 'status': 'accepted'}",0
543140416,1nx6-16' Biscayne Grooved - Trex Transcend Lineage Decking,accepted,"{'mpn': '543140416', 'manufacturer': 'U S Lumber (3073)', 'manufacturer_candidate': 'U S Lumber', 'brand_candidate': 'TREX', 'identity_query': '543140416 U S Lumber TREX', 'brands': ['TREX'], 'description': ""1nx6-16' Biscayne Grooved - Trex Transcend Lineage Decking""}","{'brand': 'TREX', 'source': 'structured_field', 'confidence': 0.99, 'candidates': ['TREX']}","{'value': 'U S Lumber', 'score': 100.0, 'match': 'U S Lumber'}","{'raw': {'diameter': None, 'thickness': None, 'arbor': None, 'product_type': None, 'pack_quantity': None}, 'normalized': {'diameter': None, 'thickness': None, 'arbor': None, 'product_type': None, 'pack_quantity': None}, 'confidence': {}, 'evidence': [], 'status': 'accepted'}",0
543140420,1nx6-20' Biscayne Grooved - Trex Transcend Lineage Decking,accepted,"{'mpn': '543140420', 'manufacturer': 'U S Lumber (3073)', 'manufacturer_candidate': 'U S Lumber', 'brand_candidate': 'TREX', 'identity_query': '543140420 U S Lumber TREX', 'brands': ['TREX'], 'description': ""1nx6-20' Biscayne Grooved - Trex Transcend Lineage Decking""}","{'brand': 'TREX', 'source': 'structured_field', 'confidence': 0.99, 'candidates': ['TREX']}","{'value': 'U S Lumber', 'score': 100.0, 'match': 'U S Lumber'}","{'raw': {'diameter': None, 'thickness': None, 'arbor': None, 'product_type': None, 'pack_quantity': None}, 'normalized': {'diameter': None, 'thickness': None, 'arbor': None, 'product_type': None, 'pack_quantity': None}, 'confidence': {}, 'evidence': [], 'status': 'accepted'}",0
543142412,1nx6-12' Carmel Grooved - Trex Transcend Lineage Decking,accepted,"{'mpn': '543142412', 'manufacturer': 'U S Lumber (3073)', 'manufacturer_candidate': 'U S Lumber', 'brand_candidate': 'TREX', 'identity_query': '543142412 U S Lumber TREX', 'brands': ['TREX'], 'description': ""1nx6-12' Carmel Grooved - Trex Transcend Lineage Decking""}","{'brand': 'TREX', 'source': 'structured_field', 'confidence': 0.99, 'candidates': ['TREX']}","{'value': 'U S Lumber', 'score': 100.0, 'match': 'U S Lumber'}","{'raw': {'diameter': None, 'thickness': None, 'arbor': None, 'product_type': None, 'pack_quantity': None}, 'normalized': {'diameter': None, 'thickness': None, 'arbor': None, 'product_type': None, 'pack_quantity': None}, 'confidence': {}, 'evidence': [], 'status': 'accepted'}",0
543142416,1nx6-16' Carmel Grooved - Trex Transcend Lineage Decking,accepted,"{'mpn': '543142416', 'manufacturer': 'U S Lumber (3073)', 'manufacturer_candidate': 'U S Lumber', 'brand_candidate': 'TREX', 'identity_query': '543142416 U S Lumber TREX', 'brands': ['TREX'], 'description': ""1nx6-16' Carmel Grooved - Trex Transcend Lineage Decking""}","{'brand': 'TREX', 'source': 'structured_field', 'confidence': 0.99, 'candidates': ['TREX']}","{'value': 'U S Lumber', 'score': 100.0, 'match': 'U S Lumber'}","{'raw': {'diameter': None, 'thickness': None, 'arbor': None, 'product_type': None, 'pack_quantity': None}, 'normalized': {'diameter': None, 'thickness': None, 'arbor': None, 'product_type': None, 'pack_quantity': None}, 'confidence': {}, 'evidence': [], 'status': 'accepted'}",0
543142420,1nx6-20' Carmel Grooved - Trex Transcend Lineage Decking,accepted,"{'mpn': '543142420', 'manufacturer': 'U S Lumber (3073)', 'manufacturer_candidate': 'U S Lumber', 'brand_candidate': 'TREX', 'identity_query': '543142420 U S Lumber TREX', 'brands': ['TREX'], 'description': ""1nx6-20' Carmel Grooved - Trex Transcend Lineage Decking""}","{'brand': 'TREX', 'source': 'structured_field', 'confidence': 0.99, 'candidates': ['TREX']}","{'value': 'U S Lumber', 'score': 100.0, 'match': 'U S Lumber'}","{'raw': {'diameter': None, 'thickness': None, 'arbor': None, 'product_type': None, 'pack_quantity': None}, 'normalized': {'diameter': None, 'thickness': None, 'arbor': None, 'product_type': None, 'pack_quantity': None}, 'confidence': {}, 'evidence': [], 'status': 'accepted'}",0
543144412,1nx6-12' Island Mist Grooved - Trex Transcend Lineage Decking,accepted,"{'mpn': '543144412', 'manufacturer': 'U S Lumber (3073)', 'manufacturer_candidate': 'U S Lumber', 'brand_candidate': 'TREX', 'identity_query': '543144412 U S Lumber TREX', 'brands': ['TREX'], 'description': ""1nx6-12' Island Mist Grooved - Trex Transcend Lineage Decking""}","{'brand': 'TREX', 'source': 'structured_field', 'confidence': 0.99, 'candidates': ['TREX']}","{'value': 'U S Lumber', 'score': 100.0, 'match': 'U S Lumber'}","{'raw': {'diameter': None, 'thickness': None, 'arbor': None, 'product_type': None, 'pack_quantity': None}, 'normalized': {'diameter': None, 'thickness': None, 'arbor': None, 'product_type': None, 'pack_quantity': None}, 'confidence': {}, 'evidence': [], 'status': 'accepted'}",0
543144416,1nx6-16' Island Mist Grooved - Trex Transcend Lineage Decking,accepted,"{'mpn': '543144416', 'manufacturer': 'U S Lumber (3073)', 'manufacturer_candidate': 'U S Lumber', 'brand_candidate': 'TREX', 'identity_query': '543144416 U S Lumber TREX', 'brands': ['TREX'], 'description': ""1nx6-16' Island Mist Grooved - Trex Transcend Lineage Decking""}","{'brand': 'TREX', 'source': 'structured_field', 'confidence': 0.99, 'candidates': ['TREX']}","{'value': 'U S Lumber', 'score': 100.0, 'match': 'U S Lumber'}","{'raw': {'diameter': None, 'thickness': None, 'arbor': None, 'product_type': None, 'pack_quantity': None}, 'normalized': {'diameter': None, 'thickness': None, 'arbor': None, 'product_type': None, 'pack_quantity': None}, 'confidence': {}, 'evidence': [], 'status': 'accepted'}",0
543144420,1nx6-20' Island Mist Grooved - Trex Transcend Lineage Decking,accepted,"{'mpn': '543144420', 'manufacturer': 'U S Lumber (3073)', 'manufacturer_candidate': 'U S Lumber', 'brand_candidate': 'TREX', 'identity_query': '543144420 U S Lumber TREX', 'brands': ['TREX'], 'description': ""1nx6-20' Island Mist Grooved - Trex Transcend Lineage Decking""}","{'brand': 'TREX', 'source': 'structured_field', 'confidence': 0.99, 'candidates': ['TREX']}","{'value': 'U S Lumber', 'score': 100.0, 'match': 'U S Lumber'}","{'raw': {'diameter': None, 'thickness': None, 'arbor': None, 'product_type': None, 'pack_quantity': None}, 'normalized': {'diameter': None, 'thickness': None, 'arbor': None, 'product_type': None, 'pack_quantity': None}, 'confidence': {}, 'evidence': [], 'status': 'accepted'}",0
543143412,1nx6-12' Jasper Grooved - Trex Transcend Lineage Decking,accepted,"{'mpn': '543143412', 'manufacturer': 'U S Lumber (3073)', 'manufacturer_candidate': 'U S Lumber', 'brand_candidate': 'TREX', 'identity_query': '543143412 U S Lumber TREX', 'brands': ['TREX'], 'description': ""1nx6-12' Jasper Grooved - Trex Transcend Lineage Decking""}","{'brand': 'TREX', 'source': 'structured_field', 'confidence': 0.99, 'candidates': ['TREX']}","{'value': 'U S Lumber', 'score': 100.0, 'match': 'U S Lumber'}","{'raw': {'diameter': None, 'thickness': None, 'arbor': None, 'product_type': None, 'pack_quantity': None}, 'normalized': {'diameter': None, 'thickness': None, 'arbor': None, 'product_type': None, 'pack_quantity': None}, 'confidence': {}, 'evidence': [], 'status': 'accepted'}",0
543143416,1nx6-16' Jasper Grooved - Trex Transcend Lineage Decking,accepted,"{'mpn': '543143416', 'manufacturer': 'U S Lumber (3073)', 'manufacturer_candidate': 'U S Lumber', 'brand_candidate': 'TREX', 'identity_query': '543143416 U S Lumber TREX', 'brands': ['TREX'], 'description': ""1nx6-16' Jasper Grooved - Trex Transcend Lineage Decking""}","{'brand': 'TREX', 'source': 'structured_field', 'confidence': 0.99, 'candidates': ['TREX']}","{'value': 'U S Lumber', 'score': 100.0, 'match': 'U S Lumber'}","{'raw': {'diameter': None, 'thickness': None, 'arbor': None, 'product_type': None, 'pack_quantity': None}, 'normalized': {'diameter': None, 'thickness': None, 'arbor': None, 'product_type': None, 'pack_quantity': None}, 'confidence': {}, 'evidence': [], 'status': 'accepted'}",0
543143420,1nx6-20' Jasper Grooved - Trex Transcend Lineage Decking,accepted,"{'mpn': '543143420', 'manufacturer': 'U S Lumber (3073)', 'manufacturer_candidate': 'U S Lumber', 'brand_candidate': 'TREX', 'identity_query': '543143420 U S Lumber TREX', 'brands': ['TREX'], 'description': ""1nx6-20' Jasper Grooved - Trex Transcend Lineage Decking""}","{'brand': 'TREX', 'source': 'structured_field', 'confidence': 0.99, 'candidates': ['TREX']}","{'value': 'U S Lumber', 'score': 100.0, 'match': 'U S Lumber'}","{'raw': {'diameter': None, 'thickness': None, 'arbor': None, 'product_type': None, 'pack_quantity': None}, 'normalized': {'diameter': None, 'thickness': None, 'arbor': None, 'product_type': None, 'pack_quantity': None}, 'confidence': {}, 'evidence': [], 'status': 'accepted'}",0
543141412,1nx6-12' Rainier Grooved - Trex Transcend Lineage Decking,accepted,"{'mpn': '543141412', 'manufacturer': 'U S Lumber (3073)', 'manufacturer_candidate': 'U S Lumber', 'brand_candidate': 'TREX', 'identity_query': '543141412 U S Lumber TREX', 'brands': ['TREX'], 'description': ""1nx6-12' Rainier Grooved - Trex Transcend Lineage Decking""}","{'brand': 'TREX', 'source': 'structured_field', 'confidence': 0.99, 'candidates': ['TREX']}","{'value': 'U S Lumber', 'score': 100.0, 'match': 'U S Lumber'}","{'raw': {'diameter': None, 'thickness': None, 'arbor': None, 'product_type': None, 'pack_quantity': None}, 'normalized': {'diameter': None, 'thickness': None, 'arbor': None, 'product_type': None, 'pack_quantity': None}, 'confidence': {}, 'evidence': [], 'status': 'accepted'}",0
543141416,1nx6-16' Rainier Grooved - Trex Transcend Lineage Decking,accepted,"{'mpn': '543141416', 'manufacturer': 'U S Lumber (3073)', 'manufacturer_candidate': 'U S Lumber', 'brand_candidate': 'TREX', 'identity_query': '543141416 U S Lumber TREX', 'brands': ['TREX'], 'description': ""1nx6-16' Rainier Grooved - Trex Transcend Lineage Decking""}","{'brand': 'TREX', 'source': 'structured_field', 'confidence': 0.99, 'candidates': ['TREX']}","{'value': 'U S Lumber', 'score': 100.0, 'match': 'U S Lumber'}","{'raw': {'diameter': None, 'thickness': None, 'arbor': None, 'product_type': None, 'pack_quantity': None}, 'normalized': {'diameter': None, 'thickness': None, 'arbor': None, 'product_type': None, 'pack_quantity': None}, 'confidence': {}, 'evidence': [], 'status': 'accepted'}",0
543141420,1nx6-20' Rainier Grooved - Trex Transcend Lineage Decking,accepted,"{'mpn': '543141420', 'manufacturer': 'U S Lumber (3073)', 'manufacturer_candidate': 'U S Lumber', 'brand_candidate': 'TREX', 'identity_query': '543141420 U S Lumber TREX', 'brands': ['TREX'], 'description': ""1nx6-20' Rainier Grooved - Trex Transcend Lineage Decking""}","{'brand': 'TREX', 'source': 'structured_field', 'confidence': 0.99, 'candidates': ['TREX']}","{'value': 'U S Lumber', 'score': 100.0, 'match': 'U S Lumber'}","{'raw': {'diameter': None, 'thickness': None, 'arbor': None, 'product_type': None, 'pack_quantity': None}, 'normalized': {'diameter': None, 'thickness': None, 'arbor': None, 'product_type': None, 'pack_quantity': None}, 'confidence': {}, 'evidence': [], 'status': 'accepted'}",0
1513703,1nx6-16' Hatteras Sq Edge - Trex Transcend Lineage Decking,accepted,"{'mpn': '1513703', 'manufacturer': 'Boise Cascade Building Materials (BOICA)', 'manufacturer_candidate': 'Boise Cascade Building Materials', 'brand_candidate': 'TREX', 'identity_query': '1513703 Boise Cascade Building Materials TREX', 'brands': ['TREX'], 'description': ""1nx6-16' Hatteras Sq Edge - Trex Transcend Lineage Decking""}","{'brand': 'TREX', 'source': 'structured_field', 'confidence': 0.99, 'candidates': ['TREX']}","{'value': 'Boise Cascade Building Materials', 'score': 100.0, 'match': 'Boise Cascade Building Materials'}","{'raw': {'diameter': None, 'thickness': None, 'arbor': None, 'product_type': None, 'pack_quantity': None}, 'normalized': {'diameter': None, 'thickness': None, 'arbor': None, 'product_type': None, 'pack_quantity': None}, 'confidence': {}, 'evidence': [], 'status': 'accepted'}",0
1513704,1nx6-20' Hatteras Sq Edge - Trex Transcend Lineage Decking,accepted,"{'mpn': '1513704', 'manufacturer': 'Boise Cascade Building Materials (BOICA)', 'manufacturer_candidate': 'Boise Cascade Building Materials', 'brand_candidate': 'TREX', 'identity_query': '1513704 Boise Cascade Building Materials TREX', 'brands': ['TREX'], 'description': ""1nx6-20' Hatteras Sq Edge - Trex Transcend Lineage Decking""}","{'brand': 'TREX', 'source': 'structured_field', 'confidence': 0.99, 'candidates': ['TREX']}","{'value': 'Boise Cascade Building Materials', 'score': 100.0, 'match': 'Boise Cascade Building Materials'}","{'raw': {'diameter': None, 'thickness': None, 'arbor': None, 'product_type': None, 'pack_quantity': None}, 'normalized': {'diameter': None, 'thickness': None, 'arbor': None, 'product_type': None, 'pack_quantity': None}, 'confidence': {}, 'evidence': [], 'status': 'accepted'}",0
1513705,1nx6-12' Hatteras Grooved - Trex Transcend Lineage Decking,accepted,"{'mpn': '1513705', 'manufacturer': 'Boise Cascade Building Materials (BOICA)', 'manufacturer_candidate': 'Boise Cascade Building Materials', 'brand_candidate': 'TREX', 'identity_query': '1513705 Boise Cascade Building Materials TREX', 'brands': ['TREX'], 'description': ""1nx6-12' Hatteras Grooved - Trex Transcend Lineage Decking""}","{'brand': 'TREX', 'source': 'structured_field', 'confidence': 0.99, 'candidates': ['TREX']}","{'value': 'Boise Cascade Building Materials', 'score': 100.0, 'match': 'Boise Cascade Building Materials'}","{'raw': {'diameter': None, 'thickness': None, 'arbor': None, 'product_type': None, 'pack_quantity': None}, 'normalized': {'diameter': None, 'thickness': None, 'arbor': None, 'product_type': None, 'pack_quantity': None}, 'confidence': {}, 'evidence': [], 'status': 'accepted'}",0
1513706,1nx6-16' Hatteras Grooved - Trex Transcend Lineage Decking,accepted,"{'mpn': '1513706', 'manufacturer': 'Boise Cascade Building Materials (BOICA)', 'manufacturer_candidate': 'Boise Cascade Building Materials', 'brand_candidate': 'TREX', 'identity_query': '1513706 Boise Cascade Building Materials TREX', 'brands': ['TREX'], 'description': ""1nx6-16' Hatteras Grooved - Trex Transcend Lineage Decking""}","{'brand': 'TREX', 'source': 'structured_field', 'confidence': 0.99, 'candidates': ['TREX']}","{'value': 'Boise Cascade Building Materials', 'score': 100.0, 'match': 'Boise Cascade Building Materials'}","{'raw': {'diameter': None, 'thickness': None, 'arbor': None, 'product_type': None, 'pack_quantity': None}, 'normalized': {'diameter': None, 'thickness': None, 'arbor': None, 'product_type': None, 'pack_quantity': None}, 'confidence': {}, 'evidence': [], 'status': 'accepted'}",0
1513707,1nx6-20' Hatteras Grooved - Trex Transcend Lineage Decking,accepted,"{'mpn': '1513707', 'manufacturer': 'Boise Cascade Building Materials (BOICA)', 'manufacturer_candidate': 'Boise Cascade Building Materials', 'brand_candidate': 'TREX', 'identity_query': '1513707 Boise Cascade Building Materials TREX', 'brands': ['TREX'], 'description': ""1nx6-20' Hatteras Grooved - Trex Transcend Lineage Decking""}","{'brand': 'TREX', 'source': 'structured_field', 'confidence': 0.99, 'candidates': ['TREX']}","{'value': 'Boise Cascade Building Materials', 'score': 100.0, 'match': 'Boise Cascade Building Materials'}","{'raw': {'diameter': None, 'thickness': None, 'arbor': None, 'product_type': None, 'pack_quantity': None}, 'normalized': {'diameter': None, 'thickness': None, 'arbor': None, 'product_type': None, 'pack_quantity': None}, 'confidence': {}, 'evidence': [], 'status': 'accepted'}",0
1513708,1nx6-16' Salt Flat Sq Edge - Trex Transcend Lineage Decking,accepted,"{'mpn': '1513708', 'manufacturer': 'Boise Cascade Building Materials (BOICA)', 'manufacturer_candidate': 'Boise Cascade Building Materials', 'brand_candidate': 'TREX', 'identity_query': '1513708 Boise Cascade Building Materials TREX', 'brands': ['TREX'], 'description': ""1nx6-16' Salt Flat Sq Edge - Trex Transcend Lineage Decking""}","{'brand': 'TREX', 'source': 'structured_field', 'confidence': 0.99, 'candidates': ['TREX']}","{'value': 'Boise Cascade Building Materials', 'score': 100.0, 'match': 'Boise Cascade Building Materials'}","{'raw': {'diameter': None, 'thickness': None, 'arbor': None, 'product_type': None, 'pack_quantity': None}, 'normalized': {'diameter': None, 'thickness': None, 'arbor': None, 'product_type': None, 'pack_quantity': None}, 'confidence': {}, 'evidence': [], 'status': 'accepted'}",0
1513709,1nx6-20' Salt Flat Sq Edge - Trex Transcend Lineage Decking,accepted,"{'mpn': '1513709', 'manufacturer': 'Boise Cascade Building Materials (BOICA)', 'manufacturer_candidate': 'Boise Cascade Building Materials', 'brand_candidate': 'TREX', 'identity_query': '1513709 Boise Cascade Building Materials TREX', 'brands': ['TREX'], 'description': ""1nx6-20' Salt Flat Sq Edge - Trex Transcend Lineage Decking""}","{'brand': 'TREX', 'source': 'structured_field', 'confidence': 0.99, 'candidates': ['TREX']}","{'value': 'Boise Cascade Building Materials', 'score': 100.0, 'match': 'Boise Cascade Building Materials'}","{'raw': {'diameter': None, 'thickness': None, 'arbor': None, 'product_type': None, 'pack_quantity': None}, 'normalized': {'diameter': None, 'thickness': None, 'arbor': None, 'product_type': None, 'pack_quantity': None}, 'confidence': {}, 'evidence': [], 'status': 'accepted'}",0
1513710,1nx6-12' Salt Flat Grooved - Trex Transcend Lineage Decking,accepted,"{'mpn': '1513710', 'manufacturer': 'Boise Cascade Building Materials (BOICA)', 'manufacturer_candidate': 'Boise Cascade Building Materials', 'brand_candidate': 'TREX', 'identity_query': '1513710 Boise Cascade Building Materials TREX', 'brands': ['TREX'], 'description': ""1nx6-12' Salt Flat Grooved - Trex Transcend Lineage Decking""}","{'brand': 'TREX', 'source': 'structured_field', 'confidence': 0.99, 'candidates': ['TREX']}","{'value': 'Boise Cascade Building Materials', 'score': 100.0, 'match': 'Boise Cascade Building Materials'}","{'raw': {'diameter': None, 'thickness': None, 'arbor': None, 'product_type': None, 'pack_quantity': None}, 'normalized': {'diameter': None, 'thickness': None, 'arbor': None, 'product_type': None, 'pack_quantity': None}, 'confidence': {}, 'evidence': [], 'status': 'accepted'}",0
1513711,1nx6-16' Salt Flat Grooved - Trex Transcend Lineage Decking,accepted,"{'mpn': '1513711', 'manufacturer': 'Boise Cascade Building Materials (BOICA)', 'manufacturer_candidate': 'Boise Cascade Building Materials', 'brand_candidate': 'TREX', 'identity_query': '1513711 Boise Cascade Building Materials TREX', 'brands': ['TREX'], 'description': ""1nx6-16' Salt Flat Grooved - Trex Transcend Lineage Decking""}","{'brand': 'TREX', 'source': 'structured_field', 'confidence': 0.99, 'candidates': ['TREX']}","{'value': 'Boise Cascade Building Materials', 'score': 100.0, 'match': 'Boise Cascade Building Materials'}","{'raw': {'diameter': None, 'thickness': None, 'arbor': None, 'product_type': None, 'pack_quantity': None}, 'normalized': {'diameter': None, 'thickness': None, 'arbor': None, 'product_type': None, 'pack_quantity': None}, 'confidence': {}, 'evidence': [], 'status': 'accepted'}",0
1513712,1nx6-20' Salt Flat Grooved - Trex Transcend Lineage Decking,accepted,"{'mpn': '1513712', 'manufacturer': 'Boise Cascade Building Materials (BOICA)', 'manufacturer_candidate': 'Boise Cascade Building Materials', 'brand_candidate': 'TREX', 'identity_query': '1513712 Boise Cascade Building Materials TREX', 'brands': ['TREX'], 'description': ""1nx6-20' Salt Flat Grooved - Trex Transcend Lineage Decking""}","{'brand': 'TREX', 'source': 'structured_field', 'confidence': 0.99, 'candidates': ['TREX']}","{'value': 'Boise Cascade Building Materials', 'score': 100.0, 'match': 'Boise Cascade Building Materials'}","{'raw': {'diameter': None, 'thickness': None, 'arbor': None, 'product_type': None, 'pack_quantity': None}, 'normalized': {'diameter': None, 'thickness': None, 'arbor': None, 'product_type': None, 'pack_quantity': None}, 'confidence': {}, 'evidence': [], 'status': 'accepted'}",0
1513717,1nx6-16' Honey Grove Sq Edge - Trex Enhance Naturals Decking,accepted,"{'mpn': '1513717', 'manufacturer': 'Boise Cascade Building Materials (BOICA)', 'manufacturer_candidate': 'Boise Cascade Building Materials', 'brand_candidate': 'TREX', 'identity_query': '1513717 Boise Cascade Building Materials TREX', 'brands': ['TREX'], 'description': ""1nx6-16' Honey Grove Sq Edge - Trex Enhance Naturals Decking""}","{'brand': 'TREX', 'source': 'structured_field', 'confidence': 0.99, 'candidates': ['TREX']}","{'value': 'Boise Cascade Building Materials', 'score': 100.0, 'match': 'Boise Cascade Building Materials'}","{'raw': {'diameter': None, 'thickness': None, 'arbor': None, 'product_type': None, 'pack_quantity': None}, 'normalized': {'diameter': None, 'thickness': None, 'arbor': None, 'product_type': None, 'pack_quantity': None}, 'confidence': {}, 'evidence': [], 'status': 'accepted'}",0
1513718,1nx6-20' Honey Grove Sq Edge - Trex Enhance Naturals Decking,accepted,"{'mpn': '1513718', 'manufacturer': 'Boise Cascade Building Materials (BOICA)', 'manufacturer_candidate': 'Boise Cascade Building Materials', 'brand_candidate': 'TREX', 'identity_query': '1513718 Boise Cascade Building Materials TREX', 'brands': ['TREX'], 'description': ""1nx6-20' Honey Grove Sq Edge - Trex Enhance Naturals Decking""}","{'brand': 'TREX', 'source': 'structured_field', 'confidence': 0.99, 'candidates': ['TREX']}","{'value': 'Boise Cascade Building Materials', 'score': 100.0, 'match': 'Boise Cascade Building Materials'}","{'raw': {'diameter': None, 'thickness': None, 'arbor': None, 'product_type': None, 'pack_quantity': None}, 'normalized': {'diameter': None, 'thickness': None, 'arbor': None, 'product_type': None, 'pack_quantity': None}, 'confidence': {}, 'evidence': [], 'status': 'accepted'}",0
1513719,1nx6-12' Honey Grove Grooved - Trex Enhance Naturals Decking,accepted,"{'mpn': '1513719', 'manufacturer': 'Boise Cascade Building Materials (BOICA)', 'manufacturer_candidate': 'Boise Cascade Building Materials', 'brand_candidate': 'TREX', 'identity_query': '1513719 Boise Cascade Building Materials TREX', 'brands': ['TREX'], 'description': ""1nx6-12' Honey Grove Grooved - Trex Enhance Naturals Decking""}","{'brand': 'TREX', 'source': 'structured_field', 'confidence': 0.99, 'candidates': ['TREX']}","{'value': 'Boise Cascade Building Materials', 'score': 100.0, 'match': 'Boise Cascade Building Materials'}","{'raw': {'diameter': None, 'thickness': None, 'arbor': None, 'product_type': None, 'pack_quantity': None}, 'normalized': {'diameter': None, 'thickness': None, 'arbor': None, 'product_type': None, 'pack_quantity': None}, 'confidence': {}, 'evidence': [], 'status': 'accepted'}",0
1513720,1nx6-16' Honey Grove Grooved - Trex Enhance Naturals Decking,accepted,"{'mpn': '1513720', 'manufacturer': 'Boise Cascade Building Materials (BOICA)', 'manufacturer_candidate': 'Boise Cascade Building Materials', 'brand_candidate': 'TREX', 'identity_query': '1513720 Boise Cascade Building Materials TREX', 'brands': ['TREX'], 'description': ""1nx6-16' Honey Grove Grooved - Trex Enhance Naturals Decking""}","{'brand': 'TREX', 'source': 'structured_field', 'confidence': 0.99, 'candidates': ['TREX']}","{'value': 'Boise Cascade Building Materials', 'score': 100.0, 'match': 'Boise Cascade Building Materials'}","{'raw': {'diameter': None, 'thickness': None, 'arbor': None, 'product_type': None, 'pack_quantity': None}, 'normalized': {'diameter': None, 'thickness': None, 'arbor': None, 'product_type': None, 'pack_quantity': None}, 'confidence': {}, 'evidence': [], 'status': 'accepted'}",0
1513721,1nx6-20' Honey Grove Grooved - Trex Enhance Naturals Decking,accepted,"{'mpn': '1513721', 'manufacturer': 'Boise Cascade Building Materials (BOICA)', 'manufacturer_candidate': 'Boise Cascade Building Materials', 'brand_candidate': 'TREX', 'identity_query': '1513721 Boise Cascade Building Materials TREX', 'brands': ['TREX'], 'description': ""1nx6-20' Honey Grove Grooved - Trex Enhance Naturals Decking""}","{'brand': 'TREX', 'source': 'structured_field', 'confidence': 0.99, 'candidates': ['TREX']}","{'value': 'Boise Cascade Building Materials', 'score': 100.0, 'match': 'Boise Cascade Building Materials'}","{'raw': {'diameter': None, 'thickness': None, 'arbor': None, 'product_type': None, 'pack_quantity': None}, 'normalized': {'diameter': None, 'thickness': None, 'arbor': None, 'product_type': None, 'pack_quantity': None}, 'confidence': {}, 'evidence': [], 'status': 'accepted'}",0
1513724,1nx6-16' Tide Pool Sq Edge - Trex Enhance Basics Decking,accepted,"{'mpn': '1513724', 'manufacturer': 'Boise Cascade Building Materials (BOICA)', 'manufacturer_candidate': 'Boise Cascade Building Materials', 'brand_candidate': 'TREX', 'identity_query': '1513724 Boise Cascade Building Materials TREX', 'brands': ['TREX'], 'description': ""1nx6-16' Tide Pool Sq Edge - Trex Enhance Basics Decking""}","{'brand': 'TREX', 'source': 'structured_field', 'confidence': 0.99, 'candidates': ['TREX']}","{'value': 'Boise Cascade Building Materials', 'score': 100.0, 'match': 'Boise Cascade Building Materials'}","{'raw': {'diameter': None, 'thickness': None, 'arbor': None, 'product_type': None, 'pack_quantity': None}, 'normalized': {'diameter': None, 'thickness': None, 'arbor': None, 'product_type': None, 'pack_quantity': None}, 'confidence': {}, 'evidence': [], 'status': 'accepted'}",0
1513725,1nx6-20' Tide Pool Sq Edge - Trex Enhance Basics Decking,accepted,"{'mpn': '1513725', 'manufacturer': 'Boise Cascade Building Materials (BOICA)', 'manufacturer_candidate': 'Boise Cascade Building Materials', 'brand_candidate': 'TREX', 'identity_query': '1513725 Boise Cascade Building Materials TREX', 'brands': ['TREX'], 'description': ""1nx6-20' Tide Pool Sq Edge - Trex Enhance Basics Decking""}","{'brand': 'TREX', 'source': 'structured_field', 'confidence': 0.99, 'candidates': ['TREX']}","{'value': 'Boise Cascade Building Materials', 'score': 100.0, 'match': 'Boise Cascade Building Materials'}","{'raw': {'diameter': None, 'thickness': None, 'arbor': None, 'product_type': None, 'pack_quantity': None}, 'normalized': {'diameter': None, 'thickness': None, 'arbor': None, 'product_type': None, 'pack_quantity': None}, 'confidence': {}, 'evidence': [], 'status': 'accepted'}",0
1513726,1nx6-12' Tide Pool Grooved - Trex Enhance Basics Decking,accepted,"{'mpn': '1513726', 'manufacturer': 'Boise Cascade Building Materials (BOICA)', 'manufacturer_candidate': 'Boise Cascade Building Materials', 'brand_candidate': 'TREX', 'identity_query': '1513726 Boise Cascade Building Materials TREX', 'brands': ['TREX'], 'description': ""1nx6-12' Tide Pool Grooved - Trex Enhance Basics Decking""}","{'brand': 'TREX', 'source': 'structured_field', 'confidence': 0.99, 'candidates': ['TREX']}","{'value': 'Boise Cascade Building Materials', 'score': 100.0, 'match': 'Boise Cascade Building Materials'}","{'raw': {'diameter': None, 'thickness': None, 'arbor': None, 'product_type': None, 'pack_quantity': None}, 'normalized': {'diameter': None, 'thickness': None, 'arbor': None, 'product_type': None, 'pack_quantity': None}, 'confidence': {}, 'evidence': [], 'status': 'accepted'}",0
1513727,1nx6-16' Tide Pool Grooved - Trex Enhance Basics Decking,accepted,"{'mpn': '1513727', 'manufacturer': 'Boise Cascade Building Materials (BOICA)', 'manufacturer_candidate': 'Boise Cascade Building Materials', 'brand_candidate': 'TREX', 'identity_query': '1513727 Boise Cascade Building Materials TREX', 'brands': ['TREX'], 'description': ""1nx6-16' Tide Pool Grooved - Trex Enhance Basics Decking""}","{'brand': 'TREX', 'source': 'structured_field', 'confidence': 0.99, 'candidates': ['TREX']}","{'value': 'Boise Cascade Building Materials', 'score': 100.0, 'match': 'Boise Cascade Building Materials'}","{'raw': {'diameter': None, 'thickness': None, 'arbor': None, 'product_type': None, 'pack_quantity': None}, 'normalized': {'diameter': None, 'thickness': None, 'arbor': None, 'product_type': None, 'pack_quantity': None}, 'confidence': {}, 'evidence': [], 'status': 'accepted'}",0
1513728,1nx6-20' Tide Pool Grooved - Trex Enhance Basics Decking,accepted,"{'mpn': '1513728', 'manufacturer': 'Boise Cascade Building Materials (BOICA)', 'manufacturer_candidate': 'Boise Cascade Building Materials', 'brand_candidate': 'TREX', 'identity_query': '1513728 Boise Cascade Building Materials TREX', 'brands': ['TREX'], 'description': ""1nx6-20' Tide Pool Grooved - Trex Enhance Basics Decking""}","{'brand': 'TREX', 'source': 'structured_field', 'confidence': 0.99, 'candidates': ['TREX']}","{'value': 'Boise Cascade Building Materials', 'score': 100.0, 'match': 'Boise Cascade Building Materials'}","{'raw': {'diameter': None, 'thickness': None, 'arbor': None, 'product_type': None, 'pack_quantity': None}, 'normalized': {'diameter': None, 'thickness': None, 'arbor': None, 'product_type': None, 'pack_quantity': None}, 'confidence': {}, 'evidence': [], 'status': 'accepted'}",0
543076016,1nx6-16' Cinnamon Cove Sq Edge - Trex Enhance Naturals Decking,accepted,"{'mpn': '543076016', 'manufacturer': 'Boise Cascade Building Materials (BOICA)', 'manufacturer_candidate': 'Boise Cascade Building Materials', 'brand_candidate': 'TREX', 'identity_query': '543076016 Boise Cascade Building Materials TREX', 'brands': ['TREX'], 'description': ""1nx6-16' Cinnamon Cove Sq Edge - Trex Enhance Naturals Decking""}","{'brand': 'TREX', 'source': 'structured_field', 'confidence': 0.99, 'candidates': ['TREX']}","{'value': 'Boise Cascade Building Materials', 'score': 100.0, 'match': 'Boise Cascade Building Materials'}","{'raw': {'diameter': None, 'thickness': None, 'arbor': None, 'product_type': None, 'pack_quantity': None}, 'normalized': {'diameter': None, 'thickness': None, 'arbor': None, 'product_type': None, 'pack_quantity': None}, 'confidence': {}, 'evidence': [], 'status': 'accepted'}",0
543076020,1nx6-20' Cinnamon Cove Sq Edge - Trex Enhance Naturals Decking,accepted,"{'mpn': '543076020', 'manufacturer': 'Boise Cascade Building Materials (BOICA)', 'manufacturer_candidate': 'Boise Cascade Building Materials', 'brand_candidate': 'TREX', 'identity_query': '543076020 Boise Cascade Building Materials TREX', 'brands': ['TREX'], 'description': ""1nx6-20' Cinnamon Cove Sq Edge - Trex Enhance Naturals Decking""}","{'brand': 'TREX', 'source': 'structured_field', 'confidence': 0.99, 'candidates': ['TREX']}","{'value': 'Boise Cascade Building Materials', 'score': 100.0, 'match': 'Boise Cascade Building Materials'}","{'raw': {'diameter': None, 'thickness': None, 'arbor': None, 'product_type': None, 'pack_quantity': None}, 'normalized': {'diameter': None, 'thickness': None, 'arbor': None, 'product_type': None, 'pack_quantity': None}, 'confidence': {}, 'evidence': [], 'status': 'accepted'}",0
543076412,1nx6-12' Cinnamon Cove Grooved - Trex Enhance Naturals Decking,accepted,"{'mpn': '543076412', 'manufacturer': 'Boise Cascade Building Materials (BOICA)', 'manufacturer_candidate': 'Boise Cascade Building Materials', 'brand_candidate': 'TREX', 'identity_query': '543076412 Boise Cascade Building Materials TREX', 'brands': ['TREX'], 'description': ""1nx6-12' Cinnamon Cove Grooved - Trex Enhance Naturals Decking""}","{'brand': 'TREX', 'source': 'structured_field', 'confidence': 0.99, 'candidates': ['TREX']}","{'value': 'Boise Cascade Building Materials', 'score': 100.0, 'match': 'Boise Cascade Building Materials'}","{'raw': {'diameter': None, 'thickness': None, 'arbor': None, 'product_type': None, 'pack_quantity': None}, 'normalized': {'diameter': None, 'thickness': None, 'arbor': None, 'product_type': None, 'pack_quantity': None}, 'confidence': {}, 'evidence': [], 'status': 'accepted'}",0
543076416,1nx6-16' Cinnamon Cove Grooved - Trex Enhance Naturals Decking,accepted,"{'mpn': '543076416', 'manufacturer': 'Boise Cascade Building Materials (BOICA)', 'manufacturer_candidate': 'Boise Cascade Building Materials', 'brand_candidate': 'TREX', 'identity_query': '543076416 Boise Cascade Building Materials TREX', 'brands': ['TREX'], 'description': ""1nx6-16' Cinnamon Cove Grooved - Trex Enhance Naturals Decking""}","{'brand': 'TREX', 'source': 'structured_field', 'confidence': 0.99, 'candidates': ['TREX']}","{'value': 'Boise Cascade Building Materials', 'score': 100.0, 'match': 'Boise Cascade Building Materials'}","{'raw': {'diameter': None, 'thickness': None, 'arbor': None, 'product_type': None, 'pack_quantity': None}, 'normalized': {'diameter': None, 'thickness': None, 'arbor': None, 'product_type': None, 'pack_quantity': None}, 'confidence': {}, 'evidence': [], 'status': 'accepted'}",0
543076420,1nx6-20' Cinnamon Cove Grooved - Trex Enhance Naturals Decking,accepted,"{'mpn': '543076420', 'manufacturer': 'Boise Cascade Building Materials (BOICA)', 'manufacturer_candidate': 'Boise Cascade Building Materials', 'brand_candidate': 'TREX', 'identity_query': '543076420 Boise Cascade Building Materials TREX', 'brands': ['TREX'], 'description': ""1nx6-20' Cinnamon Cove Grooved - Trex Enhance Naturals Decking""}","{'brand': 'TREX', 'source': 'structured_field', 'confidence': 0.99, 'candidates': ['TREX']}","{'value': 'Boise Cascade Building Materials', 'score': 100.0, 'match': 'Boise Cascade Building Materials'}","{'raw': {'diameter': None, 'thickness': None, 'arbor': None, 'product_type': None, 'pack_quantity': None}, 'normalized': {'diameter': None, 'thickness': None, 'arbor': None, 'product_type': None, 'pack_quantity': None}, 'confidence': {}, 'evidence': [], 'status': 'accepted'}",0
1516870,1nx6-16' Golden Hour Sq Edge - Trex Enhance Naturals Decking,accepted,"{'mpn': '1516870', 'manufacturer': 'Boise Cascade Building Materials (BOICA)', 'manufacturer_candidate': 'Boise Cascade Building Materials', 'brand_candidate': 'TREX', 'identity_query': '1516870 Boise Cascade Building Materials TREX', 'brands': ['TREX'], 'description': ""1nx6-16' Golden Hour Sq Edge - Trex Enhance Naturals Decking""}","{'brand': 'TREX', 'source': 'structured_field', 'confidence': 0.99, 'candidates': ['TREX']}","{'value': 'Boise Cascade Building Materials', 'score': 100.0, 'match': 'Boise Cascade Building Materials'}","{'raw': {'diameter': None, 'thickness': None, 'arbor': None, 'product_type': None, 'pack_quantity': None}, 'normalized': {'diameter': None, 'thickness': None, 'arbor': None, 'product_type': None, 'pack_quantity': None}, 'confidence': {}, 'evidence': [], 'status': 'accepted'}",0
1516871,1nx6-20' Golden Hour Sq Edge - Trex Enhance Naturals Decking,accepted,"{'mpn': '1516871', 'manufacturer': 'Boise Cascade Building Materials (BOICA)', 'manufacturer_candidate': 'Boise Cascade Building Materials', 'brand_candidate': 'TREX', 'identity_query': '1516871 Boise Cascade Building Materials TREX', 'brands': ['TREX'], 'description': ""1nx6-20' Golden Hour Sq Edge - Trex Enhance Naturals Decking""}","{'brand': 'TREX', 'source': 'structured_field', 'confidence': 0.99, 'candidates': ['TREX']}","{'value': 'Boise Cascade Building Materials', 'score': 100.0, 'match': 'Boise Cascade Building Materials'}","{'raw': {'diameter': None, 'thickness': None, 'arbor': None, 'product_type': None, 'pack_quantity': None}, 'normalized': {'diameter': None, 'thickness': None, 'arbor': None, 'product_type': None, 'pack_quantity': None}, 'confidence': {}, 'evidence': [], 'status': 'accepted'}",0
1516872,1nx6-12' Golden Hour Grooved - Trex Enhance Naturals Decking,accepted,"{'mpn': '1516872', 'manufacturer': 'Boise Cascade Building Materials (BOICA)', 'manufacturer_candidate': 'Boise Cascade Building Materials', 'brand_candidate': 'TREX', 'identity_query': '1516872 Boise Cascade Building Materials TREX', 'brands': ['TREX'], 'description': ""1nx6-12' Golden Hour Grooved - Trex Enhance Naturals Decking""}","{'brand': 'TREX', 'source': 'structured_field', 'confidence': 0.99, 'candidates': ['TREX']}","{'value': 'Boise Cascade Building Materials', 'score': 100.0, 'match': 'Boise Cascade Building Materials'}","{'raw': {'diameter': None, 'thickness': None, 'arbor': None, 'product_type': None, 'pack_quantity': None}, 'normalized': {'diameter': None, 'thickness': None, 'arbor': None, 'product_type': None, 'pack_quantity': None}, 'confidence': {}, 'evidence': [], 'status': 'accepted'}",0
1516873,1nx6-16' Golden Hour Grooved - Trex Enhance Naturals Decking,accepted,"{'mpn': '1516873', 'manufacturer': 'Boise Cascade Building Materials (BOICA)', 'manufacturer_candidate': 'Boise Cascade Building Materials', 'brand_candidate': 'TREX', 'identity_query': '1516873 Boise Cascade Building Materials TREX', 'brands': ['TREX'], 'description': ""1nx6-16' Golden Hour Grooved - Trex Enhance Naturals Decking""}","{'brand': 'TREX', 'source': 'structured_field', 'confidence': 0.99, 'candidates': ['TREX']}","{'value': 'Boise Cascade Building Materials', 'score': 100.0, 'match': 'Boise Cascade Building Materials'}","{'raw': {'diameter': None, 'thickness': None, 'arbor': None, 'product_type': None, 'pack_quantity': None}, 'normalized': {'diameter': None, 'thickness': None, 'arbor': None, 'product_type': None, 'pack_quantity': None}, 'confidence': {}, 'evidence': [], 'status': 'accepted'}",0
1516874,1nx6-20' Golden Hour Grooved - Trex Enhance Naturals Decking,accepted,"{'mpn': '1516874', 'manufacturer': 'Boise Cascade Building Materials (BOICA)', 'manufacturer_candidate': 'Boise Cascade Building Materials', 'brand_candidate': 'TREX', 'identity_query': '1516874 Boise Cascade Building Materials TREX', 'brands': ['TREX'], 'description': ""1nx6-20' Golden Hour Grooved - Trex Enhance Naturals Decking""}","{'brand': 'TREX', 'source': 'structured_field', 'confidence': 0.99, 'candidates': ['TREX']}","{'value': 'Boise Cascade Building Materials', 'score': 100.0, 'match': 'Boise Cascade Building Materials'}","{'raw': {'diameter': None, 'thickness': None, 'arbor': None, 'product_type': None, 'pack_quantity': None}, 'normalized': {'diameter': None, 'thickness': None, 'arbor': None, 'product_type': None, 'pack_quantity': None}, 'confidence': {}, 'evidence': [], 'status': 'accepted'}",0
1516879,1nx6-16' Pebble Beach Sq Edge - Trex Enhance Basics Decking,accepted,"{'mpn': '1516879', 'manufacturer': 'Boise Cascade Building Materials (BOICA)', 'manufacturer_candidate': 'Boise Cascade Building Materials', 'brand_candidate': 'TREX', 'identity_query': '1516879 Boise Cascade Building Materials TREX', 'brands': ['TREX'], 'description': ""1nx6-16' Pebble Beach Sq Edge - Trex Enhance Basics Decking""}","{'brand': 'TREX', 'source': 'structured_field', 'confidence': 0.99, 'candidates': ['TREX']}","{'value': 'Boise Cascade Building Materials', 'score': 100.0, 'match': 'Boise Cascade Building Materials'}","{'raw': {'diameter': None, 'thickness': None, 'arbor': None, 'product_type': None, 'pack_quantity': None}, 'normalized': {'diameter': None, 'thickness': None, 'arbor': None, 'product_type': None, 'pack_quantity': None}, 'confidence': {}, 'evidence': [], 'status': 'accepted'}",0
1516880,1nx6-20' Pebble Beach Sq Edge - Trex Enhance Basics Decking,accepted,"{'mpn': '1516880', 'manufacturer': 'Boise Cascade Building Materials (BOICA)', 'manufacturer_candidate': 'Boise Cascade Building Materials', 'brand_candidate': 'TREX', 'identity_query': '1516880 Boise Cascade Building Materials TREX', 'brands': ['TREX'], 'description': ""1nx6-20' Pebble Beach Sq Edge - Trex Enhance Basics Decking""}","{'brand': 'TREX', 'source': 'structured_field', 'confidence': 0.99, 'candidates': ['TREX']}","{'value': 'Boise Cascade Building Materials', 'score': 100.0, 'match': 'Boise Cascade Building Materials'}","{'raw': {'diameter': None, 'thickness': None, 'arbor': None, 'product_type': None, 'pack_quantity': None}, 'normalized': {'diameter': None, 'thickness': None, 'arbor': None, 'product_type': None, 'pack_quantity': None}, 'confidence': {}, 'evidence': [], 'status': 'accepted'}",0
1516881,1nx6-12' Pebble Beach Grooved - Trex Enhance Basics Decking,accepted,"{'mpn': '1516881', 'manufacturer': 'Boise Cascade Building Materials (BOICA)', 'manufacturer_candidate': 'Boise Cascade Building Materials', 'brand_candidate': 'TREX', 'identity_query': '1516881 Boise Cascade Building Materials TREX', 'brands': ['TREX'], 'description': ""1nx6-12' Pebble Beach Grooved - Trex Enhance Basics Decking""}","{'brand': 'TREX', 'source': 'structured_field', 'confidence': 0.99, 'candidates': ['TREX']}","{'value': 'Boise Cascade Building Materials', 'score': 100.0, 'match': 'Boise Cascade Building Materials'}","{'raw': {'diameter': None, 'thickness': None, 'arbor': None, 'product_type': None, 'pack_quantity': None}, 'normalized': {'diameter': None, 'thickness': None, 'arbor': None, 'product_type': None, 'pack_quantity': None}, 'confidence': {}, 'evidence': [], 'status': 'accepted'}",0
1516882,1nx6-16' Pebble Beach Grooved - Trex Enhance Basics Decking,accepted,"{'mpn': '1516882', 'manufacturer': 'Boise Cascade Building Materials (BOICA)', 'manufacturer_candidate': 'Boise Cascade Building Materials', 'brand_candidate': 'TREX', 'identity_query': '1516882 Boise Cascade Building Materials TREX', 'brands': ['TREX'], 'description': ""1nx6-16' Pebble Beach Grooved - Trex Enhance Basics Decking""}","{'brand': 'TREX', 'source': 'structured_field', 'confidence': 0.99, 'candidates': ['TREX']}","{'value': 'Boise Cascade Building Materials', 'score': 100.0, 'match': 'Boise Cascade Building Materials'}","{'raw': {'diameter': None, 'thickness': None, 'arbor': None, 'product_type': None, 'pack_quantity': None}, 'normalized': {'diameter': None, 'thickness': None, 'arbor': None, 'product_type': None, 'pack_quantity': None}, 'confidence': {}, 'evidence': [], 'status': 'accepted'}",0
1516883,1nx6-20' Pebble Beach Grooved - Trex Enhance Basics Decking,accepted,"{'mpn': '1516883', 'manufacturer': 'Boise Cascade Building Materials (BOICA)', 'manufacturer_candidate': 'Boise Cascade Building Materials', 'brand_candidate': 'TREX', 'identity_query': '1516883 Boise Cascade Building Materials TREX', 'brands': ['TREX'], 'description': ""1nx6-20' Pebble Beach Grooved - Trex Enhance Basics Decking""}","{'brand': 'TREX', 'source': 'structured_field', 'confidence': 0.99, 'candidates': ['TREX']}","{'value': 'Boise Cascade Building Materials', 'score': 100.0, 'match': 'Boise Cascade Building Materials'}","{'raw': {'diameter': None, 'thickness': None, 'arbor': None, 'product_type': None, 'pack_quantity': None}, 'normalized': {'diameter': None, 'thickness': None, 'arbor': None, 'product_type': None, 'pack_quantity': None}, 'confidence': {}, 'evidence': [], 'status': 'accepted'}",0
543005016,7/8nx6-16' Malted Barley Sq Edge - Trex Select 2.0 Decking,accepted,"{'mpn': '543005016', 'manufacturer': 'Boise Cascade Building Materials (BOICA)', 'manufacturer_candidate': 'Boise Cascade Building Materials', 'brand_candidate': 'TREX', 'identity_query': '543005016 Boise Cascade Building Materials TREX', 'brands': ['TREX'], 'description': ""7/8nx6-16' Malted Barley Sq Edge - Trex Select 2.0 Decking""}","{'brand': 'TREX', 'source': 'structured_field', 'confidence': 0.99, 'candidates': ['TREX']}","{'value': 'Boise Cascade Building Materials', 'score': 100.0, 'match': 'Boise Cascade Building Materials'}","{'raw': {'diameter': None, 'thickness': None, 'arbor': None, 'product_type': None, 'pack_quantity': None}, 'normalized': {'diameter': None, 'thickness': None, 'arbor': None, 'product_type': None, 'pack_quantity': None}, 'confidence': {}, 'evidence': [], 'status': 'accepted'}",0
543005020,7/8nx6-20' Malted Barley Sq Edge - Trex Select 2.0 Decking,accepted,"{'mpn': '543005020', 'manufacturer': 'Boise Cascade Building Materials (BOICA)', 'manufacturer_candidate': 'Boise Cascade Building Materials', 'brand_candidate': 'TREX', 'identity_query': '543005020 Boise Cascade Building Materials TREX', 'brands': ['TREX'], 'description': ""7/8nx6-20' Malted Barley Sq Edge - Trex Select 2.0 Decking""}","{'brand': 'TREX', 'source': 'structured_field', 'confidence': 0.99, 'candidates': ['TREX']}","{'value': 'Boise Cascade Building Materials', 'score': 100.0, 'match': 'Boise Cascade Building Materials'}","{'raw': {'diameter': None, 'thickness': None, 'arbor': None, 'product_type': None, 'pack_quantity': None}, 'normalized': {'diameter': None, 'thickness': None, 'arbor': None, 'product_type': None, 'pack_quantity': None}, 'confidence': {}, 'evidence': [], 'status': 'accepted'}",0
543005412,7/8nx6-12' Malted Barley Grooved - Trex Select 2.0 Decking,accepted,"{'mpn': '543005412', 'manufacturer': 'Boise Cascade Building Materials (BOICA)', 'manufacturer_candidate': 'Boise Cascade Building Materials', 'brand_candidate': 'TREX', 'identity_query': '543005412 Boise Cascade Building Materials TREX', 'brands': ['TREX'], 'description': ""7/8nx6-12' Malted Barley Grooved - Trex Select 2.0 Decking""}","{'brand': 'TREX', 'source': 'structured_field', 'confidence': 0.99, 'candidates': ['TREX']}","{'value': 'Boise Cascade Building Materials', 'score': 100.0, 'match': 'Boise Cascade Building Materials'}","{'raw': {'diameter': None, 'thickness': None, 'arbor': None, 'product_type': None, 'pack_quantity': None}, 'normalized': {'diameter': None, 'thickness': None, 'arbor': None, 'product_type': None, 'pack_quantity': None}, 'confidence': {}, 'evidence': [], 'status': 'accepted'}",0
543005416,7/8nx6-16' Malted Barley Grooved - Trex Select 2.0 Decking,accepted,"{'mpn': '543005416', 'manufacturer': 'Boise Cascade Building Materials (BOICA)', 'manufacturer_candidate': 'Boise Cascade Building Materials', 'brand_candidate': 'TREX', 'identity_query': '543005416 Boise Cascade Building Materials TREX', 'brands': ['TREX'], 'description': ""7/8nx6-16' Malted Barley Grooved - Trex Select 2.0 Decking""}","{'brand': 'TREX', 'source': 'structured_field', 'confidence': 0.99, 'candidates': ['TREX']}","{'value': 'Boise Cascade Building Materials', 'score': 100.0, 'match': 'Boise Cascade Building Materials'}","{'raw': {'diameter': None, 'thickness': None, 'arbor': None, 'product_type': None, 'pack_quantity': None}, 'normalized': {'diameter': None, 'thickness': None, 'arbor': None, 'product_type': None, 'pack_quantity': None}, 'confidence': {}, 'evidence': [], 'status': 'accepted'}",0
543005420,7/8nx6-20' Malted Barley Grooved - Trex Select 2.0 Decking,accepted,"{'mpn': '543005420', 'manufacturer': 'Boise Cascade Building Materials (BOICA)', 'manufacturer_candidate': 'Boise Cascade Building Materials', 'brand_candidate': 'TREX', 'identity_query': '543005420 Boise Cascade Building Materials TREX', 'brands': ['TREX'], 'description': ""7/8nx6-20' Malted Barley Grooved - Trex Select 2.0 Decking""}","{'brand': 'TREX', 'source': 'structured_field', 'confidence': 0.99, 'candidates': ['TREX']}","{'value': 'Boise Cascade Building Materials', 'score': 100.0, 'match': 'Boise Cascade Building Materials'}","{'raw': {'diameter': None, 'thickness': None, 'arbor': None, 'product_type': None, 'pack_quantity': None}, 'normalized': {'diameter': None, 'thickness': None, 'arbor': None, 'product_type': None, 'pack_quantity': None}, 'confidence': {}, 'evidence': [], 'status': 'accepted'}",0
1516891,7/8nx6-16' Millstone Sq Edge - Trex Select 2.0 Decking,accepted,"{'mpn': '1516891', 'manufacturer': 'Boise Cascade Building Materials (BOICA)', 'manufacturer_candidate': 'Boise Cascade Building Materials', 'brand_candidate': 'TREX', 'identity_query': '1516891 Boise Cascade Building Materials TREX', 'brands': ['TREX'], 'description': ""7/8nx6-16' Millstone Sq Edge - Trex Select 2.0 Decking""}","{'brand': 'TREX', 'source': 'structured_field', 'confidence': 0.99, 'candidates': ['TREX']}","{'value': 'Boise Cascade Building Materials', 'score': 100.0, 'match': 'Boise Cascade Building Materials'}","{'raw': {'diameter': None, 'thickness': None, 'arbor': None, 'product_type': None, 'pack_quantity': None}, 'normalized': {'diameter': None, 'thickness': None, 'arbor': None, 'product_type': None, 'pack_quantity': None}, 'confidence': {}, 'evidence': [], 'status': 'accepted'}",0
1516892,7/8nx6-20' Millstone Sq Edge -Trex Select 2.0 Decking,accepted,"{'mpn': '1516892', 'manufacturer': 'Boise Cascade Building Materials (BOICA)', 'manufacturer_candidate': 'Boise Cascade Building Materials', 'brand_candidate': 'TREX', 'identity_query': '1516892 Boise Cascade Building Materials TREX', 'brands': ['TREX'], 'description': ""7/8nx6-20' Millstone Sq Edge -Trex Select 2.0 Decking""}","{'brand': 'TREX', 'source': 'structured_field', 'confidence': 0.99, 'candidates': ['TREX']}","{'value': 'Boise Cascade Building Materials', 'score': 100.0, 'match': 'Boise Cascade Building Materials'}","{'raw': {'diameter': None, 'thickness': None, 'arbor': None, 'product_type': None, 'pack_quantity': None}, 'normalized': {'diameter': None, 'thickness': None, 'arbor': None, 'product_type': None, 'pack_quantity': None}, 'confidence': {}, 'evidence': [], 'status': 'accepted'}",0
1516893,7/8nx6-12' Millstone Grooved - Trex Select 2.0 Decking,accepted,"{'mpn': '1516893', 'manufacturer': 'Boise Cascade Building Materials (BOICA)', 'manufacturer_candidate': 'Boise Cascade Building Materials', 'brand_candidate': 'TREX', 'identity_query': '1516893 Boise Cascade Building Materials TREX', 'brands': ['TREX'], 'description': ""7/8nx6-12' Millstone Grooved - Trex Select 2.0 Decking""}","{'brand': 'TREX', 'source': 'structured_field', 'confidence': 0.99, 'candidates': ['TREX']}","{'value': 'Boise Cascade Building Materials', 'score': 100.0, 'match': 'Boise Cascade Building Materials'}","{'raw': {'diameter': None, 'thickness': None, 'arbor': None, 'product_type': None, 'pack_quantity': None}, 'normalized': {'diameter': None, 'thickness': None, 'arbor': None, 'product_type': None, 'pack_quantity': None}, 'confidence': {}, 'evidence': [], 'status': 'accepted'}",0
1516894,7/8nx6-16' Millstone Grooved - Trex Select 2.0 Decking,accepted,"{'mpn': '1516894', 'manufacturer': 'Boise Cascade Building Materials (BOICA)', 'manufacturer_candidate': 'Boise Cascade Building Materials', 'brand_candidate': 'TREX', 'identity_query': '1516894 Boise Cascade Building Materials TREX', 'brands': ['TREX'], 'description': ""7/8nx6-16' Millstone Grooved - Trex Select 2.0 Decking""}","{'brand': 'TREX', 'source': 'structured_field', 'confidence': 0.99, 'candidates': ['TREX']}","{'value': 'Boise Cascade Building Materials', 'score': 100.0, 'match': 'Boise Cascade Building Materials'}","{'raw': {'diameter': None, 'thickness': None, 'arbor': None, 'product_type': None, 'pack_quantity': None}, 'normalized': {'diameter': None, 'thickness': None, 'arbor': None, 'product_type': None, 'pack_quantity': None}, 'confidence': {}, 'evidence': [], 'status': 'accepted'}",0
1516895,7/8nx6-20' Millstone Grooved - Trex Select 2.0 Decking,accepted,"{'mpn': '1516895', 'manufacturer': 'Boise Cascade Building Materials (BOICA)', 'manufacturer_candidate': 'Boise Cascade Building Materials', 'brand_candidate': 'TREX', 'identity_query': '1516895 Boise Cascade Building Materials TREX', 'brands': ['TREX'], 'description': ""7/8nx6-20' Millstone Grooved - Trex Select 2.0 Decking""}","{'brand': 'TREX', 'source': 'structured_field', 'confidence': 0.99, 'candidates': ['TREX']}","{'value': 'Boise Cascade Building Materials', 'score': 100.0, 'match': 'Boise Cascade Building Materials'}","{'raw': {'diameter': None, 'thickness': None, 'arbor': None, 'product_type': None, 'pack_quantity': None}, 'normalized': {'diameter': None, 'thickness': None, 'arbor': None, 'product_type': None, 'pack_quantity': None}, 'confidence': {}, 'evidence': [], 'status': 'accepted'}",0
543007016,7/8nx6-16' Whiskey Barrel Sq Edge - Trex Select 2.0 Decking,accepted,"{'mpn': '543007016', 'manufacturer': 'Boise Cascade Building Materials (BOICA)', 'manufacturer_candidate': 'Boise Cascade Building Materials', 'brand_candidate': 'TREX', 'identity_query': '543007016 Boise Cascade Building Materials TREX', 'brands': ['TREX'], 'description': ""7/8nx6-16' Whiskey Barrel Sq Edge - Trex Select 2.0 Decking""}","{'brand': 'TREX', 'source': 'structured_field', 'confidence': 0.99, 'candidates': ['TREX']}","{'value': 'Boise Cascade Building Materials', 'score': 100.0, 'match': 'Boise Cascade Building Materials'}","{'raw': {'diameter': None, 'thickness': None, 'arbor': None, 'product_type': None, 'pack_quantity': None}, 'normalized': {'diameter': None, 'thickness': None, 'arbor': None, 'product_type': None, 'pack_quantity': None}, 'confidence': {}, 'evidence': [], 'status': 'accepted'}",0
543007020,7/8nx6-20' Whiskey Barrel Sq Edge - Trex Select 2.0 Decking,accepted,"{'mpn': '543007020', 'manufacturer': 'Boise Cascade Building Materials (BOICA)', 'manufacturer_candidate': 'Boise Cascade Building Materials', 'brand_candidate': 'TREX', 'identity_query': '543007020 Boise Cascade Building Materials TREX', 'brands': ['TREX'], 'description': ""7/8nx6-20' Whiskey Barrel Sq Edge - Trex Select 2.0 Decking""}","{'brand': 'TREX', 'source': 'structured_field', 'confidence': 0.99, 'candidates': ['TREX']}","{'value': 'Boise Cascade Building Materials', 'score': 100.0, 'match': 'Boise Cascade Building Materials'}","{'raw': {'diameter': None, 'thickness': None, 'arbor': None, 'product_type': None, 'pack_quantity': None}, 'normalized': {'diameter': None, 'thickness': None, 'arbor': None, 'product_type': None, 'pack_quantity': None}, 'confidence': {}, 'evidence': [], 'status': 'accepted'}",0
543007412,7/8nx6-12' Whiskey Barrel Grooved - Trex Select 2.0 Decking,accepted,"{'mpn': '543007412', 'manufacturer': 'Boise Cascade Building Materials (BOICA)', 'manufacturer_candidate': 'Boise Cascade Building Materials', 'brand_candidate': 'TREX', 'identity_query': '543007412 Boise Cascade Building Materials TREX', 'brands': ['TREX'], 'description': ""7/8nx6-12' Whiskey Barrel Grooved - Trex Select 2.0 Decking""}","{'brand': 'TREX', 'source': 'structured_field', 'confidence': 0.99, 'candidates': ['TREX']}","{'value': 'Boise Cascade Building Materials', 'score': 100.0, 'match': 'Boise Cascade Building Materials'}","{'raw': {'diameter': None, 'thickness': None, 'arbor': None, 'product_type': None, 'pack_quantity': None}, 'normalized': {'diameter': None, 'thickness': None, 'arbor': None, 'product_type': None, 'pack_quantity': None}, 'confidence': {}, 'evidence': [], 'status': 'accepted'}",0
543007416,7/8nx6-16' Whiskey Barrel Grooved - Trex Select 2.0 Decking,accepted,"{'mpn': '543007416', 'manufacturer': 'Boise Cascade Building Materials (BOICA)', 'manufacturer_candidate': 'Boise Cascade Building Materials', 'brand_candidate': 'TREX', 'identity_query': '543007416 Boise Cascade Building Materials TREX', 'brands': ['TREX'], 'description': ""7/8nx6-16' Whiskey Barrel Grooved - Trex Select 2.0 Decking""}","{'brand': 'TREX', 'source': 'structured_field', 'confidence': 0.99, 'candidates': ['TREX']}","{'value': 'Boise Cascade Building Materials', 'score': 100.0, 'match': 'Boise Cascade Building Materials'}","{'raw': {'diameter': None, 'thickness': None, 'arbor': None, 'product_type': None, 'pack_quantity': None}, 'normalized': {'diameter': None, 'thickness': None, 'arbor': None, 'product_type': None, 'pack_quantity': None}, 'confidence': {}, 'evidence': [], 'status': 'accepted'}",0
543007420,7/8nx6-20' Whiskey Barrel Grooved - Trex Select 2.0 Decking,accepted,"{'mpn': '543007420', 'manufacturer': 'Boise Cascade Building Materials (BOICA)', 'manufacturer_candidate': 'Boise Cascade Building Materials', 'brand_candidate': 'TREX', 'identity_query': '543007420 Boise Cascade Building Materials TREX', 'brands': ['TREX'], 'description': ""7/8nx6-20' Whiskey Barrel Grooved - Trex Select 2.0 Decking""}","{'brand': 'TREX', 'source': 'structured_field', 'confidence': 0.99, 'candidates': ['TREX']}","{'value': 'Boise Cascade Building Materials', 'score': 100.0, 'match': 'Boise Cascade Building Materials'}","{'raw': {'diameter': None, 'thickness': None, 'arbor': None, 'product_type': None, 'pack_quantity': None}, 'normalized': {'diameter': None, 'thickness': None, 'arbor': None, 'product_type': None, 'pack_quantity': None}, 'confidence': {}, 'evidence': [], 'status': 'accepted'}",0
ADR5117512CS,1x12-12' Coastline - Vintage Azek PVC Fascia,accepted,"{'mpn': 'ADR5117512CS', 'manufacturer': 'Parksite (6151)', 'manufacturer_candidate': 'Parksite', 'brand_candidate': 'TIMBERTECH', 'identity_query': 'ADR5117512CS Parksite TIMBERTECH', 'brands': ['TIMBERTECH'], 'description': ""1x12-12' Coastline - Vintage Azek PVC Fascia""}","{'brand': 'TIMBERTECH', 'source': 'structured_field', 'confidence': 0.99, 'candidates': ['TIMBERTECH']}","{'value': 'Parksite', 'score': 100.0, 'match': 'Parksite'}","{'raw': {'diameter': None, 'thickness': None, 'arbor': None, 'product_type': None, 'pack_quantity': None}, 'normalized': {'diameter': None, 'thickness': None, 'arbor': None, 'product_type': None, 'pack_quantity': None}, 'confidence': {}, 'evidence': [], 'status': 'accepted'}",0
ADR5117512MH,1x12-12' Mahogany - Vintage Azek PVC Fascia,accepted,"{'mpn': 'ADR5117512MH', 'manufacturer': 'Parksite (6151)', 'manufacturer_candidate': 'Parksite', 'brand_candidate': 'TIMBERTECH', 'identity_query': 'ADR5117512MH Parksite TIMBERTECH', 'brands': ['TIMBERTECH'], 'description': ""1x12-12' Mahogany - Vintage Azek PVC Fascia""}","{'brand': 'TIMBERTECH', 'source': 'structured_field', 'confidence': 0.99, 'candidates': ['TIMBERTECH']}","{'value': 'Parksite', 'score': 100.0, 'match': 'Parksite'}","{'raw': {'diameter': None, 'thickness': None, 'arbor': None, 'product_type': None, 'pack_quantity': None}, 'normalized': {'diameter': None, 'thickness': None, 'arbor': None, 'product_type': None, 'pack_quantity': None}, 'confidence': {}, 'evidence': [], 'status': 'accepted'}",0
ADR5117512WT,1x12-12' Weathered Teak - Vintage Azek PVC Fascia,accepted,"{'mpn': 'ADR5117512WT', 'manufacturer': 'Parksite (6151)', 'manufacturer_candidate': 'Parksite', 'brand_candidate': 'TIMBERTECH', 'identity_query': 'ADR5117512WT Parksite TIMBERTECH', 'brands': ['TIMBERTECH'], 'description': ""1x12-12' Weathered Teak - Vintage Azek PVC Fascia""}","{'brand': 'TIMBERTECH', 'source': 'structured_field', 'confidence': 0.99, 'candidates': ['TIMBERTECH']}","{'value': 'Parksite', 'score': 100.0, 'match': 'Parksite'}","{'raw': {'diameter': None, 'thickness': None, 'arbor': None, 'product_type': None, 'pack_quantity': None}, 'normalized': {'diameter': None, 'thickness': None, 'arbor': None, 'product_type': None, 'pack_quantity': None}, 'confidence': {}, 'evidence': [], 'status': 'accepted'}",0
ADR5117512AW,1x12-12' American Walnut - Landmark Azek PVC Fascia,accepted,"{'mpn': 'ADR5117512AW', 'manufacturer': 'Parksite (6151)', 'manufacturer_candidate': 'Parksite', 'brand_candidate': 'TIMBERTECH', 'identity_query': 'ADR5117512AW Parksite TIMBERTECH', 'brands': ['TIMBERTECH'], 'description': ""1x12-12' American Walnut - Landmark Azek PVC Fascia""}","{'brand': 'TIMBERTECH', 'source': 'structured_field', 'confidence': 0.99, 'candidates': ['TIMBERTECH']}","{'value': 'Parksite', 'score': 100.0, 'match': 'Parksite'}","{'raw': {'diameter': None, 'thickness': None, 'arbor': None, 'product_type': None, 'pack_quantity': None}, 'normalized': {'diameter': None, 'thickness': None, 'arbor': None, 'product_type': None, 'pack_quantity': None}, 'confidence': {}, 'evidence': [], 'status': 'accepted'}",0
ADR5117512CG,1x12-12' Castle Gate - Landmark Azek PVC Fascia,accepted,"{'mpn': 'ADR5117512CG', 'manufacturer': 'Parksite (6151)', 'manufacturer_candidate': 'Parksite', 'brand_candidate': 'TIMBERTECH', 'identity_query': 'ADR5117512CG Parksite TIMBERTECH', 'brands': ['TIMBERTECH'], 'description': ""1x12-12' Castle Gate - Landmark Azek PVC Fascia""}","{'brand': 'TIMBERTECH', 'source': 'structured_field', 'confidence': 0.99, 'candidates': ['TIMBERTECH']}","{'value': 'Parksite', 'score': 100.0, 'match': 'Parksite'}","{'raw': {'diameter': None, 'thickness': None, 'arbor': None, 'product_type': None, 'pack_quantity': None}, 'normalized': {'diameter': None, 'thickness': None, 'arbor': None, 'product_type': None, 'pack_quantity': None}, 'confidence': {}, 'evidence': [], 'status': 'accepted'}",0
ADR5117512FW,1x12-12' French White Oak - Landmark Azek PVC Fascia,accepted,"{'mpn': 'ADR5117512FW', 'manufacturer': 'Parksite (6151)', 'manufacturer_candidate': 'Parksite', 'brand_candidate': 'TIMBERTECH', 'identity_query': 'ADR5117512FW Parksite TIMBERTECH', 'brands': ['TIMBERTECH'], 'description': ""1x12-12' French White Oak - Landmark Azek PVC Fascia""}","{'brand': 'TIMBERTECH', 'source': 'structured_field', 'confidence': 0.99, 'candidates': ['TIMBERTECH']}","{'value': 'Parksite', 'score': 100.0, 'match': 'Parksite'}","{'raw': {'diameter': None, 'thickness': None, 'arbor': None, 'product_type': None, 'pack_quantity': None}, 'normalized': {'diameter': None, 'thickness': None, 'arbor': None, 'product_type': None, 'pack_quantity': None}, 'confidence': {}, 'evidence': [], 'status': 'accepted'}",0
1508395,1x8-12' Brownstone - Harvest Azek PVC Fascia,accepted,"{'mpn': '1508395', 'manufacturer': 'Parksite (6151)', 'manufacturer_candidate': 'Parksite', 'brand_candidate': 'TIMBERTECH', 'identity_query': '1508395 Parksite TIMBERTECH', 'brands': ['TIMBERTECH'], 'description': ""1x8-12' Brownstone - Harvest Azek PVC Fascia""}","{'brand': 'TIMBERTECH', 'source': 'structured_field', 'confidence': 0.99, 'candidates': ['TIMBERTECH']}","{'value': 'Parksite', 'score': 100.0, 'match': 'Parksite'}","{'raw': {'diameter': None, 'thickness': None, 'arbor': None, 'product_type': None, 'pack_quantity': None}, 'normalized': {'diameter': None, 'thickness': None, 'arbor': None, 'product_type': None, 'pack_quantity': None}, 'confidence': {}, 'evidence': [], 'status': 'accepted'}",0
1508396,1x8-12' Slate Gray - Harvest Azek PVC Fascia,accepted,"{'mpn': '1508396', 'manufacturer': 'Parksite (6151)', 'manufacturer_candidate': 'Parksite', 'brand_candidate': 'TIMBERTECH', 'identity_query': '1508396 Parksite TIMBERTECH', 'brands': ['TIMBERTECH'], 'description': ""1x8-12' Slate Gray - Harvest Azek PVC Fascia""}","{'brand': 'TIMBERTECH', 'source': 'structured_field', 'confidence': 0.99, 'candidates': ['TIMBERTECH']}","{'value': 'Parksite', 'score': 100.0, 'match': 'Parksite'}","{'raw': {'diameter': None, 'thickness': None, 'arbor': None, 'product_type': None, 'pack_quantity': None}, 'normalized': {'diameter': None, 'thickness': None, 'arbor': None, 'product_type': None, 'pack_quantity': None}, 'confidence': {}, 'evidence': [], 'status': 'accepted'}",0
ADCR5117512BS,1x12-12' Brownstone - Harvest Azek PVC Fascia,accepted,"{'mpn': 'ADCR5117512BS', 'manufacturer': 'Parksite (6151)', 'manufacturer_candidate': 'Parksite', 'brand_candidate': 'TIMBERTECH', 'identity_query': 'ADCR5117512BS Parksite TIMBERTECH', 'brands': ['TIMBERTECH'], 'description': ""1x12-12' Brownstone - Harvest Azek PVC Fascia""}","{'brand': 'TIMBERTECH', 'source': 'structured_field', 'confidence': 0.99, 'candidates': ['TIMBERTECH']}","{'value': 'Parksite', 'score': 100.0, 'match': 'Parksite'}","{'raw': {'diameter': None, 'thickness': None, 'arbor': None, 'product_type': None, 'pack_quantity': None}, 'normalized': {'diameter': None, 'thickness': None, 'arbor': None, 'product_type': None, 'pack_quantity': None}, 'confidence': {}, 'evidence': [], 'status': 'accepted'}",0
ADCR5117512SG,1x12-12' Slate Gray - Harvest Azek PVC Fascia,accepted,"{'mpn': 'ADCR5117512SG', 'manufacturer': 'Parksite (6151)', 'manufacturer_candidate': 'Parksite', 'brand_candidate': 'TIMBERTECH', 'identity_query': 'ADCR5117512SG Parksite TIMBERTECH', 'brands': ['TIMBERTECH'], 'description': ""1x12-12' Slate Gray - Harvest Azek PVC Fascia""}","{'brand': 'TIMBERTECH', 'source': 'structured_field', 'confidence': 0.99, 'candidates': ['TIMBERTECH']}","{'value': 'Parksite', 'score': 100.0, 'match': 'Parksite'}","{'raw': {'diameter': None, 'thickness': None, 'arbor': None, 'product_type': None, 'pack_quantity': None}, 'normalized': {'diameter': None, 'thickness': None, 'arbor': None, 'product_type': None, 'pack_quantity': None}, 'confidence': {}, 'evidence': [], 'status': 'accepted'}",0
543140908,1x8-12' Biscayne - Trex Lineage,accepted,"{'mpn': '543140908', 'manufacturer': 'U S Lumber (3073)', 'manufacturer_candidate': 'U S Lumber', 'brand_candidate': 'TREX', 'identity_query': '543140908 U S Lumber TREX', 'brands': ['TREX'], 'description': ""1x8-12' Biscayne - Trex Lineage""}","{'brand': 'TREX', 'source': 'structured_field', 'confidence': 0.99, 'candidates': ['TREX']}","{'value': 'U S Lumber', 'score': 100.0, 'match': 'U S Lumber'}","{'raw': {'diameter': None, 'thickness': None, 'arbor': None, 'product_type': None, 'pack_quantity': None}, 'normalized': {'diameter': None, 'thickness': None, 'arbor': None, 'product_type': None, 'pack_quantity': None}, 'confidence': {}, 'evidence': [], 'status': 'accepted'}",0
543142908,1x8-12' Carmel - Trex Lineage,accepted,"{'mpn': '543142908', 'manufacturer': 'U S Lumber (3073)', 'manufacturer_candidate': 'U S Lumber', 'brand_candidate': 'TREX', 'identity_query': '543142908 U S Lumber TREX', 'brands': ['TREX'], 'description': ""1x8-12' Carmel - Trex Lineage""}","{'brand': 'TREX', 'source': 'structured_field', 'confidence': 0.99, 'candidates': ['TREX']}","{'value': 'U S Lumber', 'score': 100.0, 'match': 'U S Lumber'}","{'raw': {'diameter': None, 'thickness': None, 'arbor': None, 'product_type': None, 'pack_quantity': None}, 'normalized': {'diameter': None, 'thickness': None, 'arbor': None, 'product_type': None, 'pack_quantity': None}, 'confidence': {}, 'evidence': [], 'status': 'accepted'}",0
543143908,1x8-12' Jasper - Trex Lineage,accepted,"{'mpn': '543143908', 'manufacturer': 'U S Lumber (3073)', 'manufacturer_candidate': 'U S Lumber', 'brand_candidate': 'TREX', 'identity_query': '543143908 U S Lumber TREX', 'brands': ['TREX'], 'description': ""1x8-12' Jasper - Trex Lineage""}","{'brand': 'TREX', 'source': 'structured_field', 'confidence': 0.99, 'candidates': ['TREX']}","{'value': 'U S Lumber', 'score': 100.0, 'match': 'U S Lumber'}","{'raw': {'diameter': None, 'thickness': None, 'arbor': None, 'product_type': None, 'pack_quantity': None}, 'normalized': {'diameter': None, 'thickness': None, 'arbor': None, 'product_type': None, 'pack_quantity': None}, 'confidence': {}, 'evidence': [], 'status': 'accepted'}",0
543140912,1x12-12' Biscayne - Trex Lineage,accepted,"{'mpn': '543140912', 'manufacturer': 'U S Lumber (3073)', 'manufacturer_candidate': 'U S Lumber', 'brand_candidate': 'TREX', 'identity_query': '543140912 U S Lumber TREX', 'brands': ['TREX'], 'description': ""1x12-12' Biscayne - Trex Lineage""}","{'brand': 'TREX', 'source': 'structured_field', 'confidence': 0.99, 'candidates': ['TREX']}","{'value': 'U S Lumber', 'score': 100.0, 'match': 'U S Lumber'}","{'raw': {'diameter': None, 'thickness': None, 'arbor': None, 'product_type': None, 'pack_quantity': None}, 'normalized': {'diameter': None, 'thickness': None, 'arbor': None, 'product_type': None, 'pack_quantity': None}, 'confidence': {}, 'evidence': [], 'status': 'accepted'}",0
543142912,1x12-12' Carmel - Trex Lineage,accepted,"{'mpn': '543142912', 'manufacturer': 'U S Lumber (3073)', 'manufacturer_candidate': 'U S Lumber', 'brand_candidate': 'TREX', 'identity_query': '543142912 U S Lumber TREX', 'brands': ['TREX'], 'description': ""1x12-12' Carmel - Trex Lineage""}","{'brand': 'TREX', 'source': 'structured_field', 'confidence': 0.99, 'candidates': ['TREX']}","{'value': 'U S Lumber', 'score': 100.0, 'match': 'U S Lumber'}","{'raw': {'diameter': None, 'thickness': None, 'arbor': None, 'product_type': None, 'pack_quantity': None}, 'normalized': {'diameter': None, 'thickness': None, 'arbor': None, 'product_type': None, 'pack_quantity': None}, 'confidence': {}, 'evidence': [], 'status': 'accepted'}",0
543143912,1x12-12' Jasper - Trex Lineage,accepted,"{'mpn': '543143912', 'manufacturer': 'U S Lumber (3073)', 'manufacturer_candidate': 'U S Lumber', 'brand_candidate': 'TREX', 'identity_query': '543143912 U S Lumber TREX', 'brands': ['TREX'], 'description': ""1x12-12' Jasper - Trex Lineage""}","{'brand': 'TREX', 'source': 'structured_field', 'confidence': 0.99, 'candidates': ['TREX']}","{'value': 'U S Lumber', 'score': 100.0, 'match': 'U S Lumber'}","{'raw': {'diameter': None, 'thickness': None, 'arbor': None, 'product_type': None, 'pack_quantity': None}, 'normalized': {'diameter': None, 'thickness': None, 'arbor': None, 'product_type': None, 'pack_quantity': None}, 'confidence': {}, 'evidence': [], 'status': 'accepted'}",0
1513715,1x12-12' Hatteras - Trex Lineage,accepted,"{'mpn': '1513715', 'manufacturer': 'Boise Cascade Building Materials (BOICA)', 'manufacturer_candidate': 'Boise Cascade Building Materials', 'brand_candidate': 'TREX', 'identity_query': '1513715 Boise Cascade Building Materials TREX', 'brands': ['TREX'], 'description': ""1x12-12' Hatteras - Trex Lineage""}","{'brand': 'TREX', 'source': 'structured_field', 'confidence': 0.99, 'candidates': ['TREX']}","{'value': 'Boise Cascade Building Materials', 'score': 100.0, 'match': 'Boise Cascade Building Materials'}","{'raw': {'diameter': None, 'thickness': None, 'arbor': None, 'product_type': None, 'pack_quantity': None}, 'normalized': {'diameter': None, 'thickness': None, 'arbor': None, 'product_type': None, 'pack_quantity': None}, 'confidence': {}, 'evidence': [], 'status': 'accepted'}",0
1513716,1x12-12' Salt Flat - Trex Lineage,accepted,"{'mpn': '1513716', 'manufacturer': 'Boise Cascade Building Materials (BOICA)', 'manufacturer_candidate': 'Boise Cascade Building Materials', 'brand_candidate': 'TREX', 'identity_query': '1513716 Boise Cascade Building Materials TREX', 'brands': ['TREX'], 'description': ""1x12-12' Salt Flat - Trex Lineage""}","{'brand': 'TREX', 'source': 'structured_field', 'confidence': 0.99, 'candidates': ['TREX']}","{'value': 'Boise Cascade Building Materials', 'score': 100.0, 'match': 'Boise Cascade Building Materials'}","{'raw': {'diameter': None, 'thickness': None, 'arbor': None, 'product_type': None, 'pack_quantity': None}, 'normalized': {'diameter': None, 'thickness': None, 'arbor': None, 'product_type': None, 'pack_quantity': None}, 'confidence': {}, 'evidence': [], 'status': 'accepted'}",0
1513722,1x8-12' Honey Grove - Trex Enhance Naturals Fascia,accepted,"{'mpn': '1513722', 'manufacturer': 'Boise Cascade Building Materials (BOICA)', 'manufacturer_candidate': 'Boise Cascade Building Materials', 'brand_candidate': 'TREX', 'identity_query': '1513722 Boise Cascade Building Materials TREX', 'brands': ['TREX'], 'description': ""1x8-12' Honey Grove - Trex Enhance Naturals Fascia""}","{'brand': 'TREX', 'source': 'structured_field', 'confidence': 0.99, 'candidates': ['TREX']}","{'value': 'Boise Cascade Building Materials', 'score': 100.0, 'match': 'Boise Cascade Building Materials'}","{'raw': {'diameter': None, 'thickness': None, 'arbor': None, 'product_type': None, 'pack_quantity': None}, 'normalized': {'diameter': None, 'thickness': None, 'arbor': None, 'product_type': None, 'pack_quantity': None}, 'confidence': {}, 'evidence': [], 'status': 'accepted'}",0
1513723,1x12-12' Honey Grove - Trex Enhance Naturals Fascia,accepted,"{'mpn': '1513723', 'manufacturer': 'Boise Cascade Building Materials (BOICA)', 'manufacturer_candidate': 'Boise Cascade Building Materials', 'brand_candidate': 'TREX', 'identity_query': '1513723 Boise Cascade Building Materials TREX', 'brands': ['TREX'], 'description': ""1x12-12' Honey Grove - Trex Enhance Naturals Fascia""}","{'brand': 'TREX', 'source': 'structured_field', 'confidence': 0.99, 'candidates': ['TREX']}","{'value': 'Boise Cascade Building Materials', 'score': 100.0, 'match': 'Boise Cascade Building Materials'}","{'raw': {'diameter': None, 'thickness': None, 'arbor': None, 'product_type': None, 'pack_quantity': None}, 'normalized': {'diameter': None, 'thickness': None, 'arbor': None, 'product_type': None, 'pack_quantity': None}, 'confidence': {}, 'evidence': [], 'status': 'accepted'}",0
1513729,1x8-12' Tide Pool - Trex Enhance Basics Fascia,accepted,"{'mpn': '1513729', 'manufacturer': 'Boise Cascade Building Materials (BOICA)', 'manufacturer_candidate': 'Boise Cascade Building Materials', 'brand_candidate': 'TREX', 'identity_query': '1513729 Boise Cascade Building Materials TREX', 'brands': ['TREX'], 'description': ""1x8-12' Tide Pool - Trex Enhance Basics Fascia""}","{'brand': 'TREX', 'source': 'structured_field', 'confidence': 0.99, 'candidates': ['TREX']}","{'value': 'Boise Cascade Building Materials', 'score': 100.0, 'match': 'Boise Cascade Building Materials'}","{'raw': {'diameter': None, 'thickness': None, 'arbor': None, 'product_type': None, 'pack_quantity': None}, 'normalized': {'diameter': None, 'thickness': None, 'arbor': None, 'product_type': None, 'pack_quantity': None}, 'confidence': {}, 'evidence': [], 'status': 'accepted'}",0
1513730,1x12-12' Tide Pool - Trex Enhance Basics Fascia,accepted,"{'mpn': '1513730', 'manufacturer': 'Boise Cascade Building Materials (BOICA)', 'manufacturer_candidate': 'Boise Cascade Building Materials', 'brand_candidate': 'TREX', 'identity_query': '1513730 Boise Cascade Building Materials TREX', 'brands': ['TREX'], 'description': ""1x12-12' Tide Pool - Trex Enhance Basics Fascia""}","{'brand': 'TREX', 'source': 'structured_field', 'confidence': 0.99, 'candidates': ['TREX']}","{'value': 'Boise Cascade Building Materials', 'score': 100.0, 'match': 'Boise Cascade Building Materials'}","{'raw': {'diameter': None, 'thickness': None, 'arbor': None, 'product_type': None, 'pack_quantity': None}, 'normalized': {'diameter': None, 'thickness': None, 'arbor': None, 'product_type': None, 'pack_quantity': None}, 'confidence': {}, 'evidence': [], 'status': 'accepted'}",0
543076916,1x8-12' Cinnamon Cove - Trex Enhance Naturals Fascia,accepted,"{'mpn': '543076916', 'manufacturer': 'Boise Cascade Building Materials (BOICA)', 'manufacturer_candidate': 'Boise Cascade Building Materials', 'brand_candidate': 'TREX', 'identity_query': '543076916 Boise Cascade Building Materials TREX', 'brands': ['TREX'], 'description': ""1x8-12' Cinnamon Cove - Trex Enhance Naturals Fascia""}","{'brand': 'TREX', 'source': 'structured_field', 'confidence': 0.99, 'candidates': ['TREX']}","{'value': 'Boise Cascade Building Materials', 'score': 100.0, 'match': 'Boise Cascade Building Materials'}","{'raw': {'diameter': None, 'thickness': None, 'arbor': None, 'product_type': None, 'pack_quantity': None}, 'normalized': {'diameter': None, 'thickness': None, 'arbor': None, 'product_type': None, 'pack_quantity': None}, 'confidence': {}, 'evidence': [], 'status': 'accepted'}",0
1516876,1x8-12' Golden Hour - Trex Enhance Naturals Fascia,accepted,"{'mpn': '1516876', 'manufacturer': 'Boise Cascade Building Materials (BOICA)', 'manufacturer_candidate': 'Boise Cascade Building Materials', 'brand_candidate': 'TREX', 'identity_query': '1516876 Boise Cascade Building Materials TREX', 'brands': ['TREX'], 'description': ""1x8-12' Golden Hour - Trex Enhance Naturals Fascia""}","{'brand': 'TREX', 'source': 'structured_field', 'confidence': 0.99, 'candidates': ['TREX']}","{'value': 'Boise Cascade Building Materials', 'score': 100.0, 'match': 'Boise Cascade Building Materials'}","{'raw': {'diameter': None, 'thickness': None, 'arbor': None, 'product_type': None, 'pack_quantity': None}, 'normalized': {'diameter': None, 'thickness': None, 'arbor': None, 'product_type': None, 'pack_quantity': None}, 'confidence': {}, 'evidence': [], 'status': 'accepted'}",0
543076936,1x12-12' Cinnamon Cove - Trex Enhance Naturals Fascia,accepted,"{'mpn': '543076936', 'manufacturer': 'Boise Cascade Building Materials (BOICA)', 'manufacturer_candidate': 'Boise Cascade Building Materials', 'brand_candidate': 'TREX', 'identity_query': '543076936 Boise Cascade Building Materials TREX', 'brands': ['TREX'], 'description': ""1x12-12' Cinnamon Cove - Trex Enhance Naturals Fascia""}","{'brand': 'TREX', 'source': 'structured_field', 'confidence': 0.99, 'candidates': ['TREX']}","{'value': 'Boise Cascade Building Materials', 'score': 100.0, 'match': 'Boise Cascade Building Materials'}","{'raw': {'diameter': None, 'thickness': None, 'arbor': None, 'product_type': None, 'pack_quantity': None}, 'normalized': {'diameter': None, 'thickness': None, 'arbor': None, 'product_type': None, 'pack_quantity': None}, 'confidence': {}, 'evidence': [], 'status': 'accepted'}",0
1516878,1x12-12' Golden Hour - Trex Enhance Naturals Fascia,accepted,"{'mpn': '1516878', 'manufacturer': 'Boise Cascade Building Materials (BOICA)', 'manufacturer_candidate': 'Boise Cascade Building Materials', 'brand_candidate': 'TREX', 'identity_query': '1516878 Boise Cascade Building Materials TREX', 'brands': ['TREX'], 'description': ""1x12-12' Golden Hour - Trex Enhance Naturals Fascia""}","{'brand': 'TREX', 'source': 'structured_field', 'confidence': 0.99, 'candidates': ['TREX']}","{'value': 'Boise Cascade Building Materials', 'score': 100.0, 'match': 'Boise Cascade Building Materials'}","{'raw': {'diameter': None, 'thickness': None, 'arbor': None, 'product_type': None, 'pack_quantity': None}, 'normalized': {'diameter': None, 'thickness': None, 'arbor': None, 'product_type': None, 'pack_quantity': None}, 'confidence': {}, 'evidence': [], 'status': 'accepted'}",0
1516884,1x8-12' Pebble Beach - Trex Enhance Basics Fascia,accepted,"{'mpn': '1516884', 'manufacturer': 'Boise Cascade Building Materials (BOICA)', 'manufacturer_candidate': 'Boise Cascade Building Materials', 'brand_candidate': 'TREX', 'identity_query': '1516884 Boise Cascade Building Materials TREX', 'brands': ['TREX'], 'description': ""1x8-12' Pebble Beach - Trex Enhance Basics Fascia""}","{'brand': 'TREX', 'source': 'structured_field', 'confidence': 0.99, 'candidates': ['TREX']}","{'value': 'Boise Cascade Building Materials', 'score': 100.0, 'match': 'Boise Cascade Building Materials'}","{'raw': {'diameter': None, 'thickness': None, 'arbor': None, 'product_type': None, 'pack_quantity': None}, 'normalized': {'diameter': None, 'thickness': None, 'arbor': None, 'product_type': None, 'pack_quantity': None}, 'confidence': {}, 'evidence': [], 'status': 'accepted'}",0
1516885,1x12-12' Pebble Beach - Trex Enhance Basics Fascia,accepted,"{'mpn': '1516885', 'manufacturer': 'Boise Cascade Building Materials (BOICA)', 'manufacturer_candidate': 'Boise Cascade Building Materials', 'brand_candidate': 'TREX', 'identity_query': '1516885 Boise Cascade Building Materials TREX', 'brands': ['TREX'], 'description': ""1x12-12' Pebble Beach - Trex Enhance Basics Fascia""}","{'brand': 'TREX', 'source': 'structured_field', 'confidence': 0.99, 'candidates': ['TREX']}","{'value': 'Boise Cascade Building Materials', 'score': 100.0, 'match': 'Boise Cascade Building Materials'}","{'raw': {'diameter': None, 'thickness': None, 'arbor': None, 'product_type': None, 'pack_quantity': None}, 'normalized': {'diameter': None, 'thickness': None, 'arbor': None, 'product_type': None, 'pack_quantity': None}, 'confidence': {}, 'evidence': [], 'status': 'accepted'}",0
543005916,1x8-12' Malted Barley - Trex Select 2.0 Fascia,accepted,"{'mpn': '543005916', 'manufacturer': 'Boise Cascade Building Materials (BOICA)', 'manufacturer_candidate': 'Boise Cascade Building Materials', 'brand_candidate': 'TREX', 'identity_query': '543005916 Boise Cascade Building Materials TREX', 'brands': ['TREX'], 'description': ""1x8-12' Malted Barley - Trex Select 2.0 Fascia""}","{'brand': 'TREX', 'source': 'structured_field', 'confidence': 0.99, 'candidates': ['TREX']}","{'value': 'Boise Cascade Building Materials', 'score': 100.0, 'match': 'Boise Cascade Building Materials'}","{'raw': {'diameter': None, 'thickness': None, 'arbor': None, 'product_type': None, 'pack_quantity': None}, 'normalized': {'diameter': None, 'thickness': None, 'arbor': None, 'product_type': None, 'pack_quantity': None}, 'confidence': {}, 'evidence': [], 'status': 'accepted'}",0
1516902,1x8-12' Millstone - Trex Select 2.0 Fascia,accepted,"{'mpn': '1516902', 'manufacturer': 'Boise Cascade Building Materials (BOICA)', 'manufacturer_candidate': 'Boise Cascade Building Materials', 'brand_candidate': 'TREX', 'identity_query': '1516902 Boise Cascade Building Materials TREX', 'brands': ['TREX'], 'description': ""1x8-12' Millstone - Trex Select 2.0 Fascia""}","{'brand': 'TREX', 'source': 'structured_field', 'confidence': 0.99, 'candidates': ['TREX']}","{'value': 'Boise Cascade Building Materials', 'score': 100.0, 'match': 'Boise Cascade Building Materials'}","{'raw': {'diameter': None, 'thickness': None, 'arbor': None, 'product_type': None, 'pack_quantity': None}, 'normalized': {'diameter': None, 'thickness': None, 'arbor': None, 'product_type': None, 'pack_quantity': None}, 'confidence': {}, 'evidence': [], 'status': 'accepted'}",0
543007916,1x8-12' Whiskey Barrel - Trex Select 2.0 Fascia,accepted,"{'mpn': '543007916', 'manufacturer': 'Boise Cascade Building Materials (BOICA)', 'manufacturer_candidate': 'Boise Cascade Building Materials', 'brand_candidate': 'TREX', 'identity_query': '543007916 Boise Cascade Building Materials TREX', 'brands': ['TREX'], 'description': ""1x8-12' Whiskey Barrel - Trex Select 2.0 Fascia""}","{'brand': 'TREX', 'source': 'structured_field', 'confidence': 0.99, 'candidates': ['TREX']}","{'value': 'Boise Cascade Building Materials', 'score': 100.0, 'match': 'Boise Cascade Building Materials'}","{'raw': {'diameter': None, 'thickness': None, 'arbor': None, 'product_type': None, 'pack_quantity': None}, 'normalized': {'diameter': None, 'thickness': None, 'arbor': None, 'product_type': None, 'pack_quantity': None}, 'confidence': {}, 'evidence': [], 'status': 'accepted'}",0
543005936,1x12-12' Malted Barley - Trex Select 2.0 Fascia,accepted,"{'mpn': '543005936', 'manufacturer': 'Boise Cascade Building Materials (BOICA)', 'manufacturer_candidate': 'Boise Cascade Building Materials', 'brand_candidate': 'TREX', 'identity_query': '543005936 Boise Cascade Building Materials TREX', 'brands': ['TREX'], 'description': ""1x12-12' Malted Barley - Trex Select 2.0 Fascia""}","{'brand': 'TREX', 'source': 'structured_field', 'confidence': 0.99, 'candidates': ['TREX']}","{'value': 'Boise Cascade Building Materials', 'score': 100.0, 'match': 'Boise Cascade Building Materials'}","{'raw': {'diameter': None, 'thickness': None, 'arbor': None, 'product_type': None, 'pack_quantity': None}, 'normalized': {'diameter': None, 'thickness': None, 'arbor': None, 'product_type': None, 'pack_quantity': None}, 'confidence': {}, 'evidence': [], 'status': 'accepted'}",0
1516905,1x12-12' Millstone - Trex Select 2.0 Fascia,accepted,"{'mpn': '1516905', 'manufacturer': 'Boise Cascade Building Materials (BOICA)', 'manufacturer_candidate': 'Boise Cascade Building Materials', 'brand_candidate': 'TREX', 'identity_query': '1516905 Boise Cascade Building Materials TREX', 'brands': ['TREX'], 'description': ""1x12-12' Millstone - Trex Select 2.0 Fascia""}","{'brand': 'TREX', 'source': 'structured_field', 'confidence': 0.99, 'candidates': ['TREX']}","{'value': 'Boise Cascade Building Materials', 'score': 100.0, 'match': 'Boise Cascade Building Materials'}","{'raw': {'diameter': None, 'thickness': None, 'arbor': None, 'product_type': None, 'pack_quantity': None}, 'normalized': {'diameter': None, 'thickness': None, 'arbor': None, 'product_type': None, 'pack_quantity': None}, 'confidence': {}, 'evidence': [], 'status': 'accepted'}",0
543007936,1x12-12' Whiskey Barrel - Trex Select 2.0 Fascia,accepted,"{'mpn': '543007936', 'manufacturer': 'Boise Cascade Building Materials (BOICA)', 'manufacturer_candidate': 'Boise Cascade Building Materials', 'brand_candidate': 'TREX', 'identity_query': '543007936 Boise Cascade Building Materials TREX', 'brands': ['TREX'], 'description': ""1x12-12' Whiskey Barrel - Trex Select 2.0 Fascia""}","{'brand': 'TREX', 'source': 'structured_field', 'confidence': 0.99, 'candidates': ['TREX']}","{'value': 'Boise Cascade Building Materials', 'score': 100.0, 'match': 'Boise Cascade Building Materials'}","{'raw': {'diameter': None, 'thickness': None, 'arbor': None, 'product_type': None, 'pack_quantity': None}, 'normalized': {'diameter': None, 'thickness': None, 'arbor': None, 'product_type': None, 'pack_quantity': None}, 'confidence': {}, 'evidence': [], 'status': 'accepted'}",0
543144908,1x8-12' Island Mist - Trex Lineage,accepted,"{'mpn': '543144908', 'manufacturer': 'U S Lumber (3073)', 'manufacturer_candidate': 'U S Lumber', 'brand_candidate': 'TREX', 'identity_query': '543144908 U S Lumber TREX', 'brands': ['TREX'], 'description': ""1x8-12' Island Mist - Trex Lineage""}","{'brand': 'TREX', 'source': 'structured_field', 'confidence': 0.99, 'candidates': ['TREX']}","{'value': 'U S Lumber', 'score': 100.0, 'match': 'U S Lumber'}","{'raw': {'diameter': None, 'thickness': None, 'arbor': None, 'product_type': None, 'pack_quantity': None}, 'normalized': {'diameter': None, 'thickness': None, 'arbor': None, 'product_type': None, 'pack_quantity': None}, 'confidence': {}, 'evidence': [], 'status': 'accepted'}",0
543141908,1x8-12' Rainier - Trex Lineage,accepted,"{'mpn': '543141908', 'manufacturer': 'U S Lumber (3073)', 'manufacturer_candidate': 'U S Lumber', 'brand_candidate': 'TREX', 'identity_query': '543141908 U S Lumber TREX', 'brands': ['TREX'], 'description': ""1x8-12' Rainier - Trex Lineage""}","{'brand': 'TREX', 'source': 'structured_field', 'confidence': 0.99, 'candidates': ['TREX']}","{'value': 'U S Lumber', 'score': 100.0, 'match': 'U S Lumber'}","{'raw': {'diameter': None, 'thickness': None, 'arbor': None, 'product_type': None, 'pack_quantity': None}, 'normalized': {'diameter': None, 'thickness': None, 'arbor': None, 'product_type': None, 'pack_quantity': None}, 'confidence': {}, 'evidence': [], 'status': 'accepted'}",0
543144912,1x12-12' Island Mist - Trex Lineage,accepted,"{'mpn': '543144912', 'manufacturer': 'U S Lumber (3073)', 'manufacturer_candidate': 'U S Lumber', 'brand_candidate': 'TREX', 'identity_query': '543144912 U S Lumber TREX', 'brands': ['TREX'], 'description': ""1x12-12' Island Mist - Trex Lineage""}","{'brand': 'TREX', 'source': 'structured_field', 'confidence': 0.99, 'candidates': ['TREX']}","{'value': 'U S Lumber', 'score': 100.0, 'match': 'U S Lumber'}","{'raw': {'diameter': None, 'thickness': None, 'arbor': None, 'product_type': None, 'pack_quantity': None}, 'normalized': {'diameter': None, 'thickness': None, 'arbor': None, 'product_type': None, 'pack_quantity': None}, 'confidence': {}, 'evidence': [], 'status': 'accepted'}",0
543141912,1x12-12' Rainier - Trex Lineage,accepted,"{'mpn': '543141912', 'manufacturer': 'U S Lumber (3073)', 'manufacturer_candidate': 'U S Lumber', 'brand_candidate': 'TREX', 'identity_query': '543141912 U S Lumber TREX', 'brands': ['TREX'], 'description': ""1x12-12' Rainier - Trex Lineage""}","{'brand': 'TREX', 'source': 'structured_field', 'confidence': 0.99, 'candidates': ['TREX']}","{'value': 'U S Lumber', 'score': 100.0, 'match': 'U S Lumber'}","{'raw': {'diameter': None, 'thickness': None, 'arbor': None, 'product_type': None, 'pack_quantity': None}, 'normalized': {'diameter': None, 'thickness': None, 'arbor': None, 'product_type': None, 'pack_quantity': None}, 'confidence': {}, 'evidence': [], 'status': 'accepted'}",0
1513713,1x8-12' Hatteras - Trex Lineage,accepted,"{'mpn': '1513713', 'manufacturer': 'Boise Cascade Building Materials (BOICA)', 'manufacturer_candidate': 'Boise Cascade Building Materials', 'brand_candidate': 'TREX', 'identity_query': '1513713 Boise Cascade Building Materials TREX', 'brands': ['TREX'], 'description': ""1x8-12' Hatteras - Trex Lineage""}","{'brand': 'TREX', 'source': 'structured_field', 'confidence': 0.99, 'candidates': ['TREX']}","{'value': 'Boise Cascade Building Materials', 'score': 100.0, 'match': 'Boise Cascade Building Materials'}","{'raw': {'diameter': None, 'thickness': None, 'arbor': None, 'product_type': None, 'pack_quantity': None}, 'normalized': {'diameter': None, 'thickness': None, 'arbor': None, 'product_type': None, 'pack_quantity': None}, 'confidence': {}, 'evidence': [], 'status': 'accepted'}",0
1513714,1x8-12' Salt Flat - Trex Lineage,accepted,"{'mpn': '1513714', 'manufacturer': 'Boise Cascade Building Materials (BOICA)', 'manufacturer_candidate': 'Boise Cascade Building Materials', 'brand_candidate': 'TREX', 'identity_query': '1513714 Boise Cascade Building Materials TREX', 'brands': ['TREX'], 'description': ""1x8-12' Salt Flat - Trex Lineage""}","{'brand': 'TREX', 'source': 'structured_field', 'confidence': 0.99, 'candidates': ['TREX']}","{'value': 'Boise Cascade Building Materials', 'score': 100.0, 'match': 'Boise Cascade Building Materials'}","{'raw': {'diameter': None, 'thickness': None, 'arbor': None, 'product_type': None, 'pack_quantity': None}, 'normalized': {'diameter': None, 'thickness': None, 'arbor': None, 'product_type': None, 'pack_quantity': None}, 'confidence': {}, 'evidence': [], 'status': 'accepted'}",0
73012503,4x4 Wh Heritage Post Trim RDI,accepted,"{'mpn': '73012503', 'manufacturer': '-', 'manufacturer_candidate': '-', 'brand_candidate': None, 'identity_query': '73012503 -', 'brands': [], 'description': '4x4 Wh Heritage Post Trim RDI'}","{'brand': None, 'source': None, 'confidence': 0.0, 'candidates': []}","{'value': 'First Alert - B R K Brands', 'score': 100.0, 'match': 'First Alert - B R K Brands'}","{'raw': {'diameter': None, 'thickness': None, 'arbor': None, 'product_type': None, 'pack_quantity': None}, 'normalized': {'diameter': None, 'thickness': None, 'arbor': None, 'product_type': None, 'pack_quantity': None}, 'confidence': {}, 'evidence': [], 'status': 'accepted'}",0
73018131,6x6 Wh Elite Post Trim 4pc RDI,accepted,"{'mpn': '73018131', 'manufacturer': '-', 'manufacturer_candidate': '-', 'brand_candidate': None, 'identity_query': '73018131 -', 'brands': [], 'description': '6x6 Wh Elite Post Trim 4pc RDI'}","{'brand': None, 'source': None, 'confidence': 0.0, 'candidates': []}","{'value': 'First Alert - B R K Brands', 'score': 100.0, 'match': 'First Alert - B R K Brands'}","{'raw': {'diameter': None, 'thickness': None, 'arbor': None, 'product_type': None, 'pack_quantity': 4}, 'normalized': {'diameter': None, 'thickness': None, 'arbor': None, 'product_type': None, 'pack_quantity': 4}, 'confidence': {'pack_quantity': 0.7}, 'evidence': [{'attribute': 'pack_quantity', 'raw_value': 4, 'normalized_value': 4, 'source': 'ai_extraction'}], 'status': 'accepted'}",1
73018091,4x4 Wh Elite Post Trim RDI,accepted,"{'mpn': '73018091', 'manufacturer': '-', 'manufacturer_candidate': '-', 'brand_candidate': None, 'identity_query': '73018091 -', 'brands': [], 'description': '4x4 Wh Elite Post Trim RDI'}","{'brand': None, 'source': None, 'confidence': 0.0, 'candidates': []}","{'value': 'First Alert - B R K Brands', 'score': 100.0, 'match': 'First Alert - B R K Brands'}","{'raw': {'diameter': None, 'thickness': None, 'arbor': None, 'product_type': None, 'pack_quantity': None}, 'normalized': {'diameter': None, 'thickness': None, 'arbor': None, 'product_type': None, 'pack_quantity': None}, 'confidence': {}, 'evidence': [], 'status': 'accepted'}",0
73018066,Clay 6x6 Elite Post Trim RDI - 4pc,accepted,"{'mpn': '73018066', 'manufacturer': '-', 'manufacturer_candidate': '-', 'brand_candidate': None, 'identity_query': '73018066 -', 'brands': [], 'description': 'Clay 6x6 Elite Post Trim RDI - 4pc'}","{'brand': None, 'source': None, 'confidence': 0.0, 'candidates': []}","{'value': 'First Alert - B R K Brands', 'score': 100.0, 'match': 'First Alert - B R K Brands'}","{'raw': {'diameter': None, 'thickness': None, 'arbor': None, 'product_type': None, 'pack_quantity': 4}, 'normalized': {'diameter': None, 'thickness': None, 'arbor': None, 'product_type': None, 'pack_quantity': 4}, 'confidence': {'pack_quantity': 0.7}, 'evidence': [{'attribute': 'pack_quantity', 'raw_value': 4, 'normalized_value': 4, 'source': 'ai_extraction'}], 'status': 'accepted'}",1
73018076,4x4 Wh Flat Post Cap RDI,accepted,"{'mpn': '73018076', 'manufacturer': '-', 'manufacturer_candidate': '-', 'brand_candidate': None, 'identity_query': '73018076 -', 'brands': [], 'description': '4x4 Wh Flat Post Cap RDI'}","{'brand': None, 'source': None, 'confidence': 0.0, 'candidates': []}","{'value': 'First Alert - B R K Brands', 'score': 100.0, 'match': 'First Alert - B R K Brands'}","{'raw': {'diameter': None, 'thickness': None, 'arbor': None, 'product_type': None, 'pack_quantity': None}, 'normalized': {'diameter': None, 'thickness': None, 'arbor': None, 'product_type': None, 'pack_quantity': None}, 'confidence': {}, 'evidence': [], 'status': 'accepted'}",0
61109087,Wh 4x4-39 Blank Post RDI,accepted,"{'mpn': '61109087', 'manufacturer': '-', 'manufacturer_candidate': '-', 'brand_candidate': None, 'identity_query': '61109087 -', 'brands': [], 'description': 'Wh 4x4-39 Blank Post RDI'}","{'brand': None, 'source': None, 'confidence': 0.0, 'candidates': []}","{'value': 'First Alert - B R K Brands', 'score': 100.0, 'match': 'First Alert - B R K Brands'}","{'raw': {'diameter': None, 'thickness': None, 'arbor': None, 'product_type': None, 'pack_quantity': None}, 'normalized': {'diameter': None, 'thickness': None, 'arbor': None, 'product_type': None, 'pack_quantity': None}, 'confidence': {}, 'evidence': [], 'status': 'accepted'}",0
73018731,Wh 6x6-108 Post Sleeve RDI,accepted,"{'mpn': '73018731', 'manufacturer': '-', 'manufacturer_candidate': '-', 'brand_candidate': None, 'identity_query': '73018731 -', 'brands': [], 'description': 'Wh 6x6-108 Post Sleeve RDI'}","{'brand': None, 'source': None, 'confidence': 0.0, 'candidates': []}","{'value': 'First Alert - B R K Brands', 'score': 100.0, 'match': 'First Alert - B R K Brands'}","{'raw': {'diameter': None, 'thickness': None, 'arbor': None, 'product_type': None, 'pack_quantity': None}, 'normalized': {'diameter': None, 'thickness': None, 'arbor': None, 'product_type': None, 'pack_quantity': None}, 'confidence': {}, 'evidence': [], 'status': 'accepted'}",0
61109090,Wh 4x4-108 Post Sleeve RDI,accepted,"{'mpn': '61109090', 'manufacturer': '-', 'manufacturer_candidate': '-', 'brand_candidate': None, 'identity_query': '61109090 -', 'brands': [], 'description': 'Wh 4x4-108 Post Sleeve RDI'}","{'brand': None, 'source': None, 'confidence': 0.0, 'candidates': []}","{'value': 'First Alert - B R K Brands', 'score': 100.0, 'match': 'First Alert - B R K Brands'}","{'raw': {'diameter': None, 'thickness': None, 'arbor': None, 'product_type': None, 'pack_quantity': None}, 'normalized': {'diameter': None, 'thickness': None, 'arbor': None, 'product_type': None, 'pack_quantity': None}, 'confidence': {}, 'evidence': [], 'status': 'accepted'}",0
73053603,Clay 4x4-108 Post Sleeve RDI,accepted,"{'mpn': '73053603', 'manufacturer': '-', 'manufacturer_candidate': '-', 'brand_candidate': None, 'identity_query': '73053603 -', 'brands': [], 'description': 'Clay 4x4-108 Post Sleeve RDI'}","{'brand': None, 'source': None, 'confidence': 0.0, 'candidates': []}","{'value': 'First Alert - B R K Brands', 'score': 100.0, 'match': 'First Alert - B R K Brands'}","{'raw': {'diameter': None, 'thickness': None, 'arbor': None, 'product_type': None, 'pack_quantity': None}, 'normalized': {'diameter': None, 'thickness': None, 'arbor': None, 'product_type': None, 'pack_quantity': None}, 'confidence': {}, 'evidence': [], 'status': 'accepted'}",0
73053608,Clay 6x6-108 Post Sleeve RDI,accepted,"{'mpn': '73053608', 'manufacturer': '-', 'manufacturer_candidate': '-', 'brand_candidate': None, 'identity_query': '73053608 -', 'brands': [], 'description': 'Clay 6x6-108 Post Sleeve RDI'}","{'brand': None, 'source': None, 'confidence': 0.0, 'candidates': []}","{'value': 'First Alert - B R K Brands', 'score': 100.0, 'match': 'First Alert - B R K Brands'}","{'raw': {'diameter': None, 'thickness': None, 'arbor': None, 'product_type': None, 'pack_quantity': None}, 'normalized': {'diameter': None, 'thickness': None, 'arbor': None, 'product_type': None, 'pack_quantity': None}, 'confidence': {}, 'evidence': [], 'status': 'accepted'}",0
543340896,"4x4-37"" Black Alum Post Sleeve Select Alum Railing - w/Cap & Skirt",accepted,"{'mpn': '543340896', 'manufacturer': 'Boise Cascade Building Materials (BOICA)', 'manufacturer_candidate': 'Boise Cascade Building Materials', 'brand_candidate': 'TREX', 'identity_query': '543340896 Boise Cascade Building Materials TREX', 'brands': ['TREX'], 'description': '4x4-37"" Black Alum Post Sleeve Select Alum Railing - w/Cap & Skirt'}","{'brand': 'TREX', 'source': 'structured_field', 'confidence': 0.99, 'candidates': ['TREX']}","{'value': 'Boise Cascade Building Materials', 'score': 100.0, 'match': 'Boise Cascade Building Materials'}","{'raw': {'diameter': None, 'thickness': None, 'arbor': None, 'product_type': None, 'pack_quantity': None}, 'normalized': {'diameter': None, 'thickness': None, 'arbor': None, 'product_type': None, 'pack_quantity': None}, 'confidence': {}, 'evidence': [], 'status': 'accepted'}",0
543340898,"4x4-43"" Black Alum Post Sleeve Select Alum Railing w/Cap & Skirt",accepted,"{'mpn': '543340898', 'manufacturer': 'Boise Cascade Building Materials (BOICA)', 'manufacturer_candidate': 'Boise Cascade Building Materials', 'brand_candidate': 'TREX', 'identity_query': '543340898 Boise Cascade Building Materials TREX', 'brands': ['TREX'], 'description': '4x4-43"" Black Alum Post Sleeve Select Alum Railing w/Cap & Skirt'}","{'brand': 'TREX', 'source': 'structured_field', 'confidence': 0.99, 'candidates': ['TREX']}","{'value': 'Boise Cascade Building Materials', 'score': 100.0, 'match': 'Boise Cascade Building Materials'}","{'raw': {'diameter': None, 'thickness': None, 'arbor': None, 'product_type': None, 'pack_quantity': None}, 'normalized': {'diameter': None, 'thickness': None, 'arbor': None, 'product_type': None, 'pack_quantity': None}, 'confidence': {}, 'evidence': [], 'status': 'accepted'}",0
73272TBK,6x6-10' Black Alum Deco - Support Post,accepted,"{'mpn': '73272TBK', 'manufacturer': 'Palmer Donavin Mfg Company (PALDO)', 'manufacturer_candidate': 'Palmer Donavin Mfg Company', 'brand_candidate': 'DSI Westbury', 'identity_query': '73272TBK Palmer Donavin Mfg Company DSI Westbury', 'brands': ['DSI Westbury'], 'description': ""6x6-10' Black Alum Deco - Support Post""}","{'brand': 'DSI Westbury', 'source': 'structured_field', 'confidence': 0.99, 'candidates': ['DSI Westbury']}","{'value': 'Palmer Donavin Mfg Company', 'score': 100.0, 'match': 'Palmer Donavin Mfg Company'}","{'raw': {'diameter': None, 'thickness': None, 'arbor': None, 'product_type': None, 'pack_quantity': None}, 'normalized': {'diameter': None, 'thickness': None, 'arbor': None, 'product_type': None, 'pack_quantity': None}, 'confidence': {}, 'evidence': [], 'status': 'accepted'}",0
543302127,6' Wh Select T-Rail Kit Stair - w/Sq Composite Balusters,accepted,"{'mpn': '543302127', 'manufacturer': 'U S Lumber (3073)', 'manufacturer_candidate': 'U S Lumber', 'brand_candidate': 'TREX', 'identity_query': '543302127 U S Lumber TREX', 'brands': ['TREX'], 'description': ""6' Wh Select T-Rail Kit Stair - w/Sq Composite Balusters""}","{'brand': 'TREX', 'source': 'structured_field', 'confidence': 0.99, 'candidates': ['TREX']}","{'value': 'U S Lumber', 'score': 100.0, 'match': 'U S Lumber'}","{'raw': {'diameter': None, 'thickness': None, 'arbor': None, 'product_type': None, 'pack_quantity': None}, 'normalized': {'diameter': None, 'thickness': None, 'arbor': None, 'product_type': None, 'pack_quantity': None}, 'confidence': {}, 'evidence': [], 'status': 'accepted'}",0
543302147,8' Wh Select T-Rail Kit Stair - w/Sq Composite Balusters,accepted,"{'mpn': '543302147', 'manufacturer': 'U S Lumber (3073)', 'manufacturer_candidate': 'U S Lumber', 'brand_candidate': 'TREX', 'identity_query': '543302147 U S Lumber TREX', 'brands': ['TREX'], 'description': ""8' Wh Select T-Rail Kit Stair - w/Sq Composite Balusters""}","{'brand': 'TREX', 'source': 'structured_field', 'confidence': 0.99, 'candidates': ['TREX']}","{'value': 'U S Lumber', 'score': 100.0, 'match': 'U S Lumber'}","{'raw': {'diameter': None, 'thickness': None, 'arbor': None, 'product_type': None, 'pack_quantity': None}, 'normalized': {'diameter': None, 'thickness': None, 'arbor': None, 'product_type': None, 'pack_quantity': None}, 'confidence': {}, 'evidence': [], 'status': 'accepted'}",0
73019599,Finyline Wh 6' Str Rail Kit Sq,accepted,"{'mpn': '73019599', 'manufacturer': '-', 'manufacturer_candidate': '-', 'brand_candidate': None, 'identity_query': '73019599 -', 'brands': [], 'description': ""Finyline Wh 6' Str Rail Kit Sq""}","{'brand': None, 'source': None, 'confidence': 0.0, 'candidates': []}","{'value': 'First Alert - B R K Brands', 'score': 100.0, 'match': 'First Alert - B R K Brands'}","{'raw': {'diameter': None, 'thickness': None, 'arbor': None, 'product_type': None, 'pack_quantity': None}, 'normalized': {'diameter': None, 'thickness': None, 'arbor': None, 'product_type': None, 'pack_quantity': None}, 'confidence': {}, 'evidence': [], 'status': 'accepted'}",0
73019648,Finyline Wh 8' Str Rail Kit Sq,accepted,"{'mpn': '73019648', 'manufacturer': '-', 'manufacturer_candidate': '-', 'brand_candidate': None, 'identity_query': '73019648 -', 'brands': [], 'description': ""Finyline Wh 8' Str Rail Kit Sq""}","{'brand': None, 'source': None, 'confidence': 0.0, 'candidates': []}","{'value': 'First Alert - B R K Brands', 'score': 100.0, 'match': 'First Alert - B R K Brands'}","{'raw': {'diameter': None, 'thickness': None, 'arbor': None, 'product_type': None, 'pack_quantity': None}, 'normalized': {'diameter': None, 'thickness': None, 'arbor': None, 'product_type': None, 'pack_quantity': None}, 'confidence': {}, 'evidence': [], 'status': 'accepted'}",0
73019598,Finyline Wh 6' Str Rail Kit Rd - w/Black Alum Balusters,accepted,"{'mpn': '73019598', 'manufacturer': '-', 'manufacturer_candidate': '-', 'brand_candidate': None, 'identity_query': '73019598 -', 'brands': [], 'description': ""Finyline Wh 6' Str Rail Kit Rd - w/Black Alum Balusters""}","{'brand': None, 'source': None, 'confidence': 0.0, 'candidates': []}","{'value': 'First Alert - B R K Brands', 'score': 100.0, 'match': 'First Alert - B R K Brands'}","{'raw': {'diameter': None, 'thickness': None, 'arbor': None, 'product_type': None, 'pack_quantity': None}, 'normalized': {'diameter': None, 'thickness': None, 'arbor': None, 'product_type': None, 'pack_quantity': None}, 'confidence': {}, 'evidence': [], 'status': 'accepted'}",0
73019647,Finyline Wh 8' Str Rail Kit Rd - w/Black Alum Balusters,accepted,"{'mpn': '73019647', 'manufacturer': '-', 'manufacturer_candidate': '-', 'brand_candidate': None, 'identity_query': '73019647 -', 'brands': [], 'description': ""Finyline Wh 8' Str Rail Kit Rd - w/Black Alum Balusters""}","{'brand': None, 'source': None, 'confidence': 0.0, 'candidates': []}","{'value': 'First Alert - B R K Brands', 'score': 100.0, 'match': 'First Alert - B R K Brands'}","{'raw': {'diameter': None, 'thickness': None, 'arbor': None, 'product_type': None, 'pack_quantity': None}, 'normalized': {'diameter': None, 'thickness': None, 'arbor': None, 'product_type': None, 'pack_quantity': None}, 'confidence': {}, 'evidence': [], 'status': 'accepted'}",0
543300257,6' Black Select Classic Stair - Rail w/Rnd Black Alum Baluster,accepted,"{'mpn': '543300257', 'manufacturer': 'Boise Cascade Building Materials (BOICA)', 'manufacturer_candidate': 'Boise Cascade Building Materials', 'brand_candidate': 'TREX', 'identity_query': '543300257 Boise Cascade Building Materials TREX', 'brands': ['TREX'], 'description': ""6' Black Select Classic Stair - Rail w/Rnd Black Alum Baluster""}","{'brand': 'TREX', 'source': 'structured_field', 'confidence': 0.99, 'candidates': ['TREX']}","{'value': 'Boise Cascade Building Materials', 'score': 100.0, 'match': 'Boise Cascade Building Materials'}","{'raw': {'diameter': None, 'thickness': None, 'arbor': None, 'product_type': None, 'pack_quantity': None}, 'normalized': {'diameter': None, 'thickness': None, 'arbor': None, 'product_type': None, 'pack_quantity': None}, 'confidence': {}, 'evidence': [], 'status': 'accepted'}",0
543300277,8' Black Select Classic Stair - Rail w/Rnd Black Alum Baluster,accepted,"{'mpn': '543300277', 'manufacturer': 'Boise Cascade Building Materials (BOICA)', 'manufacturer_candidate': 'Boise Cascade Building Materials', 'brand_candidate': 'TREX', 'identity_query': '543300277 Boise Cascade Building Materials TREX', 'brands': ['TREX'], 'description': ""8' Black Select Classic Stair - Rail w/Rnd Black Alum Baluster""}","{'brand': 'TREX', 'source': 'structured_field', 'confidence': 0.99, 'candidates': ['TREX']}","{'value': 'Boise Cascade Building Materials', 'score': 100.0, 'match': 'Boise Cascade Building Materials'}","{'raw': {'diameter': None, 'thickness': None, 'arbor': None, 'product_type': None, 'pack_quantity': None}, 'normalized': {'diameter': None, 'thickness': None, 'arbor': None, 'product_type': None, 'pack_quantity': None}, 'confidence': {}, 'evidence': [], 'status': 'accepted'}",0
SPB-44BPL,"Patriot 4""x4""x37""/43"" Adjustable Self Leveling Support Post",accepted,"{'mpn': 'SPB-44BPL', 'manufacturer': '-', 'manufacturer_candidate': '-', 'brand_candidate': None, 'identity_query': 'SPB-44BPL -', 'brands': [], 'description': 'Patriot 4""x4""x37""/43"" Adjustable Self Leveling Support Post'}","{'brand': None, 'source': None, 'confidence': 0.0, 'candidates': []}","{'value': 'First Alert - B R K Brands', 'score': 100.0, 'match': 'First Alert - B R K Brands'}","{'raw': {'diameter': '4', 'thickness': '4', 'arbor': '37', 'product_type': None, 'pack_quantity': None}, 'normalized': {'diameter': 4.0, 'thickness': 4.0, 'arbor': 37.0, 'product_type': None, 'pack_quantity': None}, 'confidence': {'diameter': 0.7, 'thickness': 0.7, 'arbor': 0.7}, 'evidence': [{'attribute': 'diameter', 'raw_value': '4', 'normalized_value': 4.0, 'source': 'ai_extraction'}, {'attribute': 'thickness', 'raw_value': '4', 'normalized_value': 4.0, 'source': 'ai_extraction'}, {'attribute': 'arbor', 'raw_value': '37', 'normalized_value': 37.0, 'source': 'ai_extraction'}], 'status': 'accepted'}",3
925219,"2""x50' Deck Joist Tape - Protecto Wrap",accepted,"{'mpn': '925219', 'manufacturer': 'Palmer Donavin Mfg Company (PALDO)', 'manufacturer_candidate': 'Palmer Donavin Mfg Company', 'brand_candidate': None, 'identity_query': '925219 Palmer Donavin Mfg Company', 'brands': [], 'description': '2""x50\' Deck Joist Tape - Protecto Wrap'}","{'brand': None, 'source': None, 'confidence': 0.0, 'candidates': []}","{'value': 'Palmer Donavin Mfg Company', 'score': 100.0, 'match': 'Palmer Donavin Mfg Company'}","{'raw': {'diameter': None, 'thickness': None, 'arbor': None, 'product_type': None, 'pack_quantity': None}, 'normalized': {'diameter': None, 'thickness': None, 'arbor': None, 'product_type': None, 'pack_quantity': None}, 'confidence': {}, 'evidence': [], 'status': 'accepted'}",0
27233,24x48 WH Attic Access Door,accepted,"{'mpn': '27233', 'manufacturer': 'A J Manufacturing Inc (AJMAN)', 'manufacturer_candidate': 'A J Manufacturing Inc', 'brand_candidate': 'AJM', 'identity_query': '27233 A J Manufacturing Inc AJM', 'brands': ['AJM'], 'description': '24x48 WH Attic Access Door'}","{'brand': 'AJM', 'source': 'structured_field', 'confidence': 0.99, 'candidates': ['AJM']}","{'value': 'A J Manufacturing Inc', 'score': 100.0, 'match': 'A J Manufacturing Inc'}","{'raw': {'diameter': None, 'thickness': None, 'arbor': None, 'product_type': None, 'pack_quantity': None}, 'normalized': {'diameter': None, 'thickness': None, 'arbor': None, 'product_type': None, 'pack_quantity': None}, 'confidence': {}, 'evidence': [], 'status': 'accepted'}",0
1517602,6068R Gliding Patio Dr 4500 United Blk Ext/WH Int LowE Arg w/J,accepted,"{'mpn': '1517602', 'manufacturer': 'United Window & Door Manufacturing (UNIWI)', 'manufacturer_candidate': 'United Window & Door Manufacturing', 'brand_candidate': 'United Window & Door', 'identity_query': '1517602 United Window & Door Manufacturing United Window & Door', 'brands': ['United Window & Door'], 'description': '6068R Gliding Patio Dr 4500 United Blk Ext/WH Int LowE Arg w/J'}","{'brand': 'United Window & Door', 'source': 'structured_field', 'confidence': 0.99, 'candidates': ['United Window & Door']}","{'value': 'United Window & Door Manufacturing', 'score': 100.0, 'match': 'United Window & Door Manufacturing'}","{'raw': {'diameter': None, 'thickness': None, 'arbor': None, 'product_type': None, 'pack_quantity': None}, 'normalized': {'diameter': None, 'thickness': None, 'arbor': None, 'product_type': None, 'pack_quantity': None}, 'confidence': {}, 'evidence': [], 'status': 'accepted'}",0
1517603,6068L Gliding Patio Dr 4500 United Blk Ext/WH Int LowE Arg w/J,accepted,"{'mpn': '1517603', 'manufacturer': 'United Window & Door Manufacturing (UNIWI)', 'manufacturer_candidate': 'United Window & Door Manufacturing', 'brand_candidate': 'United Window & Door', 'identity_query': '1517603 United Window & Door Manufacturing United Window & Door', 'brands': ['United Window & Door'], 'description': '6068L Gliding Patio Dr 4500 United Blk Ext/WH Int LowE Arg w/J'}","{'brand': 'United Window & Door', 'source': 'structured_field', 'confidence': 0.99, 'candidates': ['United Window & Door']}","{'value': 'United Window & Door Manufacturing', 'score': 100.0, 'match': 'United Window & Door Manufacturing'}","{'raw': {'diameter': None, 'thickness': None, 'arbor': None, 'product_type': None, 'pack_quantity': None}, 'normalized': {'diameter': None, 'thickness': None, 'arbor': None, 'product_type': None, 'pack_quantity': None}, 'confidence': {}, 'evidence': [], 'status': 'accepted'}",0
1517604,6068L Gliding Patio Dr 4500 United White LowE Arg w/J,accepted,"{'mpn': '1517604', 'manufacturer': 'United Window & Door Manufacturing (UNIWI)', 'manufacturer_candidate': 'United Window & Door Manufacturing', 'brand_candidate': 'United Window & Door', 'identity_query': '1517604 United Window & Door Manufacturing United Window & Door', 'brands': ['United Window & Door'], 'description': '6068L Gliding Patio Dr 4500 United White LowE Arg w/J'}","{'brand': 'United Window & Door', 'source': 'structured_field', 'confidence': 0.99, 'candidates': ['United Window & Door']}","{'value': 'United Window & Door Manufacturing', 'score': 100.0, 'match': 'United Window & Door Manufacturing'}","{'raw': {'diameter': None, 'thickness': None, 'arbor': None, 'product_type': None, 'pack_quantity': None}, 'normalized': {'diameter': None, 'thickness': None, 'arbor': None, 'product_type': None, 'pack_quantity': None}, 'confidence': {}, 'evidence': [], 'status': 'accepted'}",0
1517605,6068R Gliding Patio Dr 4500 United White LowE Arg w/J,accepted,"{'mpn': '1517605', 'manufacturer': 'United Window & Door Manufacturing (UNIWI)', 'manufacturer_candidate': 'United Window & Door Manufacturing', 'brand_candidate': 'United Window & Door', 'identity_query': '1517605 United Window & Door Manufacturing United Window & Door', 'brands': ['United Window & Door'], 'description': '6068R Gliding Patio Dr 4500 United White LowE Arg w/J'}","{'brand': 'United Window & Door', 'source': 'structured_field', 'confidence': 0.99, 'candidates': ['United Window & Door']}","{'value': 'United Window & Door Manufacturing', 'score': 100.0, 'match': 'United Window & Door Manufacturing'}","{'raw': {'diameter': None, 'thickness': None, 'arbor': None, 'product_type': None, 'pack_quantity': None}, 'normalized': {'diameter': None, 'thickness': None, 'arbor': None, 'product_type': None, 'pack_quantity': None}, 'confidence': {}, 'evidence': [], 'status': 'accepted'}",0
FS C01 2004S,"FS C01 Velux Fxd Skylt Gry/Wh - w/Solar Shade RO 21""x26-7/8""",accepted,"{'mpn': 'FS C01 2004S', 'manufacturer': 'Velux America Inc (VELAM)', 'manufacturer_candidate': 'Velux America Inc', 'brand_candidate': None, 'identity_query': 'FS C01 2004S Velux America Inc', 'brands': [], 'description': 'FS C01 Velux Fxd Skylt Gry/Wh - w/Solar Shade RO 21""x26-7/8""'}","{'brand': None, 'source': None, 'confidence': 0.0, 'candidates': []}","{'value': 'Velux America Inc', 'score': 100.0, 'match': 'Velux America Inc'}","{'raw': {'diameter': None, 'thickness': None, 'arbor': None, 'product_type': None, 'pack_quantity': None}, 'normalized': {'diameter': None, 'thickness': None, 'arbor': None, 'product_type': None, 'pack_quantity': None}, 'confidence': {}, 'evidence': [], 'status': 'accepted'}",0
FS C04 2004S,"FS C04 Velux Fxd Skylt Gry/Wh - w/Solar Shade RO 21""x37-7/8""",accepted,"{'mpn': 'FS C04 2004S', 'manufacturer': 'Velux America Inc (VELAM)', 'manufacturer_candidate': 'Velux America Inc', 'brand_candidate': None, 'identity_query': 'FS C04 2004S Velux America Inc', 'brands': [], 'description': 'FS C04 Velux Fxd Skylt Gry/Wh - w/Solar Shade RO 21""x37-7/8""'}","{'brand': None, 'source': None, 'confidence': 0.0, 'candidates': []}","{'value': 'Velux America Inc', 'score': 100.0, 'match': 'Velux America Inc'}","{'raw': {'diameter': None, 'thickness': None, 'arbor': None, 'product_type': None, 'pack_quantity': None}, 'normalized': {'diameter': None, 'thickness': None, 'arbor': None, 'product_type': None, 'pack_quantity': None}, 'confidence': {}, 'evidence': [], 'status': 'accepted'}",0
FS C06 2004S,"FS C06 Velux Fxd Skylt Gry/Wh - w/Solar Shade RO 21""x45-7/8""",accepted,"{'mpn': 'FS C06 2004S', 'manufacturer': 'Velux America Inc (VELAM)', 'manufacturer_candidate': 'Velux America Inc', 'brand_candidate': None, 'identity_query': 'FS C06 2004S Velux America Inc', 'brands': [], 'description': 'FS C06 Velux Fxd Skylt Gry/Wh - w/Solar Shade RO 21""x45-7/8""'}","{'brand': None, 'source': None, 'confidence': 0.0, 'candidates': []}","{'value': 'Velux America Inc', 'score': 100.0, 'match': 'Velux America Inc'}","{'raw': {'diameter': None, 'thickness': None, 'arbor': None, 'product_type': None, 'pack_quantity': None}, 'normalized': {'diameter': None, 'thickness': None, 'arbor': None, 'product_type': None, 'pack_quantity': None}, 'confidence': {}, 'evidence': [], 'status': 'accepted'}",0
1501831,31.5x14.75 Bsmt ecoLitePlus WH - Hopper DLA w/Screen,accepted,"{'mpn': '1501831', 'manufacturer': 'ProVia (PRODO)', 'manufacturer_candidate': 'ProVia', 'brand_candidate': 'PROVIA', 'identity_query': '1501831 ProVia PROVIA', 'brands': ['PROVIA'], 'description': '31.5x14.75 Bsmt ecoLitePlus WH - Hopper DLA w/Screen'}","{'brand': 'PROVIA', 'source': 'structured_field', 'confidence': 0.99, 'candidates': ['PROVIA']}","{'value': 'ProVia', 'score': 100.0, 'match': 'ProVia'}","{'raw': {'diameter': None, 'thickness': None, 'arbor': None, 'product_type': None, 'pack_quantity': None}, 'normalized': {'diameter': None, 'thickness': None, 'arbor': None, 'product_type': None, 'pack_quantity': None}, 'confidence': {}, 'evidence': [], 'status': 'accepted'}",0
1501832,31.5x22.75 Bsmt ecoLitePlus WH - Hopper DLA w/Screen,accepted,"{'mpn': '1501832', 'manufacturer': 'ProVia (PRODO)', 'manufacturer_candidate': 'ProVia', 'brand_candidate': 'PROVIA', 'identity_query': '1501832 ProVia PROVIA', 'brands': ['PROVIA'], 'description': '31.5x22.75 Bsmt ecoLitePlus WH - Hopper DLA w/Screen'}","{'brand': 'PROVIA', 'source': 'structured_field', 'confidence': 0.99, 'candidates': ['PROVIA']}","{'value': 'ProVia', 'score': 100.0, 'match': 'ProVia'}","{'raw': {'diameter': None, 'thickness': None, 'arbor': None, 'product_type': None, 'pack_quantity': None}, 'normalized': {'diameter': None, 'thickness': None, 'arbor': None, 'product_type': None, 'pack_quantity': None}, 'confidence': {}, 'evidence': [], 'status': 'accepted'}",0
1515974,3030 Slider 3900 United Black WH Int LowE-2 w/Half Scrn w/J,accepted,"{'mpn': '1515974', 'manufacturer': '-', 'manufacturer_candidate': '-', 'brand_candidate': 'United Window & Door', 'identity_query': '1515974 - United Window & Door', 'brands': ['United Window & Door'], 'description': '3030 Slider 3900 United Black WH Int LowE-2 w/Half Scrn w/J'}","{'brand': 'United Window & Door', 'source': 'structured_field', 'confidence': 0.99, 'candidates': ['United Window & Door']}","{'value': 'First Alert - B R K Brands', 'score': 100.0, 'match': 'First Alert - B R K Brands'}","{'raw': {'diameter': None, 'thickness': None, 'arbor': None, 'product_type': None, 'pack_quantity': None}, 'normalized': {'diameter': None, 'thickness': None, 'arbor': None, 'product_type': None, 'pack_quantity': None}, 'confidence': {}, 'evidence': [], 'status': 'accepted'}",0
640383,"1/2"" 54""x10 Drywall Easi-Lite",accepted,"{'mpn': '640383', 'manufacturer': 'Certainteed Gypsum (2765)', 'manufacturer_candidate': 'Certainteed Gypsum', 'brand_candidate': None, 'identity_query': '640383 Certainteed Gypsum', 'brands': [], 'description': '1/2"" 54""x10 Drywall Easi-Lite'}","{'brand': None, 'source': None, 'confidence': 0.0, 'candidates': []}","{'value': 'Certainteed Gypsum', 'score': 100.0, 'match': 'Certainteed Gypsum'}","{'raw': {'diameter': None, 'thickness': None, 'arbor': None, 'product_type': None, 'pack_quantity': None}, 'normalized': {'diameter': None, 'thickness': None, 'arbor': None, 'product_type': None, 'pack_quantity': None}, 'confidence': {}, 'evidence': [], 'status': 'accepted'}",0
653258,"5/8"" 4x9 Drywall Firelite",accepted,"{'mpn': '653258', 'manufacturer': 'Certainteed Gypsum (2765)', 'manufacturer_candidate': 'Certainteed Gypsum', 'brand_candidate': None, 'identity_query': '653258 Certainteed Gypsum', 'brands': [], 'description': '5/8"" 4x9 Drywall Firelite'}","{'brand': None, 'source': None, 'confidence': 0.0, 'candidates': []}","{'value': 'Certainteed Gypsum', 'score': 100.0, 'match': 'Certainteed Gypsum'}","{'raw': {'diameter': None, 'thickness': None, 'arbor': None, 'product_type': None, 'pack_quantity': None}, 'normalized': {'diameter': None, 'thickness': None, 'arbor': None, 'product_type': None, 'pack_quantity': None}, 'confidence': {}, 'evidence': [], 'status': 'accepted'}",0
413S-DBA-36,"413S 36"" Alum Threshold DBZ",accepted,"{'mpn': '413S-DBA-36', 'manufacturer': 'Hager Hinge Co (4189)', 'manufacturer_candidate': 'Hager Hinge Co', 'brand_candidate': 'HAGER', 'identity_query': '413S-DBA-36 Hager Hinge Co HAGER', 'brands': ['HAGER'], 'description': '413S 36"" Alum Threshold DBZ'}","{'brand': 'HAGER', 'source': 'structured_field', 'confidence': 0.99, 'candidates': ['HAGER']}","{'value': 'Hager Hinge Co', 'score': 100.0, 'match': 'Hager Hinge Co'}","{'raw': {'diameter': None, 'thickness': None, 'arbor': None, 'product_type': None, 'pack_quantity': None}, 'normalized': {'diameter': None, 'thickness': None, 'arbor': None, 'product_type': None, 'pack_quantity': None}, 'confidence': {}, 'evidence': [], 'status': 'accepted'}",0
413S-DBA-72,"413S 72"" Alum Threshold DBZ",accepted,"{'mpn': '413S-DBA-72', 'manufacturer': 'Hager Hinge Co (4189)', 'manufacturer_candidate': 'Hager Hinge Co', 'brand_candidate': 'HAGER', 'identity_query': '413S-DBA-72 Hager Hinge Co HAGER', 'brands': ['HAGER'], 'description': '413S 72"" Alum Threshold DBZ'}","{'brand': 'HAGER', 'source': 'structured_field', 'confidence': 0.99, 'candidates': ['HAGER']}","{'value': 'Hager Hinge Co', 'score': 100.0, 'match': 'Hager Hinge Co'}","{'raw': {'diameter': None, 'thickness': None, 'arbor': None, 'product_type': None, 'pack_quantity': None}, 'normalized': {'diameter': None, 'thickness': None, 'arbor': None, 'product_type': None, 'pack_quantity': None}, 'confidence': {}, 'evidence': [], 'status': 'accepted'}",0
1511506,4'x65' Zip Rainscreen,accepted,"{'mpn': '1511506', 'manufacturer': 'Huber Eng Wood LLC (3158)', 'manufacturer_candidate': 'Huber Eng Wood LLC', 'brand_candidate': None, 'identity_query': '1511506 Huber Eng Wood LLC', 'brands': [], 'description': ""4'x65' Zip Rainscreen""}","{'brand': None, 'source': None, 'confidence': 0.0, 'candidates': []}","{'value': 'Huber Eng Wood LLC', 'score': 100.0, 'match': 'Huber Eng Wood LLC'}","{'raw': {'diameter': None, 'thickness': None, 'arbor': None, 'product_type': None, 'pack_quantity': None}, 'normalized': {'diameter': None, 'thickness': None, 'arbor': None, 'product_type': None, 'pack_quantity': None}, 'confidence': {}, 'evidence': [], 'status': 'accepted'}",0
1513577,1x8-12' Doug Fir STK Smooth 1S2E,accepted,"{'mpn': '1513577', 'manufacturer': 'Westwood Lumber Sales (WESLU)', 'manufacturer_candidate': 'Westwood Lumber Sales', 'brand_candidate': 'COMMODITY - UNBRANDED', 'identity_query': '1513577 Westwood Lumber Sales COMMODITY - UNBRANDED', 'brands': ['COMMODITY - UNBRANDED'], 'description': ""1x8-12' Doug Fir STK Smooth 1S2E""}","{'brand': 'COMMODITY - UNBRANDED', 'source': 'structured_field', 'confidence': 0.99, 'candidates': ['COMMODITY - UNBRANDED']}","{'value': 'Westwood Lumber Sales', 'score': 100.0, 'match': 'Westwood Lumber Sales'}","{'raw': {'diameter': None, 'thickness': None, 'arbor': None, 'product_type': None, 'pack_quantity': None}, 'normalized': {'diameter': None, 'thickness': None, 'arbor': None, 'product_type': None, 'pack_quantity': None}, 'confidence': {}, 'evidence': [], 'status': 'accepted'}",0
1513578,1x8-16' Doug Fir STK Smooth 1S2E,accepted,"{'mpn': '1513578', 'manufacturer': 'Westwood Lumber Sales (WESLU)', 'manufacturer_candidate': 'Westwood Lumber Sales', 'brand_candidate': 'COMMODITY - UNBRANDED', 'identity_query': '1513578 Westwood Lumber Sales COMMODITY - UNBRANDED', 'brands': ['COMMODITY - UNBRANDED'], 'description': ""1x8-16' Doug Fir STK Smooth 1S2E""}","{'brand': 'COMMODITY - UNBRANDED', 'source': 'structured_field', 'confidence': 0.99, 'candidates': ['COMMODITY - UNBRANDED']}","{'value': 'Westwood Lumber Sales', 'score': 100.0, 'match': 'Westwood Lumber Sales'}","{'raw': {'diameter': None, 'thickness': None, 'arbor': None, 'product_type': None, 'pack_quantity': None}, 'normalized': {'diameter': None, 'thickness': None, 'arbor': None, 'product_type': None, 'pack_quantity': None}, 'confidence': {}, 'evidence': [], 'status': 'accepted'}",0
1513579,1x12-12 'Doug Fir STK Smooth 1S2E,accepted,"{'mpn': '1513579', 'manufacturer': 'Westwood Lumber Sales (WESLU)', 'manufacturer_candidate': 'Westwood Lumber Sales', 'brand_candidate': 'COMMODITY - UNBRANDED', 'identity_query': '1513579 Westwood Lumber Sales COMMODITY - UNBRANDED', 'brands': ['COMMODITY - UNBRANDED'], 'description': ""1x12-12 'Doug Fir STK Smooth 1S2E""}","{'brand': 'COMMODITY - UNBRANDED', 'source': 'structured_field', 'confidence': 0.99, 'candidates': ['COMMODITY - UNBRANDED']}","{'value': 'Westwood Lumber Sales', 'score': 100.0, 'match': 'Westwood Lumber Sales'}","{'raw': {'diameter': None, 'thickness': None, 'arbor': None, 'product_type': None, 'pack_quantity': None}, 'normalized': {'diameter': None, 'thickness': None, 'arbor': None, 'product_type': None, 'pack_quantity': None}, 'confidence': {}, 'evidence': [], 'status': 'accepted'}",0
1513580,1x12-16' Doug Fir STK Smooth 1S2E,accepted,"{'mpn': '1513580', 'manufacturer': 'Westwood Lumber Sales (WESLU)', 'manufacturer_candidate': 'Westwood Lumber Sales', 'brand_candidate': 'COMMODITY - UNBRANDED', 'identity_query': '1513580 Westwood Lumber Sales COMMODITY - UNBRANDED', 'brands': ['COMMODITY - UNBRANDED'], 'description': ""1x12-16' Doug Fir STK Smooth 1S2E""}","{'brand': 'COMMODITY - UNBRANDED', 'source': 'structured_field', 'confidence': 0.99, 'candidates': ['COMMODITY - UNBRANDED']}","{'value': 'Westwood Lumber Sales', 'score': 100.0, 'match': 'Westwood Lumber Sales'}","{'raw': {'diameter': None, 'thickness': None, 'arbor': None, 'product_type': None, 'pack_quantity': None}, 'normalized': {'diameter': None, 'thickness': None, 'arbor': None, 'product_type': None, 'pack_quantity': None}, 'confidence': {}, 'evidence': [], 'status': 'accepted'}",0
1501767,"3/4"" 4x8T&G Huber Blue PlusOSB - Sub Floor",accepted,"{'mpn': '1501767', 'manufacturer': '-', 'manufacturer_candidate': '-', 'brand_candidate': None, 'identity_query': '1501767 -', 'brands': [], 'description': '3/4"" 4x8T&G Huber Blue PlusOSB - Sub Floor'}","{'brand': None, 'source': None, 'confidence': 0.0, 'candidates': []}","{'value': 'First Alert - B R K Brands', 'score': 100.0, 'match': 'First Alert - B R K Brands'}","{'raw': {'diameter': None, 'thickness': None, 'arbor': None, 'product_type': None, 'pack_quantity': None}, 'normalized': {'diameter': None, 'thickness': None, 'arbor': None, 'product_type': None, 'pack_quantity': None}, 'confidence': {}, 'evidence': [], 'status': 'accepted'}",0
PP-8BL,8' Premier Rib XL Black,accepted,"{'mpn': 'PP-8BL', 'manufacturer': 'Premier Metals (PREME)', 'manufacturer_candidate': 'Premier Metals', 'brand_candidate': None, 'identity_query': 'PP-8BL Premier Metals', 'brands': [], 'description': ""8' Premier Rib XL Black""}","{'brand': None, 'source': None, 'confidence': 0.0, 'candidates': []}","{'value': 'Premier Metals', 'score': 100.0, 'match': 'Premier Metals'}","{'raw': {'diameter': None, 'thickness': None, 'arbor': None, 'product_type': None, 'pack_quantity': None}, 'normalized': {'diameter': None, 'thickness': None, 'arbor': None, 'product_type': None, 'pack_quantity': None}, 'confidence': {}, 'evidence': [], 'status': 'accepted'}",0
PP-10BL,10' Premier Rib XL Black,accepted,"{'mpn': 'PP-10BL', 'manufacturer': 'Premier Metals (PREME)', 'manufacturer_candidate': 'Premier Metals', 'brand_candidate': None, 'identity_query': 'PP-10BL Premier Metals', 'brands': [], 'description': ""10' Premier Rib XL Black""}","{'brand': None, 'source': None, 'confidence': 0.0, 'candidates': []}","{'value': 'Premier Metals', 'score': 100.0, 'match': 'Premier Metals'}","{'raw': {'diameter': None, 'thickness': None, 'arbor': None, 'product_type': None, 'pack_quantity': None}, 'normalized': {'diameter': None, 'thickness': None, 'arbor': None, 'product_type': None, 'pack_quantity': None}, 'confidence': {}, 'evidence': [], 'status': 'accepted'}",0
PP-12BL,12' Premier Rib XL Black,accepted,"{'mpn': 'PP-12BL', 'manufacturer': 'Premier Metals (PREME)', 'manufacturer_candidate': 'Premier Metals', 'brand_candidate': None, 'identity_query': 'PP-12BL Premier Metals', 'brands': [], 'description': ""12' Premier Rib XL Black""}","{'brand': None, 'source': None, 'confidence': 0.0, 'candidates': []}","{'value': 'Premier Metals', 'score': 100.0, 'match': 'Premier Metals'}","{'raw': {'diameter': None, 'thickness': None, 'arbor': None, 'product_type': None, 'pack_quantity': None}, 'normalized': {'diameter': None, 'thickness': None, 'arbor': None, 'product_type': None, 'pack_quantity': None}, 'confidence': {}, 'evidence': [], 'status': 'accepted'}",0
PP-8CH,8' Premier Rib XL Charcoal,accepted,"{'mpn': 'PP-8CH', 'manufacturer': 'Premier Metals (PREME)', 'manufacturer_candidate': 'Premier Metals', 'brand_candidate': None, 'identity_query': 'PP-8CH Premier Metals', 'brands': [], 'description': ""8' Premier Rib XL Charcoal""}","{'brand': None, 'source': None, 'confidence': 0.0, 'candidates': []}","{'value': 'Premier Metals', 'score': 100.0, 'match': 'Premier Metals'}","{'raw': {'diameter': None, 'thickness': None, 'arbor': None, 'product_type': None, 'pack_quantity': None}, 'normalized': {'diameter': None, 'thickness': None, 'arbor': None, 'product_type': None, 'pack_quantity': None}, 'confidence': {}, 'evidence': [], 'status': 'accepted'}",0
PP-10CH,10' Premier Rib XL Charcoal,accepted,"{'mpn': 'PP-10CH', 'manufacturer': 'Premier Metals (PREME)', 'manufacturer_candidate': 'Premier Metals', 'brand_candidate': None, 'identity_query': 'PP-10CH Premier Metals', 'brands': [], 'description': ""10' Premier Rib XL Charcoal""}","{'brand': None, 'source': None, 'confidence': 0.0, 'candidates': []}","{'value': 'Premier Metals', 'score': 100.0, 'match': 'Premier Metals'}","{'raw': {'diameter': None, 'thickness': None, 'arbor': None, 'product_type': None, 'pack_quantity': None}, 'normalized': {'diameter': None, 'thickness': None, 'arbor': None, 'product_type': None, 'pack_quantity': None}, 'confidence': {}, 'evidence': [], 'status': 'accepted'}",0
PP-12CH,12' Premier Rib XL Charcoal,accepted,"{'mpn': 'PP-12CH', 'manufacturer': 'Premier Metals (PREME)', 'manufacturer_candidate': 'Premier Metals', 'brand_candidate': None, 'identity_query': 'PP-12CH Premier Metals', 'brands': [], 'description': ""12' Premier Rib XL Charcoal""}","{'brand': None, 'source': None, 'confidence': 0.0, 'candidates': []}","{'value': 'Premier Metals', 'score': 100.0, 'match': 'Premier Metals'}","{'raw': {'diameter': None, 'thickness': None, 'arbor': None, 'product_type': None, 'pack_quantity': None}, 'normalized': {'diameter': None, 'thickness': None, 'arbor': None, 'product_type': None, 'pack_quantity': None}, 'confidence': {}, 'evidence': [], 'status': 'accepted'}",0
PP-8WH,8' Premier Rib XL White,accepted,"{'mpn': 'PP-8WH', 'manufacturer': 'Premier Metals (PREME)', 'manufacturer_candidate': 'Premier Metals', 'brand_candidate': None, 'identity_query': 'PP-8WH Premier Metals', 'brands': [], 'description': ""8' Premier Rib XL White""}","{'brand': None, 'source': None, 'confidence': 0.0, 'candidates': []}","{'value': 'Premier Metals', 'score': 100.0, 'match': 'Premier Metals'}","{'raw': {'diameter': None, 'thickness': None, 'arbor': None, 'product_type': None, 'pack_quantity': None}, 'normalized': {'diameter': None, 'thickness': None, 'arbor': None, 'product_type': None, 'pack_quantity': None}, 'confidence': {}, 'evidence': [], 'status': 'accepted'}",0
PP-10WH,10' Premier Rib XL White,accepted,"{'mpn': 'PP-10WH', 'manufacturer': 'Premier Metals (PREME)', 'manufacturer_candidate': 'Premier Metals', 'brand_candidate': None, 'identity_query': 'PP-10WH Premier Metals', 'brands': [], 'description': ""10' Premier Rib XL White""}","{'brand': None, 'source': None, 'confidence': 0.0, 'candidates': []}","{'value': 'Premier Metals', 'score': 100.0, 'match': 'Premier Metals'}","{'raw': {'diameter': None, 'thickness': None, 'arbor': None, 'product_type': None, 'pack_quantity': None}, 'normalized': {'diameter': None, 'thickness': None, 'arbor': None, 'product_type': None, 'pack_quantity': None}, 'confidence': {}, 'evidence': [], 'status': 'accepted'}",0
1504345,OC Duration TruDef Wburg Gray (BDL),accepted,"{'mpn': '1504345', 'manufacturer': 'Palmer Donavin Mfg Company (PALDO)', 'manufacturer_candidate': 'Palmer Donavin Mfg Company', 'brand_candidate': None, 'identity_query': '1504345 Palmer Donavin Mfg Company', 'brands': [], 'description': 'OC Duration TruDef Wburg Gray (BDL)'}","{'brand': None, 'source': None, 'confidence': 0.0, 'candidates': []}","{'value': 'Palmer Donavin Mfg Company', 'score': 100.0, 'match': 'Palmer Donavin Mfg Company'}","{'raw': {'diameter': None, 'thickness': None, 'arbor': None, 'product_type': None, 'pack_quantity': None}, 'normalized': {'diameter': None, 'thickness': None, 'arbor': None, 'product_type': None, 'pack_quantity': None}, 'confidence': {}, 'evidence': [], 'status': 'accepted'}",0
2733,3'x65' Henry Eaveguard - Ice Guard,accepted,"{'mpn': '2733', 'manufacturer': 'Palmer Donavin Mfg Company (PALDO)', 'manufacturer_candidate': 'Palmer Donavin Mfg Company', 'brand_candidate': None, 'identity_query': '2733 Palmer Donavin Mfg Company', 'brands': [], 'description': ""3'x65' Henry Eaveguard - Ice Guard""}","{'brand': None, 'source': None, 'confidence': 0.0, 'candidates': []}","{'value': 'Palmer Donavin Mfg Company', 'score': 100.0, 'match': 'Palmer Donavin Mfg Company'}","{'raw': {'diameter': None, 'thickness': None, 'arbor': None, 'product_type': None, 'pack_quantity': None}, 'normalized': {'diameter': None, 'thickness': None, 'arbor': None, 'product_type': None, 'pack_quantity': None}, 'confidence': {}, 'evidence': [], 'status': 'accepted'}",0
7547,Ice Guard OC Weathr Lk Mat 2sq,accepted,"{'mpn': '7547', 'manufacturer': '-', 'manufacturer_candidate': '-', 'brand_candidate': None, 'identity_query': '7547 -', 'brands': [], 'description': 'Ice Guard OC Weathr Lk Mat 2sq'}","{'brand': None, 'source': None, 'confidence': 0.0, 'candidates': []}","{'value': 'First Alert - B R K Brands', 'score': 100.0, 'match': 'First Alert - B R K Brands'}","{'raw': {'diameter': None, 'thickness': None, 'arbor': None, 'product_type': None, 'pack_quantity': None}, 'normalized': {'diameter': None, 'thickness': None, 'arbor': None, 'product_type': None, 'pack_quantity': None}, 'confidence': {}, 'evidence': [], 'status': 'accepted'}",0
8912220,"7-1/4""x12' Hardie Sdg Smooth - Primed HardiePlank",accepted,"{'mpn': '8912220', 'manufacturer': 'Boise Cascade Building Materials (BOICA)', 'manufacturer_candidate': 'Boise Cascade Building Materials', 'brand_candidate': 'JAMESHARDIE', 'identity_query': '8912220 Boise Cascade Building Materials JAMESHARDIE', 'brands': ['JAMESHARDIE'], 'description': '7-1/4""x12\' Hardie Sdg Smooth - Primed HardiePlank'}","{'brand': 'JAMESHARDIE', 'source': 'structured_field', 'confidence': 0.99, 'candidates': ['JAMESHARDIE']}","{'value': 'Boise Cascade Building Materials', 'score': 100.0, 'match': 'Boise Cascade Building Materials'}","{'raw': {'diameter': None, 'thickness': None, 'arbor': None, 'product_type': None, 'pack_quantity': None}, 'normalized': {'diameter': None, 'thickness': None, 'arbor': None, 'product_type': None, 'pack_quantity': None}, 'confidence': {}, 'evidence': [], 'status': 'accepted'}",0
8904015,4'x10' HardiePanel Smooth - Primed,accepted,"{'mpn': '8904015', 'manufacturer': 'Boise Cascade Building Materials (BOICA)', 'manufacturer_candidate': 'Boise Cascade Building Materials', 'brand_candidate': 'JAMESHARDIE', 'identity_query': '8904015 Boise Cascade Building Materials JAMESHARDIE', 'brands': ['JAMESHARDIE'], 'description': ""4'x10' HardiePanel Smooth - Primed""}","{'brand': 'JAMESHARDIE', 'source': 'structured_field', 'confidence': 0.99, 'candidates': ['JAMESHARDIE']}","{'value': 'Boise Cascade Building Materials', 'score': 100.0, 'match': 'Boise Cascade Building Materials'}","{'raw': {'diameter': None, 'thickness': None, 'arbor': None, 'product_type': None, 'pack_quantity': None}, 'normalized': {'diameter': None, 'thickness': None, 'arbor': None, 'product_type': None, 'pack_quantity': None}, 'confidence': {}, 'evidence': [], 'status': 'accepted'}",0
25796,"6""x16' Smart Lap Sdg Cedar",accepted,"{'mpn': '25796', 'manufacturer': 'U S Lumber (3073)', 'manufacturer_candidate': 'U S Lumber', 'brand_candidate': 'LP SMARTSIDE', 'identity_query': '25796 U S Lumber LP SMARTSIDE', 'brands': ['LP SMARTSIDE'], 'description': '6""x16\' Smart Lap Sdg Cedar'}","{'brand': 'LP SMARTSIDE', 'source': 'structured_field', 'confidence': 0.99, 'candidates': ['LP SMARTSIDE']}","{'value': 'U S Lumber', 'score': 100.0, 'match': 'U S Lumber'}","{'raw': {'diameter': None, 'thickness': None, 'arbor': None, 'product_type': None, 'pack_quantity': None}, 'normalized': {'diameter': None, 'thickness': None, 'arbor': None, 'product_type': None, 'pack_quantity': None}, 'confidence': {}, 'evidence': [], 'status': 'accepted'}",0
40503,"3/8"" 16""x16' Smart Pan Cedar - No-Groove Sq Edge B&B",accepted,"{'mpn': '40503', 'manufacturer': 'U S Lumber (3073)', 'manufacturer_candidate': 'U S Lumber', 'brand_candidate': 'LP SMARTSIDE', 'identity_query': '40503 U S Lumber LP SMARTSIDE', 'brands': ['LP SMARTSIDE'], 'description': '3/8"" 16""x16\' Smart Pan Cedar - No-Groove Sq Edge B&B'}","{'brand': 'LP SMARTSIDE', 'source': 'structured_field', 'confidence': 0.99, 'candidates': ['LP SMARTSIDE']}","{'value': 'U S Lumber', 'score': 100.0, 'match': 'U S Lumber'}","{'raw': {'diameter': None, 'thickness': None, 'arbor': None, 'product_type': None, 'pack_quantity': None}, 'normalized': {'diameter': None, 'thickness': None, 'arbor': None, 'product_type': None, 'pack_quantity': None}, 'confidence': {}, 'evidence': [], 'status': 'accepted'}",0
25825,"3/8"" 4x10 Smart Pan Cedar - No-Groove w/Shiplap Edges",accepted,"{'mpn': '25825', 'manufacturer': 'U S Lumber (3073)', 'manufacturer_candidate': 'U S Lumber', 'brand_candidate': 'LP SMARTSIDE', 'identity_query': '25825 U S Lumber LP SMARTSIDE', 'brands': ['LP SMARTSIDE'], 'description': '3/8"" 4x10 Smart Pan Cedar - No-Groove w/Shiplap Edges'}","{'brand': 'LP SMARTSIDE', 'source': 'structured_field', 'confidence': 0.99, 'candidates': ['LP SMARTSIDE']}","{'value': 'U S Lumber', 'score': 100.0, 'match': 'U S Lumber'}","{'raw': {'diameter': None, 'thickness': None, 'arbor': None, 'product_type': None, 'pack_quantity': None}, 'normalized': {'diameter': None, 'thickness': None, 'arbor': None, 'product_type': None, 'pack_quantity': None}, 'confidence': {}, 'evidence': [], 'status': 'accepted'}",0
25822,"3/8"" 12""x16' Smart Vented Soff - Cedar Soffit",accepted,"{'mpn': '25822', 'manufacturer': 'U S Lumber (3073)', 'manufacturer_candidate': 'U S Lumber', 'brand_candidate': 'LP SMARTSIDE', 'identity_query': '25822 U S Lumber LP SMARTSIDE', 'brands': ['LP SMARTSIDE'], 'description': '3/8"" 12""x16\' Smart Vented Soff - Cedar Soffit'}","{'brand': 'LP SMARTSIDE', 'source': 'structured_field', 'confidence': 0.99, 'candidates': ['LP SMARTSIDE']}","{'value': 'U S Lumber', 'score': 100.0, 'match': 'U S Lumber'}","{'raw': {'diameter': None, 'thickness': None, 'arbor': None, 'product_type': None, 'pack_quantity': None}, 'normalized': {'diameter': None, 'thickness': None, 'arbor': None, 'product_type': None, 'pack_quantity': None}, 'confidence': {}, 'evidence': [], 'status': 'accepted'}",0
543650101,Black Alum ADA Wall Mount Trex,accepted,"{'mpn': '543650101', 'manufacturer': 'Boise Cascade Building Materials (BOICA)', 'manufacturer_candidate': 'Boise Cascade Building Materials', 'brand_candidate': 'TREX', 'identity_query': '543650101 Boise Cascade Building Materials TREX', 'brands': ['TREX'], 'description': 'Black Alum ADA Wall Mount Trex'}","{'brand': 'TREX', 'source': 'structured_field', 'confidence': 0.99, 'candidates': ['TREX']}","{'value': 'Boise Cascade Building Materials', 'score': 100.0, 'match': 'Boise Cascade Building Materials'}","{'raw': {'diameter': None, 'thickness': None, 'arbor': None, 'product_type': None, 'pack_quantity': None}, 'normalized': {'diameter': None, 'thickness': None, 'arbor': None, 'product_type': None, 'pack_quantity': None}, 'confidence': {}, 'evidence': [], 'status': 'accepted'}",0
543650010,Black Alum ADA Int End Cap - Trex,accepted,"{'mpn': '543650010', 'manufacturer': 'Boise Cascade Building Materials (BOICA)', 'manufacturer_candidate': 'Boise Cascade Building Materials', 'brand_candidate': 'TREX', 'identity_query': '543650010 Boise Cascade Building Materials TREX', 'brands': ['TREX'], 'description': 'Black Alum ADA Int End Cap - Trex'}","{'brand': 'TREX', 'source': 'structured_field', 'confidence': 0.99, 'candidates': ['TREX']}","{'value': 'Boise Cascade Building Materials', 'score': 100.0, 'match': 'Boise Cascade Building Materials'}","{'raw': {'diameter': None, 'thickness': None, 'arbor': None, 'product_type': None, 'pack_quantity': None}, 'normalized': {'diameter': None, 'thickness': None, 'arbor': None, 'product_type': None, 'pack_quantity': None}, 'confidence': {}, 'evidence': [], 'status': 'accepted'}",0
543650048,8' Black Alum ADA Rail Trex,accepted,"{'mpn': '543650048', 'manufacturer': 'Boise Cascade Building Materials (BOICA)', 'manufacturer_candidate': 'Boise Cascade Building Materials', 'brand_candidate': 'TREX', 'identity_query': '543650048 Boise Cascade Building Materials TREX', 'brands': ['TREX'], 'description': ""8' Black Alum ADA Rail Trex""}","{'brand': 'TREX', 'source': 'structured_field', 'confidence': 0.99, 'candidates': ['TREX']}","{'value': 'Boise Cascade Building Materials', 'score': 100.0, 'match': 'Boise Cascade Building Materials'}","{'raw': {'diameter': None, 'thickness': None, 'arbor': None, 'product_type': None, 'pack_quantity': None}, 'normalized': {'diameter': None, 'thickness': None, 'arbor': None, 'product_type': None, 'pack_quantity': None}, 'confidence': {}, 'evidence': [], 'status': 'accepted'}",0
1506969,"1-1/2"" 4x8 Huber Zip R6.6 - Insulated R-Sheathing",accepted,"{'mpn': '1506969', 'manufacturer': '-', 'manufacturer_candidate': '-', 'brand_candidate': None, 'identity_query': '1506969 -', 'brands': [], 'description': '1-1/2"" 4x8 Huber Zip R6.6 - Insulated R-Sheathing'}","{'brand': None, 'source': None, 'confidence': 0.0, 'candidates': []}","{'value': 'First Alert - B R K Brands', 'score': 100.0, 'match': 'First Alert - B R K Brands'}","{'raw': {'diameter': None, 'thickness': None, 'arbor': None, 'product_type': None, 'pack_quantity': None}, 'normalized': {'diameter': None, 'thickness': None, 'arbor': None, 'product_type': None, 'pack_quantity': None}, 'confidence': {}, 'evidence': [], 'status': 'accepted'}",0
1514681,"1"" 4x8 Huber Zip R3.6 - Insulated R-Sheathing",accepted,"{'mpn': '1514681', 'manufacturer': '-', 'manufacturer_candidate': '-', 'brand_candidate': None, 'identity_query': '1514681 -', 'brands': [], 'description': '1"" 4x8 Huber Zip R3.6 - Insulated R-Sheathing'}","{'brand': None, 'source': None, 'confidence': 0.0, 'candidates': []}","{'value': 'First Alert - B R K Brands', 'score': 100.0, 'match': 'First Alert - B R K Brands'}","{'raw': {'diameter': None, 'thickness': None, 'arbor': None, 'product_type': None, 'pack_quantity': None}, 'normalized': {'diameter': None, 'thickness': None, 'arbor': None, 'product_type': None, 'pack_quantity': None}, 'confidence': {}, 'evidence': [], 'status': 'accepted'}",0
1514726,"2"" 4x8 Huber Zip R9.6 - Insulated R-Sheathing",accepted,"{'mpn': '1514726', 'manufacturer': '-', 'manufacturer_candidate': '-', 'brand_candidate': None, 'identity_query': '1514726 -', 'brands': [], 'description': '2"" 4x8 Huber Zip R9.6 - Insulated R-Sheathing'}","{'brand': None, 'source': None, 'confidence': 0.0, 'candidates': []}","{'value': 'First Alert - B R K Brands', 'score': 100.0, 'match': 'First Alert - B R K Brands'}","{'raw': {'diameter': None, 'thickness': None, 'arbor': None, 'product_type': None, 'pack_quantity': None}, 'normalized': {'diameter': None, 'thickness': None, 'arbor': None, 'product_type': None, 'pack_quantity': None}, 'confidence': {}, 'evidence': [], 'status': 'accepted'}",0
1728ABL,2x2 Black Fine Fissured 1728BL,accepted,"{'mpn': '1728ABL', 'manufacturer': 'Palmer Donavin Mfg Company (PALDO)', 'manufacturer_candidate': 'Palmer Donavin Mfg Company', 'brand_candidate': None, 'identity_query': '1728ABL Palmer Donavin Mfg Company', 'brands': [], 'description': '2x2 Black Fine Fissured 1728BL'}","{'brand': None, 'source': None, 'confidence': 0.0, 'candidates': []}","{'value': 'Palmer Donavin Mfg Company', 'score': 100.0, 'match': 'Palmer Donavin Mfg Company'}","{'raw': {'diameter': None, 'thickness': None, 'arbor': None, 'product_type': None, 'pack_quantity': None}, 'normalized': {'diameter': None, 'thickness': None, 'arbor': None, 'product_type': None, 'pack_quantity': None}, 'confidence': {}, 'evidence': [], 'status': 'accepted'}",0
402-R,402R 12V12AH 8D Battery,accepted,"{'mpn': '402-R', 'manufacturer': 'MillerTech Energy Solutions (MILTE)', 'manufacturer_candidate': 'MillerTech Energy Solutions', 'brand_candidate': None, 'identity_query': '402-R MillerTech Energy Solutions', 'brands': [], 'description': '402R 12V12AH 8D Battery'}","{'brand': None, 'source': None, 'confidence': 0.0, 'candidates': []}","{'value': 'MillerTech Energy Solutions', 'score': 100.0, 'match': 'MillerTech Energy Solutions'}","{'raw': {'diameter': None, 'thickness': None, 'arbor': None, 'product_type': None, 'pack_quantity': None}, 'normalized': {'diameter': None, 'thickness': None, 'arbor': None, 'product_type': None, 'pack_quantity': None}, 'confidence': {}, 'evidence': [], 'status': 'accepted'}",0
SL1672,SL1672 Jumpstart & Pwr Supply,accepted,"{'mpn': 'SL1672', 'manufacturer': '-', 'manufacturer_candidate': '-', 'brand_candidate': 'Schumacher', 'identity_query': 'SL1672 - Schumacher', 'brands': ['Schumacher'], 'description': 'SL1672 Jumpstart & Pwr Supply'}","{'brand': 'Schumacher', 'source': 'structured_field', 'confidence': 0.99, 'candidates': ['Schumacher']}","{'value': 'First Alert - B R K Brands', 'score': 100.0, 'match': 'First Alert - B R K Brands'}","{'raw': {'diameter': None, 'thickness': None, 'arbor': None, 'product_type': None, 'pack_quantity': None}, 'normalized': {'diameter': None, 'thickness': None, 'arbor': None, 'product_type': None, 'pack_quantity': None}, 'confidence': {}, 'evidence': [], 'status': 'accepted'}",0
BM-DW20-YLW-6,BM-DW20-YLW-6 Dewalt - Battery Mounts 6pk,accepted,"{'mpn': 'BM-DW20-YLW-6', 'manufacturer': 'Metalmark Industrial Inc (METIN)', 'manufacturer_candidate': 'Metalmark Industrial Inc', 'brand_candidate': 'StealthMounts', 'identity_query': 'BM-DW20-YLW-6 Metalmark Industrial Inc StealthMounts', 'brands': ['StealthMounts'], 'description': 'BM-DW20-YLW-6 Dewalt - Battery Mounts 6pk'}","{'brand': 'StealthMounts', 'source': 'structured_field', 'confidence': 0.99, 'candidates': ['StealthMounts']}","{'value': 'Metalmark Industrial Inc', 'score': 100.0, 'match': 'Metalmark Industrial Inc'}","{'raw': {'diameter': None, 'thickness': None, 'arbor': None, 'product_type': None, 'pack_quantity': None}, 'normalized': {'diameter': None, 'thickness': None, 'arbor': None, 'product_type': None, 'pack_quantity': None}, 'confidence': {}, 'evidence': [], 'status': 'accepted'}",0
BHA1-UPC,16-24 Adjust Hanger,accepted,"{'mpn': 'BHA1-UPC', 'manufacturer': 'Southwire/g Turner (6603)', 'manufacturer_candidate': 'Southwire/g Turner', 'brand_candidate': 'Southwire', 'identity_query': 'BHA1-UPC Southwire/g Turner Southwire', 'brands': ['Southwire'], 'description': '16-24 Adjust Hanger'}","{'brand': 'Southwire', 'source': 'structured_field', 'confidence': 0.99, 'candidates': ['Southwire']}","{'value': 'Southwire/g Turner', 'score': 100.0, 'match': 'Southwire/g Turner'}","{'raw': {'diameter': None, 'thickness': None, 'arbor': None, 'product_type': None, 'pack_quantity': None}, 'normalized': {'diameter': None, 'thickness': None, 'arbor': None, 'product_type': None, 'pack_quantity': None}, 'confidence': {}, 'evidence': [], 'status': 'accepted'}",0
G1941-UPC,"G1941UPC 4"" Sq Cover Sw/Outlet",accepted,"{'mpn': 'G1941-UPC', 'manufacturer': 'Southwire/g Turner (6603)', 'manufacturer_candidate': 'Southwire/g Turner', 'brand_candidate': 'Southwire', 'identity_query': 'G1941-UPC Southwire/g Turner Southwire', 'brands': ['Southwire'], 'description': 'G1941UPC 4"" Sq Cover Sw/Outlet'}","{'brand': 'Southwire', 'source': 'structured_field', 'confidence': 0.99, 'candidates': ['Southwire']}","{'value': 'Southwire/g Turner', 'score': 100.0, 'match': 'Southwire/g Turner'}","{'raw': {'diameter': None, 'thickness': None, 'arbor': None, 'product_type': None, 'pack_quantity': None}, 'normalized': {'diameter': None, 'thickness': None, 'arbor': None, 'product_type': None, 'pack_quantity': None}, 'confidence': {}, 'evidence': [], 'status': 'accepted'}",0
G1950-UPC,4x4 2G GFI Box Cover,accepted,"{'mpn': 'G1950-UPC', 'manufacturer': 'Southwire/g Turner (6603)', 'manufacturer_candidate': 'Southwire/g Turner', 'brand_candidate': 'Southwire', 'identity_query': 'G1950-UPC Southwire/g Turner Southwire', 'brands': ['Southwire'], 'description': '4x4 2G GFI Box Cover'}","{'brand': 'Southwire', 'source': 'structured_field', 'confidence': 0.99, 'candidates': ['Southwire']}","{'value': 'Southwire/g Turner', 'score': 100.0, 'match': 'Southwire/g Turner'}","{'raw': {'diameter': None, 'thickness': None, 'arbor': None, 'product_type': None, 'pack_quantity': None}, 'normalized': {'diameter': None, 'thickness': None, 'arbor': None, 'product_type': None, 'pack_quantity': None}, 'confidence': {}, 'evidence': [], 'status': 'accepted'}",0
A410RCAR,4x4 1G PVC Box Cover,accepted,"{'mpn': 'A410RCAR', 'manufacturer': 'Thomas & Betts (7405)', 'manufacturer_candidate': 'Thomas & Betts', 'brand_candidate': 'Carlon', 'identity_query': 'A410RCAR Thomas & Betts Carlon', 'brands': ['Carlon'], 'description': '4x4 1G PVC Box Cover'}","{'brand': 'Carlon', 'source': 'structured_field', 'confidence': 0.99, 'candidates': ['Carlon']}","{'value': 'Thomas & Betts', 'score': 100.0, 'match': 'Thomas & Betts'}","{'raw': {'diameter': None, 'thickness': None, 'arbor': None, 'product_type': None, 'pack_quantity': None}, 'normalized': {'diameter': None, 'thickness': None, 'arbor': None, 'product_type': None, 'pack_quantity': None}, 'confidence': {}, 'evidence': [], 'status': 'accepted'}",0
G1951-UPC,4x4 2G GFCI Duplex Box Cover,accepted,"{'mpn': 'G1951-UPC', 'manufacturer': 'Southwire/g Turner (6603)', 'manufacturer_candidate': 'Southwire/g Turner', 'brand_candidate': 'Southwire', 'identity_query': 'G1951-UPC Southwire/g Turner Southwire', 'brands': ['Southwire'], 'description': '4x4 2G GFCI Duplex Box Cover'}","{'brand': 'Southwire', 'source': 'structured_field', 'confidence': 0.99, 'candidates': ['Southwire']}","{'value': 'Southwire/g Turner', 'score': 100.0, 'match': 'Southwire/g Turner'}","{'raw': {'diameter': None, 'thickness': None, 'arbor': None, 'product_type': None, 'pack_quantity': None}, 'normalized': {'diameter': None, 'thickness': None, 'arbor': None, 'product_type': None, 'pack_quantity': None}, 'confidence': {}, 'evidence': [], 'status': 'accepted'}",0
52C3-5/8-UPC,4x4 1G Box Cover,accepted,"{'mpn': '52C3-5/8-UPC', 'manufacturer': 'Southwire/g Turner (6603)', 'manufacturer_candidate': 'Southwire/g Turner', 'brand_candidate': 'Southwire', 'identity_query': '52C3-5/8-UPC Southwire/g Turner Southwire', 'brands': ['Southwire'], 'description': '4x4 1G Box Cover'}","{'brand': 'Southwire', 'source': 'structured_field', 'confidence': 0.99, 'candidates': ['Southwire']}","{'value': 'Southwire/g Turner', 'score': 100.0, 'match': 'Southwire/g Turner'}","{'raw': {'diameter': None, 'thickness': None, 'arbor': None, 'product_type': None, 'pack_quantity': None}, 'normalized': {'diameter': None, 'thickness': None, 'arbor': None, 'product_type': None, 'pack_quantity': None}, 'confidence': {}, 'evidence': [], 'status': 'accepted'}",0
52C14-5/8-UPC,4x4 1G Box Cover,accepted,"{'mpn': '52C14-5/8-UPC', 'manufacturer': 'Southwire/g Turner (6603)', 'manufacturer_candidate': 'Southwire/g Turner', 'brand_candidate': 'Southwire', 'identity_query': '52C14-5/8-UPC Southwire/g Turner Southwire', 'brands': ['Southwire'], 'description': '4x4 1G Box Cover'}","{'brand': 'Southwire', 'source': 'structured_field', 'confidence': 0.99, 'candidates': ['Southwire']}","{'value': 'Southwire/g Turner', 'score': 100.0, 'match': 'Southwire/g Turner'}","{'raw': {'diameter': None, 'thickness': None, 'arbor': None, 'product_type': None, 'pack_quantity': None}, 'normalized': {'diameter': None, 'thickness': None, 'arbor': None, 'product_type': None, 'pack_quantity': None}, 'confidence': {}, 'evidence': [], 'status': 'accepted'}",0
52C3-UPC,4x4 1G Box Cover,accepted,"{'mpn': '52C3-UPC', 'manufacturer': 'Southwire/g Turner (6603)', 'manufacturer_candidate': 'Southwire/g Turner', 'brand_candidate': 'Southwire', 'identity_query': '52C3-UPC Southwire/g Turner Southwire', 'brands': ['Southwire'], 'description': '4x4 1G Box Cover'}","{'brand': 'Southwire', 'source': 'structured_field', 'confidence': 0.99, 'candidates': ['Southwire']}","{'value': 'Southwire/g Turner', 'score': 100.0, 'match': 'Southwire/g Turner'}","{'raw': {'diameter': None, 'thickness': None, 'arbor': None, 'product_type': None, 'pack_quantity': None}, 'normalized': {'diameter': None, 'thickness': None, 'arbor': None, 'product_type': None, 'pack_quantity': None}, 'confidence': {}, 'evidence': [], 'status': 'accepted'}",0
54151-F-UPC,4x4x1-1/2 Oct Box w/Bracket,accepted,"{'mpn': '54151-F-UPC', 'manufacturer': 'Southwire/g Turner (6603)', 'manufacturer_candidate': 'Southwire/g Turner', 'brand_candidate': 'Southwire', 'identity_query': '54151-F-UPC Southwire/g Turner Southwire', 'brands': ['Southwire'], 'description': '4x4x1-1/2 Oct Box w/Bracket'}","{'brand': 'Southwire', 'source': 'structured_field', 'confidence': 0.99, 'candidates': ['Southwire']}","{'value': 'Southwire/g Turner', 'score': 100.0, 'match': 'Southwire/g Turner'}","{'raw': {'diameter': '4', 'thickness': '4', 'arbor': '1-1/2', 'product_type': None, 'pack_quantity': None}, 'normalized': {'diameter': 4.0, 'thickness': 4.0, 'arbor': 1.5, 'product_type': None, 'pack_quantity': None}, 'confidence': {'diameter': 0.7, 'thickness': 0.7, 'arbor': 0.7}, 'evidence': [{'attribute': 'diameter', 'raw_value': '4', 'normalized_value': 4.0, 'source': 'ai_extraction'}, {'attribute': 'thickness', 'raw_value': '4', 'normalized_value': 4.0, 'source': 'ai_extraction'}, {'attribute': 'arbor', 'raw_value': '1-1/2', 'normalized_value': 1.5, 'source': 'ai_extraction'}], 'status': 'accepted'}",3
54151-HUR-UPC,4x4x1-1/2 Oct Box w/Hanger,accepted,"{'mpn': '54151-HUR-UPC', 'manufacturer': 'Southwire/g Turner (6603)', 'manufacturer_candidate': 'Southwire/g Turner', 'brand_candidate': 'Southwire', 'identity_query': '54151-HUR-UPC Southwire/g Turner Southwire', 'brands': ['Southwire'], 'description': '4x4x1-1/2 Oct Box w/Hanger'}","{'brand': 'Southwire', 'source': 'structured_field', 'confidence': 0.99, 'candidates': ['Southwire']}","{'value': 'Southwire/g Turner', 'score': 100.0, 'match': 'Southwire/g Turner'}","{'raw': {'diameter': '4', 'thickness': '4', 'arbor': '1-1/2', 'product_type': None, 'pack_quantity': None}, 'normalized': {'diameter': 4.0, 'thickness': 4.0, 'arbor': 1.5, 'product_type': None, 'pack_quantity': None}, 'confidence': {'diameter': 0.7, 'thickness': 0.7, 'arbor': 0.7}, 'evidence': [{'attribute': 'diameter', 'raw_value': '4', 'normalized_value': 4.0, 'source': 'ai_extraction'}, {'attribute': 'thickness', 'raw_value': '4', 'normalized_value': 4.0, 'source': 'ai_extraction'}, {'attribute': 'arbor', 'raw_value': '1-1/2', 'normalized_value': 1.5, 'source': 'ai_extraction'}], 'status': 'accepted'}",3
54151-JR-UPC,4x4x1-1/2 Oct Box w/Brakcet,accepted,"{'mpn': '54151-JR-UPC', 'manufacturer': 'Southwire/g Turner (6603)', 'manufacturer_candidate': 'Southwire/g Turner', 'brand_candidate': 'Southwire', 'identity_query': '54151-JR-UPC Southwire/g Turner Southwire', 'brands': ['Southwire'], 'description': '4x4x1-1/2 Oct Box w/Brakcet'}","{'brand': 'Southwire', 'source': 'structured_field', 'confidence': 0.99, 'candidates': ['Southwire']}","{'value': 'Southwire/g Turner', 'score': 100.0, 'match': 'Southwire/g Turner'}","{'raw': {'diameter': '4', 'thickness': '4', 'arbor': '1-1/2', 'product_type': None, 'pack_quantity': None}, 'normalized': {'diameter': 4.0, 'thickness': 4.0, 'arbor': 1.5, 'product_type': None, 'pack_quantity': None}, 'confidence': {'diameter': 0.7, 'thickness': 0.7, 'arbor': 0.7}, 'evidence': [{'attribute': 'diameter', 'raw_value': '4', 'normalized_value': 4.0, 'source': 'ai_extraction'}, {'attribute': 'thickness', 'raw_value': '4', 'normalized_value': 4.0, 'source': 'ai_extraction'}, {'attribute': 'arbor', 'raw_value': '1-1/2', 'normalized_value': 1.5, 'source': 'ai_extraction'}], 'status': 'accepted'}",3
54171-R-UPC,4x4x2 Oct Box,accepted,"{'mpn': '54171-R-UPC', 'manufacturer': 'Southwire/g Turner (6603)', 'manufacturer_candidate': 'Southwire/g Turner', 'brand_candidate': 'Southwire', 'identity_query': '54171-R-UPC Southwire/g Turner Southwire', 'brands': ['Southwire'], 'description': '4x4x2 Oct Box'}","{'brand': 'Southwire', 'source': 'structured_field', 'confidence': 0.99, 'candidates': ['Southwire']}","{'value': 'Southwire/g Turner', 'score': 100.0, 'match': 'Southwire/g Turner'}","{'raw': {'diameter': '4', 'thickness': '4', 'arbor': '2', 'product_type': None, 'pack_quantity': None}, 'normalized': {'diameter': 4.0, 'thickness': 4.0, 'arbor': 2.0, 'product_type': None, 'pack_quantity': None}, 'confidence': {'diameter': 0.7, 'thickness': 0.7, 'arbor': 0.7}, 'evidence': [{'attribute': 'diameter', 'raw_value': '4', 'normalized_value': 4.0, 'source': 'ai_extraction'}, {'attribute': 'thickness', 'raw_value': '4', 'normalized_value': 4.0, 'source': 'ai_extraction'}, {'attribute': 'arbor', 'raw_value': '2', 'normalized_value': 2.0, 'source': 'ai_extraction'}], 'status': 'accepted'}",3
52151-S-UPC,4x4x1-1/2 Square Box,accepted,"{'mpn': '52151-S-UPC', 'manufacturer': 'Southwire/g Turner (6603)', 'manufacturer_candidate': 'Southwire/g Turner', 'brand_candidate': 'Southwire', 'identity_query': '52151-S-UPC Southwire/g Turner Southwire', 'brands': ['Southwire'], 'description': '4x4x1-1/2 Square Box'}","{'brand': 'Southwire', 'source': 'structured_field', 'confidence': 0.99, 'candidates': ['Southwire']}","{'value': 'Southwire/g Turner', 'score': 100.0, 'match': 'Southwire/g Turner'}","{'raw': {'diameter': '4', 'thickness': '4', 'arbor': '1-1/2', 'product_type': None, 'pack_quantity': None}, 'normalized': {'diameter': 4.0, 'thickness': 4.0, 'arbor': 1.5, 'product_type': None, 'pack_quantity': None}, 'confidence': {'diameter': 0.7, 'thickness': 0.7, 'arbor': 0.7}, 'evidence': [{'attribute': 'diameter', 'raw_value': '4', 'normalized_value': 4.0, 'source': 'ai_extraction'}, {'attribute': 'thickness', 'raw_value': '4', 'normalized_value': 4.0, 'source': 'ai_extraction'}, {'attribute': 'arbor', 'raw_value': '1-1/2', 'normalized_value': 1.5, 'source': 'ai_extraction'}], 'status': 'accepted'}",3
72171-3/4-1W-UPC,4-1/2x4-1/2x2 2G Box,accepted,"{'mpn': '72171-3/4-1W-UPC', 'manufacturer': 'Southwire/g Turner (6603)', 'manufacturer_candidate': 'Southwire/g Turner', 'brand_candidate': 'Southwire', 'identity_query': '72171-3/4-1W-UPC Southwire/g Turner Southwire', 'brands': ['Southwire'], 'description': '4-1/2x4-1/2x2 2G Box'}","{'brand': 'Southwire', 'source': 'structured_field', 'confidence': 0.99, 'candidates': ['Southwire']}","{'value': 'Southwire/g Turner', 'score': 100.0, 'match': 'Southwire/g Turner'}","{'raw': {'diameter': '4-1/2', 'thickness': '4-1/2', 'arbor': '2', 'product_type': None, 'pack_quantity': None}, 'normalized': {'diameter': 4.5, 'thickness': 4.5, 'arbor': 2.0, 'product_type': None, 'pack_quantity': None}, 'confidence': {'diameter': 0.7, 'thickness': 0.7, 'arbor': 0.7}, 'evidence': [{'attribute': 'diameter', 'raw_value': '4-1/2', 'normalized_value': 4.5, 'source': 'ai_extraction'}, {'attribute': 'thickness', 'raw_value': '4-1/2', 'normalized_value': 4.5, 'source': 'ai_extraction'}, {'attribute': 'arbor', 'raw_value': '2', 'normalized_value': 2.0, 'source': 'ai_extraction'}], 'status': 'accepted'}",3
5522-5EV,5522-5EV 2 Port Decor Plate,accepted,"{'mpn': '5522-5EV', 'manufacturer': 'Cooper Wiring Devices (3560)', 'manufacturer_candidate': 'Cooper Wiring Devices', 'brand_candidate': None, 'identity_query': '5522-5EV Cooper Wiring Devices', 'brands': [], 'description': '5522-5EV 2 Port Decor Plate'}","{'brand': None, 'source': None, 'confidence': 0.0, 'candidates': []}","{'value': 'Cooper Wiring Devices', 'score': 100.0, 'match': 'Cooper Wiring Devices'}","{'raw': {'diameter': None, 'thickness': None, 'arbor': None, 'product_type': None, 'pack_quantity': None}, 'normalized': {'diameter': None, 'thickness': None, 'arbor': None, 'product_type': None, 'pack_quantity': None}, 'confidence': {}, 'evidence': [], 'status': 'accepted'}",0
AYCL-153PH-LA,AYCL-153PH-LA Lutron Dimmer LA,accepted,"{'mpn': 'AYCL-153PH-LA', 'manufacturer': 'Fenton Bros Electric Inc (FENBR)', 'manufacturer_candidate': 'Fenton Bros Electric Inc', 'brand_candidate': None, 'identity_query': 'AYCL-153PH-LA Fenton Bros Electric Inc', 'brands': [], 'description': 'AYCL-153PH-LA Lutron Dimmer LA'}","{'brand': None, 'source': None, 'confidence': 0.0, 'candidates': []}","{'value': 'Fenton Bros Electric Inc', 'score': 100.0, 'match': 'Fenton Bros Electric Inc'}","{'raw': {'diameter': None, 'thickness': None, 'arbor': None, 'product_type': None, 'pack_quantity': None}, 'normalized': {'diameter': None, 'thickness': None, 'arbor': None, 'product_type': None, 'pack_quantity': None}, 'confidence': {}, 'evidence': [], 'status': 'accepted'}",0
AYCL-153PH-WH,AYCL-153PH-WH Lutron Dimmer Wh,accepted,"{'mpn': 'AYCL-153PH-WH', 'manufacturer': 'Fenton Bros Electric Inc (FENBR)', 'manufacturer_candidate': 'Fenton Bros Electric Inc', 'brand_candidate': None, 'identity_query': 'AYCL-153PH-WH Fenton Bros Electric Inc', 'brands': [], 'description': 'AYCL-153PH-WH Lutron Dimmer Wh'}","{'brand': None, 'source': None, 'confidence': 0.0, 'candidates': []}","{'value': 'Fenton Bros Electric Inc', 'score': 100.0, 'match': 'Fenton Bros Electric Inc'}","{'raw': {'diameter': None, 'thickness': None, 'arbor': None, 'product_type': None, 'pack_quantity': None}, 'normalized': {'diameter': None, 'thickness': None, 'arbor': None, 'product_type': None, 'pack_quantity': None}, 'confidence': {}, 'evidence': [], 'status': 'accepted'}",0
D23LP-R02-1RW,D23LPR021RW Plug In Dimmer Wh,accepted,"{'mpn': 'D23LP-R02-1RW', 'manufacturer': 'Leviton Mfg Co (4927)', 'manufacturer_candidate': 'Leviton Mfg Co', 'brand_candidate': 'Leviton', 'identity_query': 'D23LP-R02-1RW Leviton Mfg Co Leviton', 'brands': ['Leviton'], 'description': 'D23LPR021RW Plug In Dimmer Wh'}","{'brand': 'Leviton', 'source': 'structured_field', 'confidence': 0.99, 'candidates': ['Leviton']}","{'value': 'Leviton Mfg Co', 'score': 100.0, 'match': 'Leviton Mfg Co'}","{'raw': {'diameter': None, 'thickness': None, 'arbor': None, 'product_type': None, 'pack_quantity': None}, 'normalized': {'diameter': None, 'thickness': None, 'arbor': None, 'product_type': None, 'pack_quantity': None}, 'confidence': {}, 'evidence': [], 'status': 'accepted'}",0
TNOCD002,TNOCD002 125V Outdooor Timer,accepted,"{'mpn': 'TNOCD002', 'manufacturer': 'Prime Wire & Cable (3562)', 'manufacturer_candidate': 'Prime Wire & Cable', 'brand_candidate': 'Prime', 'identity_query': 'TNOCD002 Prime Wire & Cable Prime', 'brands': ['Prime'], 'description': 'TNOCD002 125V Outdooor Timer'}","{'brand': 'Prime', 'source': 'structured_field', 'confidence': 0.99, 'candidates': ['Prime']}","{'value': 'Prime Wire & Cable', 'score': 100.0, 'match': 'Prime Wire & Cable'}","{'raw': {'diameter': None, 'thickness': None, 'arbor': None, 'product_type': None, 'pack_quantity': None}, 'normalized': {'diameter': None, 'thickness': None, 'arbor': None, 'product_type': None, 'pack_quantity': None}, 'confidence': {}, 'evidence': [], 'status': 'accepted'}",0
TNDHD002,TNDHD002 125V 7Day Timer,accepted,"{'mpn': 'TNDHD002', 'manufacturer': 'Prime Wire & Cable (3562)', 'manufacturer_candidate': 'Prime Wire & Cable', 'brand_candidate': 'Prime', 'identity_query': 'TNDHD002 Prime Wire & Cable Prime', 'brands': ['Prime'], 'description': 'TNDHD002 125V 7Day Timer'}","{'brand': 'Prime', 'source': 'structured_field', 'confidence': 0.99, 'candidates': ['Prime']}","{'value': 'Prime Wire & Cable', 'score': 100.0, 'match': 'Prime Wire & Cable'}","{'raw': {'diameter': None, 'thickness': None, 'arbor': None, 'product_type': None, 'pack_quantity': None}, 'normalized': {'diameter': None, 'thickness': None, 'arbor': None, 'product_type': None, 'pack_quantity': None}, 'confidence': {}, 'evidence': [], 'status': 'accepted'}",0
TNIDP12,TNIDP12 125V Dig Indoor Timer,accepted,"{'mpn': 'TNIDP12', 'manufacturer': 'Prime Wire & Cable (3562)', 'manufacturer_candidate': 'Prime Wire & Cable', 'brand_candidate': 'Prime', 'identity_query': 'TNIDP12 Prime Wire & Cable Prime', 'brands': ['Prime'], 'description': 'TNIDP12 125V Dig Indoor Timer'}","{'brand': 'Prime', 'source': 'structured_field', 'confidence': 0.99, 'candidates': ['Prime']}","{'value': 'Prime Wire & Cable', 'score': 100.0, 'match': 'Prime Wire & Cable'}","{'raw': {'diameter': None, 'thickness': None, 'arbor': None, 'product_type': None, 'pack_quantity': None}, 'normalized': {'diameter': None, 'thickness': None, 'arbor': None, 'product_type': None, 'pack_quantity': None}, 'confidence': {}, 'evidence': [], 'status': 'accepted'}",0
TNIW24,TNIW24 125V 24hr Mech Timer,accepted,"{'mpn': 'TNIW24', 'manufacturer': 'Prime Wire & Cable (3562)', 'manufacturer_candidate': 'Prime Wire & Cable', 'brand_candidate': 'Prime', 'identity_query': 'TNIW24 Prime Wire & Cable Prime', 'brands': ['Prime'], 'description': 'TNIW24 125V 24hr Mech Timer'}","{'brand': 'Prime', 'source': 'structured_field', 'confidence': 0.99, 'candidates': ['Prime']}","{'value': 'Prime Wire & Cable', 'score': 100.0, 'match': 'Prime Wire & Cable'}","{'raw': {'diameter': None, 'thickness': None, 'arbor': None, 'product_type': None, 'pack_quantity': None}, 'normalized': {'diameter': None, 'thickness': None, 'arbor': None, 'product_type': None, 'pack_quantity': None}, 'confidence': {}, 'evidence': [], 'status': 'accepted'}",0
65-1222,65-1222 1' Led Lt Multi CCT,accepted,"{'mpn': '65-1222', 'manufacturer': 'Satco Prod Inc (5573)', 'manufacturer_candidate': 'Satco Prod Inc', 'brand_candidate': None, 'identity_query': '65-1222 Satco Prod Inc', 'brands': [], 'description': ""65-1222 1' Led Lt Multi CCT""}","{'brand': None, 'source': None, 'confidence': 0.0, 'candidates': []}","{'value': 'Satco Prod Inc', 'score': 100.0, 'match': 'Satco Prod Inc'}","{'raw': {'diameter': None, 'thickness': None, 'arbor': None, 'product_type': None, 'pack_quantity': None}, 'normalized': {'diameter': None, 'thickness': None, 'arbor': None, 'product_type': None, 'pack_quantity': None}, 'confidence': {}, 'evidence': [], 'status': 'accepted'}",0
65-1224,65-1224 4' Led Strip Light,accepted,"{'mpn': '65-1224', 'manufacturer': 'Satco Prod Inc (5573)', 'manufacturer_candidate': 'Satco Prod Inc', 'brand_candidate': 'Satco', 'identity_query': '65-1224 Satco Prod Inc Satco', 'brands': ['Satco'], 'description': ""65-1224 4' Led Strip Light""}","{'brand': 'Satco', 'source': 'structured_field', 'confidence': 0.99, 'candidates': ['Satco']}","{'value': 'Satco Prod Inc', 'score': 100.0, 'match': 'Satco Prod Inc'}","{'raw': {'diameter': None, 'thickness': None, 'arbor': None, 'product_type': None, 'pack_quantity': None}, 'normalized': {'diameter': None, 'thickness': None, 'arbor': None, 'product_type': None, 'pack_quantity': None}, 'confidence': {}, 'evidence': [], 'status': 'accepted'}",0
45297BK,45297BK Kichler Wall Lt,accepted,"{'mpn': '45297BK', 'manufacturer': 'Kichler Lighting (KICLI)', 'manufacturer_candidate': 'Kichler Lighting', 'brand_candidate': None, 'identity_query': '45297BK Kichler Lighting', 'brands': [], 'description': '45297BK Kichler Wall Lt'}","{'brand': None, 'source': None, 'confidence': 0.0, 'candidates': []}","{'value': 'Kichler Lighting', 'score': 100.0, 'match': 'Kichler Lighting'}","{'raw': {'diameter': None, 'thickness': None, 'arbor': None, 'product_type': None, 'pack_quantity': None}, 'normalized': {'diameter': None, 'thickness': None, 'arbor': None, 'product_type': None, 'pack_quantity': None}, 'confidence': {}, 'evidence': [], 'status': 'accepted'}",0
45573BK,45573BK Kichler Wall Light,accepted,"{'mpn': '45573BK', 'manufacturer': 'Kichler Lighting (KICLI)', 'manufacturer_candidate': 'Kichler Lighting', 'brand_candidate': None, 'identity_query': '45573BK Kichler Lighting', 'brands': [], 'description': '45573BK Kichler Wall Light'}","{'brand': None, 'source': None, 'confidence': 0.0, 'candidates': []}","{'value': 'Kichler Lighting', 'score': 100.0, 'match': 'Kichler Lighting'}","{'raw': {'diameter': None, 'thickness': None, 'arbor': None, 'product_type': None, 'pack_quantity': None}, 'normalized': {'diameter': None, 'thickness': None, 'arbor': None, 'product_type': None, 'pack_quantity': None}, 'confidence': {}, 'evidence': [], 'status': 'accepted'}",0
37418A,37418A Kichler Bath Light,accepted,"{'mpn': '37418A', 'manufacturer': 'Kichler Lighting (KICLI)', 'manufacturer_candidate': 'Kichler Lighting', 'brand_candidate': None, 'identity_query': '37418A Kichler Lighting', 'brands': [], 'description': '37418A Kichler Bath Light'}","{'brand': None, 'source': None, 'confidence': 0.0, 'candidates': []}","{'value': 'Kichler Lighting', 'score': 100.0, 'match': 'Kichler Lighting'}","{'raw': {'diameter': None, 'thickness': None, 'arbor': None, 'product_type': None, 'pack_quantity': None}, 'normalized': {'diameter': None, 'thickness': None, 'arbor': None, 'product_type': None, 'pack_quantity': None}, 'confidence': {}, 'evidence': [], 'status': 'accepted'}",0
37423A,37423A Kichler Bath Light,accepted,"{'mpn': '37423A', 'manufacturer': 'Kichler Lighting (KICLI)', 'manufacturer_candidate': 'Kichler Lighting', 'brand_candidate': None, 'identity_query': '37423A Kichler Lighting', 'brands': [], 'description': '37423A Kichler Bath Light'}","{'brand': None, 'source': None, 'confidence': 0.0, 'candidates': []}","{'value': 'Kichler Lighting', 'score': 100.0, 'match': 'Kichler Lighting'}","{'raw': {'diameter': None, 'thickness': None, 'arbor': None, 'product_type': None, 'pack_quantity': None}, 'normalized': {'diameter': None, 'thickness': None, 'arbor': None, 'product_type': None, 'pack_quantity': None}, 'confidence': {}, 'evidence': [], 'status': 'accepted'}",0
45496BKCLR,45496BKCLR Kichler Bath Light,accepted,"{'mpn': '45496BKCLR', 'manufacturer': 'Kichler Lighting (KICLI)', 'manufacturer_candidate': 'Kichler Lighting', 'brand_candidate': None, 'identity_query': '45496BKCLR Kichler Lighting', 'brands': [], 'description': '45496BKCLR Kichler Bath Light'}","{'brand': None, 'source': None, 'confidence': 0.0, 'candidates': []}","{'value': 'Kichler Lighting', 'score': 100.0, 'match': 'Kichler Lighting'}","{'raw': {'diameter': None, 'thickness': None, 'arbor': None, 'product_type': None, 'pack_quantity': None}, 'normalized': {'diameter': None, 'thickness': None, 'arbor': None, 'product_type': None, 'pack_quantity': None}, 'confidence': {}, 'evidence': [], 'status': 'accepted'}",0
45973BK,45973BK Kichler Wall Light,accepted,"{'mpn': '45973BK', 'manufacturer': 'Kichler Lighting (KICLI)', 'manufacturer_candidate': 'Kichler Lighting', 'brand_candidate': None, 'identity_query': '45973BK Kichler Lighting', 'brands': [], 'description': '45973BK Kichler Wall Light'}","{'brand': None, 'source': None, 'confidence': 0.0, 'candidates': []}","{'value': 'Kichler Lighting', 'score': 100.0, 'match': 'Kichler Lighting'}","{'raw': {'diameter': None, 'thickness': None, 'arbor': None, 'product_type': None, 'pack_quantity': None}, 'normalized': {'diameter': None, 'thickness': None, 'arbor': None, 'product_type': None, 'pack_quantity': None}, 'confidence': {}, 'evidence': [], 'status': 'accepted'}",0
55155BK,55155BK Kichler Wall Lt,accepted,"{'mpn': '55155BK', 'manufacturer': 'Kichler Lighting (KICLI)', 'manufacturer_candidate': 'Kichler Lighting', 'brand_candidate': None, 'identity_query': '55155BK Kichler Lighting', 'brands': [], 'description': '55155BK Kichler Wall Lt'}","{'brand': None, 'source': None, 'confidence': 0.0, 'candidates': []}","{'value': 'Kichler Lighting', 'score': 100.0, 'match': 'Kichler Lighting'}","{'raw': {'diameter': None, 'thickness': None, 'arbor': None, 'product_type': None, 'pack_quantity': None}, 'normalized': {'diameter': None, 'thickness': None, 'arbor': None, 'product_type': None, 'pack_quantity': None}, 'confidence': {}, 'evidence': [], 'status': 'accepted'}",0
55157CPZ,55157CPZ Kichler Wall Light,accepted,"{'mpn': '55157CPZ', 'manufacturer': 'Kichler Lighting (KICLI)', 'manufacturer_candidate': 'Kichler Lighting', 'brand_candidate': None, 'identity_query': '55157CPZ Kichler Lighting', 'brands': [], 'description': '55157CPZ Kichler Wall Light'}","{'brand': None, 'source': None, 'confidence': 0.0, 'candidates': []}","{'value': 'Kichler Lighting', 'score': 100.0, 'match': 'Kichler Lighting'}","{'raw': {'diameter': None, 'thickness': None, 'arbor': None, 'product_type': None, 'pack_quantity': None}, 'normalized': {'diameter': None, 'thickness': None, 'arbor': None, 'product_type': None, 'pack_quantity': None}, 'confidence': {}, 'evidence': [], 'status': 'accepted'}",0
55184BK,55184BK Kichler Wall Lt,accepted,"{'mpn': '55184BK', 'manufacturer': 'Kichler Lighting (KICLI)', 'manufacturer_candidate': 'Kichler Lighting', 'brand_candidate': None, 'identity_query': '55184BK Kichler Lighting', 'brands': [], 'description': '55184BK Kichler Wall Lt'}","{'brand': None, 'source': None, 'confidence': 0.0, 'candidates': []}","{'value': 'Kichler Lighting', 'score': 100.0, 'match': 'Kichler Lighting'}","{'raw': {'diameter': None, 'thickness': None, 'arbor': None, 'product_type': None, 'pack_quantity': None}, 'normalized': {'diameter': None, 'thickness': None, 'arbor': None, 'product_type': None, 'pack_quantity': None}, 'confidence': {}, 'evidence': [], 'status': 'accepted'}",0
55185BK,55185BK Kichler Wall Lt,accepted,"{'mpn': '55185BK', 'manufacturer': 'Kichler Lighting (KICLI)', 'manufacturer_candidate': 'Kichler Lighting', 'brand_candidate': None, 'identity_query': '55185BK Kichler Lighting', 'brands': [], 'description': '55185BK Kichler Wall Lt'}","{'brand': None, 'source': None, 'confidence': 0.0, 'candidates': []}","{'value': 'Kichler Lighting', 'score': 100.0, 'match': 'Kichler Lighting'}","{'raw': {'diameter': None, 'thickness': None, 'arbor': None, 'product_type': None, 'pack_quantity': None}, 'normalized': {'diameter': None, 'thickness': None, 'arbor': None, 'product_type': None, 'pack_quantity': None}, 'confidence': {}, 'evidence': [], 'status': 'accepted'}",0
55186CH,55186CH Kichler Wall Lt,accepted,"{'mpn': '55186CH', 'manufacturer': 'Kichler Lighting (KICLI)', 'manufacturer_candidate': 'Kichler Lighting', 'brand_candidate': None, 'identity_query': '55186CH Kichler Lighting', 'brands': [], 'description': '55186CH Kichler Wall Lt'}","{'brand': None, 'source': None, 'confidence': 0.0, 'candidates': []}","{'value': 'Kichler Lighting', 'score': 100.0, 'match': 'Kichler Lighting'}","{'raw': {'diameter': None, 'thickness': None, 'arbor': None, 'product_type': None, 'pack_quantity': None}, 'normalized': {'diameter': None, 'thickness': None, 'arbor': None, 'product_type': None, 'pack_quantity': None}, 'confidence': {}, 'evidence': [], 'status': 'accepted'}",0
55210NI,55210NI Kichler Wall Light,accepted,"{'mpn': '55210NI', 'manufacturer': 'Kichler Lighting (KICLI)', 'manufacturer_candidate': 'Kichler Lighting', 'brand_candidate': None, 'identity_query': '55210NI Kichler Lighting', 'brands': [], 'description': '55210NI Kichler Wall Light'}","{'brand': None, 'source': None, 'confidence': 0.0, 'candidates': []}","{'value': 'Kichler Lighting', 'score': 100.0, 'match': 'Kichler Lighting'}","{'raw': {'diameter': None, 'thickness': None, 'arbor': None, 'product_type': None, 'pack_quantity': None}, 'normalized': {'diameter': None, 'thickness': None, 'arbor': None, 'product_type': None, 'pack_quantity': None}, 'confidence': {}, 'evidence': [], 'status': 'accepted'}",0
55211BK,55211BK Kichler Wall Light,accepted,"{'mpn': '55211BK', 'manufacturer': 'Kichler Lighting (KICLI)', 'manufacturer_candidate': 'Kichler Lighting', 'brand_candidate': None, 'identity_query': '55211BK Kichler Lighting', 'brands': [], 'description': '55211BK Kichler Wall Light'}","{'brand': None, 'source': None, 'confidence': 0.0, 'candidates': []}","{'value': 'Kichler Lighting', 'score': 100.0, 'match': 'Kichler Lighting'}","{'raw': {'diameter': None, 'thickness': None, 'arbor': None, 'product_type': None, 'pack_quantity': None}, 'normalized': {'diameter': None, 'thickness': None, 'arbor': None, 'product_type': None, 'pack_quantity': None}, 'confidence': {}, 'evidence': [], 'status': 'accepted'}",0
55211NI,55211NI Kichler Wall Light,accepted,"{'mpn': '55211NI', 'manufacturer': 'Kichler Lighting (KICLI)', 'manufacturer_candidate': 'Kichler Lighting', 'brand_candidate': None, 'identity_query': '55211NI Kichler Lighting', 'brands': [], 'description': '55211NI Kichler Wall Light'}","{'brand': None, 'source': None, 'confidence': 0.0, 'candidates': []}","{'value': 'Kichler Lighting', 'score': 100.0, 'match': 'Kichler Lighting'}","{'raw': {'diameter': None, 'thickness': None, 'arbor': None, 'product_type': None, 'pack_quantity': None}, 'normalized': {'diameter': None, 'thickness': None, 'arbor': None, 'product_type': None, 'pack_quantity': None}, 'confidence': {}, 'evidence': [], 'status': 'accepted'}",0
55212NI,55212NI Kichler Wall Light,accepted,"{'mpn': '55212NI', 'manufacturer': 'Kichler Lighting (KICLI)', 'manufacturer_candidate': 'Kichler Lighting', 'brand_candidate': None, 'identity_query': '55212NI Kichler Lighting', 'brands': [], 'description': '55212NI Kichler Wall Light'}","{'brand': None, 'source': None, 'confidence': 0.0, 'candidates': []}","{'value': 'Kichler Lighting', 'score': 100.0, 'match': 'Kichler Lighting'}","{'raw': {'diameter': None, 'thickness': None, 'arbor': None, 'product_type': None, 'pack_quantity': None}, 'normalized': {'diameter': None, 'thickness': None, 'arbor': None, 'product_type': None, 'pack_quantity': None}, 'confidence': {}, 'evidence': [], 'status': 'accepted'}",0
55226BKLFU,55226BKFLU Kichler Wall Lt,accepted,"{'mpn': '55226BKLFU', 'manufacturer': 'Kichler Lighting (KICLI)', 'manufacturer_candidate': 'Kichler Lighting', 'brand_candidate': None, 'identity_query': '55226BKLFU Kichler Lighting', 'brands': [], 'description': '55226BKFLU Kichler Wall Lt'}","{'brand': None, 'source': None, 'confidence': 0.0, 'candidates': []}","{'value': 'Kichler Lighting', 'score': 100.0, 'match': 'Kichler Lighting'}","{'raw': {'diameter': None, 'thickness': None, 'arbor': None, 'product_type': None, 'pack_quantity': None}, 'normalized': {'diameter': None, 'thickness': None, 'arbor': None, 'product_type': None, 'pack_quantity': None}, 'confidence': {}, 'evidence': [], 'status': 'accepted'}",0
55239CPZLED,55239CPZLED Kichler Wall Lt,accepted,"{'mpn': '55239CPZLED', 'manufacturer': 'Kichler Lighting (KICLI)', 'manufacturer_candidate': 'Kichler Lighting', 'brand_candidate': None, 'identity_query': '55239CPZLED Kichler Lighting', 'brands': [], 'description': '55239CPZLED Kichler Wall Lt'}","{'brand': None, 'source': None, 'confidence': 0.0, 'candidates': []}","{'value': 'Kichler Lighting', 'score': 100.0, 'match': 'Kichler Lighting'}","{'raw': {'diameter': None, 'thickness': None, 'arbor': None, 'product_type': None, 'pack_quantity': None}, 'normalized': {'diameter': None, 'thickness': None, 'arbor': None, 'product_type': None, 'pack_quantity': None}, 'confidence': {}, 'evidence': [], 'status': 'accepted'}",0
44072DBK,44072DBK Kichler Chandelier Lt,accepted,"{'mpn': '44072DBK', 'manufacturer': 'Kichler Lighting (KICLI)', 'manufacturer_candidate': 'Kichler Lighting', 'brand_candidate': None, 'identity_query': '44072DBK Kichler Lighting', 'brands': [], 'description': '44072DBK Kichler Chandelier Lt'}","{'brand': None, 'source': None, 'confidence': 0.0, 'candidates': []}","{'value': 'Kichler Lighting', 'score': 100.0, 'match': 'Kichler Lighting'}","{'raw': {'diameter': None, 'thickness': None, 'arbor': None, 'product_type': None, 'pack_quantity': None}, 'normalized': {'diameter': None, 'thickness': None, 'arbor': None, 'product_type': None, 'pack_quantity': None}, 'confidence': {}, 'evidence': [], 'status': 'accepted'}",0
44073NI,44073NI Kichler Chandelier Lt,accepted,"{'mpn': '44073NI', 'manufacturer': 'Kichler Lighting (KICLI)', 'manufacturer_candidate': 'Kichler Lighting', 'brand_candidate': None, 'identity_query': '44073NI Kichler Lighting', 'brands': [], 'description': '44073NI Kichler Chandelier Lt'}","{'brand': None, 'source': None, 'confidence': 0.0, 'candidates': []}","{'value': 'Kichler Lighting', 'score': 100.0, 'match': 'Kichler Lighting'}","{'raw': {'diameter': None, 'thickness': None, 'arbor': None, 'product_type': None, 'pack_quantity': None}, 'normalized': {'diameter': None, 'thickness': None, 'arbor': None, 'product_type': None, 'pack_quantity': None}, 'confidence': {}, 'evidence': [], 'status': 'accepted'}",0
52033BK,52033BK Kichler Chandelier Lt,accepted,"{'mpn': '52033BK', 'manufacturer': 'Kichler Lighting (KICLI)', 'manufacturer_candidate': 'Kichler Lighting', 'brand_candidate': None, 'identity_query': '52033BK Kichler Lighting', 'brands': [], 'description': '52033BK Kichler Chandelier Lt'}","{'brand': None, 'source': None, 'confidence': 0.0, 'candidates': []}","{'value': 'Kichler Lighting', 'score': 100.0, 'match': 'Kichler Lighting'}","{'raw': {'diameter': None, 'thickness': None, 'arbor': None, 'product_type': None, 'pack_quantity': None}, 'normalized': {'diameter': None, 'thickness': None, 'arbor': None, 'product_type': None, 'pack_quantity': None}, 'confidence': {}, 'evidence': [], 'status': 'accepted'}",0
84322WH,84322WH Kichler Chandelier Lt,accepted,"{'mpn': '84322WH', 'manufacturer': 'Kichler Lighting (KICLI)', 'manufacturer_candidate': 'Kichler Lighting', 'brand_candidate': None, 'identity_query': '84322WH Kichler Lighting', 'brands': [], 'description': '84322WH Kichler Chandelier Lt'}","{'brand': None, 'source': None, 'confidence': 0.0, 'candidates': []}","{'value': 'Kichler Lighting', 'score': 100.0, 'match': 'Kichler Lighting'}","{'raw': {'diameter': None, 'thickness': None, 'arbor': None, 'product_type': None, 'pack_quantity': None}, 'normalized': {'diameter': None, 'thickness': None, 'arbor': None, 'product_type': None, 'pack_quantity': None}, 'confidence': {}, 'evidence': [], 'status': 'accepted'}",0
52404BK,52404BK Kichler Chandelier Lt,accepted,"{'mpn': '52404BK', 'manufacturer': 'Kichler Lighting (KICLI)', 'manufacturer_candidate': 'Kichler Lighting', 'brand_candidate': None, 'identity_query': '52404BK Kichler Lighting', 'brands': [], 'description': '52404BK Kichler Chandelier Lt'}","{'brand': None, 'source': None, 'confidence': 0.0, 'candidates': []}","{'value': 'Kichler Lighting', 'score': 100.0, 'match': 'Kichler Lighting'}","{'raw': {'diameter': None, 'thickness': None, 'arbor': None, 'product_type': None, 'pack_quantity': None}, 'normalized': {'diameter': None, 'thickness': None, 'arbor': None, 'product_type': None, 'pack_quantity': None}, 'confidence': {}, 'evidence': [], 'status': 'accepted'}",0
34686A,34686A Kichler Chandelier Lt,accepted,"{'mpn': '34686A', 'manufacturer': 'Kichler Lighting (KICLI)', 'manufacturer_candidate': 'Kichler Lighting', 'brand_candidate': None, 'identity_query': '34686A Kichler Lighting', 'brands': [], 'description': '34686A Kichler Chandelier Lt'}","{'brand': None, 'source': None, 'confidence': 0.0, 'candidates': []}","{'value': 'Kichler Lighting', 'score': 100.0, 'match': 'Kichler Lighting'}","{'raw': {'diameter': None, 'thickness': None, 'arbor': None, 'product_type': None, 'pack_quantity': None}, 'normalized': {'diameter': None, 'thickness': None, 'arbor': None, 'product_type': None, 'pack_quantity': None}, 'confidence': {}, 'evidence': [], 'status': 'accepted'}",0
34687A,34687A Kichler Chandelier Lt,accepted,"{'mpn': '34687A', 'manufacturer': 'Kichler Lighting (KICLI)', 'manufacturer_candidate': 'Kichler Lighting', 'brand_candidate': None, 'identity_query': '34687A Kichler Lighting', 'brands': [], 'description': '34687A Kichler Chandelier Lt'}","{'brand': None, 'source': None, 'confidence': 0.0, 'candidates': []}","{'value': 'Kichler Lighting', 'score': 100.0, 'match': 'Kichler Lighting'}","{'raw': {'diameter': None, 'thickness': None, 'arbor': None, 'product_type': None, 'pack_quantity': None}, 'normalized': {'diameter': None, 'thickness': None, 'arbor': None, 'product_type': None, 'pack_quantity': None}, 'confidence': {}, 'evidence': [], 'status': 'accepted'}",0
34688A,34688A Kichler Chandelier Lt,accepted,"{'mpn': '34688A', 'manufacturer': '-', 'manufacturer_candidate': '-', 'brand_candidate': None, 'identity_query': '34688A -', 'brands': [], 'description': '34688A Kichler Chandelier Lt'}","{'brand': None, 'source': None, 'confidence': 0.0, 'candidates': []}","{'value': 'First Alert - B R K Brands', 'score': 100.0, 'match': 'First Alert - B R K Brands'}","{'raw': {'diameter': None, 'thickness': None, 'arbor': None, 'product_type': None, 'pack_quantity': None}, 'normalized': {'diameter': None, 'thickness': None, 'arbor': None, 'product_type': None, 'pack_quantity': None}, 'confidence': {}, 'evidence': [], 'status': 'accepted'}",0
43671BKCLR,43671BKCLR Kichler Chand Lt,accepted,"{'mpn': '43671BKCLR', 'manufacturer': 'Kichler Lighting (KICLI)', 'manufacturer_candidate': 'Kichler Lighting', 'brand_candidate': None, 'identity_query': '43671BKCLR Kichler Lighting', 'brands': [], 'description': '43671BKCLR Kichler Chand Lt'}","{'brand': None, 'source': None, 'confidence': 0.0, 'candidates': []}","{'value': 'Kichler Lighting', 'score': 100.0, 'match': 'Kichler Lighting'}","{'raw': {'diameter': None, 'thickness': None, 'arbor': None, 'product_type': None, 'pack_quantity': None}, 'normalized': {'diameter': None, 'thickness': None, 'arbor': None, 'product_type': None, 'pack_quantity': None}, 'confidence': {}, 'evidence': [], 'status': 'accepted'}",0
52616BK,52616BK Kichler Chandelier Lt,accepted,"{'mpn': '52616BK', 'manufacturer': 'Kichler Lighting (KICLI)', 'manufacturer_candidate': 'Kichler Lighting', 'brand_candidate': None, 'identity_query': '52616BK Kichler Lighting', 'brands': [], 'description': '52616BK Kichler Chandelier Lt'}","{'brand': None, 'source': None, 'confidence': 0.0, 'candidates': []}","{'value': 'Kichler Lighting', 'score': 100.0, 'match': 'Kichler Lighting'}","{'raw': {'diameter': None, 'thickness': None, 'arbor': None, 'product_type': None, 'pack_quantity': None}, 'normalized': {'diameter': None, 'thickness': None, 'arbor': None, 'product_type': None, 'pack_quantity': None}, 'confidence': {}, 'evidence': [], 'status': 'accepted'}",0
52616NI,52616NI Kichler Chandelier Lt,accepted,"{'mpn': '52616NI', 'manufacturer': 'Kichler Lighting (KICLI)', 'manufacturer_candidate': 'Kichler Lighting', 'brand_candidate': None, 'identity_query': '52616NI Kichler Lighting', 'brands': [], 'description': '52616NI Kichler Chandelier Lt'}","{'brand': None, 'source': None, 'confidence': 0.0, 'candidates': []}","{'value': 'Kichler Lighting', 'score': 100.0, 'match': 'Kichler Lighting'}","{'raw': {'diameter': None, 'thickness': None, 'arbor': None, 'product_type': None, 'pack_quantity': None}, 'normalized': {'diameter': None, 'thickness': None, 'arbor': None, 'product_type': None, 'pack_quantity': None}, 'confidence': {}, 'evidence': [], 'status': 'accepted'}",0
52678BK,52678BK Kichler Chandelier Lt,accepted,"{'mpn': '52678BK', 'manufacturer': 'Kichler Lighting (KICLI)', 'manufacturer_candidate': 'Kichler Lighting', 'brand_candidate': None, 'identity_query': '52678BK Kichler Lighting', 'brands': [], 'description': '52678BK Kichler Chandelier Lt'}","{'brand': None, 'source': None, 'confidence': 0.0, 'candidates': []}","{'value': 'Kichler Lighting', 'score': 100.0, 'match': 'Kichler Lighting'}","{'raw': {'diameter': None, 'thickness': None, 'arbor': None, 'product_type': None, 'pack_quantity': None}, 'normalized': {'diameter': None, 'thickness': None, 'arbor': None, 'product_type': None, 'pack_quantity': None}, 'confidence': {}, 'evidence': [], 'status': 'accepted'}",0
52680CPZ,52680CPZ Kichler Chandelier Lt,accepted,"{'mpn': '52680CPZ', 'manufacturer': 'Kichler Lighting (KICLI)', 'manufacturer_candidate': 'Kichler Lighting', 'brand_candidate': None, 'identity_query': '52680CPZ Kichler Lighting', 'brands': [], 'description': '52680CPZ Kichler Chandelier Lt'}","{'brand': None, 'source': None, 'confidence': 0.0, 'candidates': []}","{'value': 'Kichler Lighting', 'score': 100.0, 'match': 'Kichler Lighting'}","{'raw': {'diameter': None, 'thickness': None, 'arbor': None, 'product_type': None, 'pack_quantity': None}, 'normalized': {'diameter': None, 'thickness': None, 'arbor': None, 'product_type': None, 'pack_quantity': None}, 'confidence': {}, 'evidence': [], 'status': 'accepted'}",0
52772BK,52772BK Kichler Chandelier Lt,accepted,"{'mpn': '52772BK', 'manufacturer': 'Kichler Lighting (KICLI)', 'manufacturer_candidate': 'Kichler Lighting', 'brand_candidate': None, 'identity_query': '52772BK Kichler Lighting', 'brands': [], 'description': '52772BK Kichler Chandelier Lt'}","{'brand': None, 'source': None, 'confidence': 0.0, 'candidates': []}","{'value': 'Kichler Lighting', 'score': 100.0, 'match': 'Kichler Lighting'}","{'raw': {'diameter': None, 'thickness': None, 'arbor': None, 'product_type': None, 'pack_quantity': None}, 'normalized': {'diameter': None, 'thickness': None, 'arbor': None, 'product_type': None, 'pack_quantity': None}, 'confidence': {}, 'evidence': [], 'status': 'accepted'}",0
82399,82399 Kichler Chandelier Lt,accepted,"{'mpn': '82399', 'manufacturer': 'Kichler Lighting (KICLI)', 'manufacturer_candidate': 'Kichler Lighting', 'brand_candidate': None, 'identity_query': '82399 Kichler Lighting', 'brands': [], 'description': '82399 Kichler Chandelier Lt'}","{'brand': None, 'source': None, 'confidence': 0.0, 'candidates': []}","{'value': 'Kichler Lighting', 'score': 100.0, 'match': 'Kichler Lighting'}","{'raw': {'diameter': None, 'thickness': None, 'arbor': None, 'product_type': None, 'pack_quantity': None}, 'normalized': {'diameter': None, 'thickness': None, 'arbor': None, 'product_type': None, 'pack_quantity': None}, 'confidence': {}, 'evidence': [], 'status': 'accepted'}",0
65-771R3,65-771R3 Nuvo Highbay Light,accepted,"{'mpn': '65-771R3', 'manufacturer': 'Satco Prod Inc (5573)', 'manufacturer_candidate': 'Satco Prod Inc', 'brand_candidate': None, 'identity_query': '65-771R3 Satco Prod Inc', 'brands': [], 'description': '65-771R3 Nuvo Highbay Light'}","{'brand': None, 'source': None, 'confidence': 0.0, 'candidates': []}","{'value': 'Satco Prod Inc', 'score': 100.0, 'match': 'Satco Prod Inc'}","{'raw': {'diameter': None, 'thickness': None, 'arbor': None, 'product_type': None, 'pack_quantity': None}, 'normalized': {'diameter': None, 'thickness': None, 'arbor': None, 'product_type': None, 'pack_quantity': None}, 'confidence': {}, 'evidence': [], 'status': 'accepted'}",0
42955BK,42955BK Kichler Ceiling Lt,accepted,"{'mpn': '42955BK', 'manufacturer': 'Kichler Lighting (KICLI)', 'manufacturer_candidate': 'Kichler Lighting', 'brand_candidate': None, 'identity_query': '42955BK Kichler Lighting', 'brands': [], 'description': '42955BK Kichler Ceiling Lt'}","{'brand': None, 'source': None, 'confidence': 0.0, 'candidates': []}","{'value': 'Kichler Lighting', 'score': 100.0, 'match': 'Kichler Lighting'}","{'raw': {'diameter': None, 'thickness': None, 'arbor': None, 'product_type': None, 'pack_quantity': None}, 'normalized': {'diameter': None, 'thickness': None, 'arbor': None, 'product_type': None, 'pack_quantity': None}, 'confidence': {}, 'evidence': [], 'status': 'accepted'}",0
42275BK,42275BK Kichler Ceiling Lt,accepted,"{'mpn': '42275BK', 'manufacturer': 'Kichler Lighting (KICLI)', 'manufacturer_candidate': 'Kichler Lighting', 'brand_candidate': None, 'identity_query': '42275BK Kichler Lighting', 'brands': [], 'description': '42275BK Kichler Ceiling Lt'}","{'brand': None, 'source': None, 'confidence': 0.0, 'candidates': []}","{'value': 'Kichler Lighting', 'score': 100.0, 'match': 'Kichler Lighting'}","{'raw': {'diameter': None, 'thickness': None, 'arbor': None, 'product_type': None, 'pack_quantity': None}, 'normalized': {'diameter': None, 'thickness': None, 'arbor': None, 'product_type': None, 'pack_quantity': None}, 'confidence': {}, 'evidence': [], 'status': 'accepted'}",0
62-1850,"62-1850 11"" Led Ceiling Light",accepted,"{'mpn': '62-1850', 'manufacturer': 'Satco Prod Inc (5573)', 'manufacturer_candidate': 'Satco Prod Inc', 'brand_candidate': None, 'identity_query': '62-1850 Satco Prod Inc', 'brands': [], 'description': '62-1850 11"" Led Ceiling Light'}","{'brand': None, 'source': None, 'confidence': 0.0, 'candidates': []}","{'value': 'Satco Prod Inc', 'score': 100.0, 'match': 'Satco Prod Inc'}","{'raw': {'diameter': None, 'thickness': None, 'arbor': None, 'product_type': None, 'pack_quantity': None}, 'normalized': {'diameter': None, 'thickness': None, 'arbor': None, 'product_type': None, 'pack_quantity': None}, 'confidence': {}, 'evidence': [], 'status': 'accepted'}",0
62-1852,"62-1852 14"" Satco Led Ceiling Lt",accepted,"{'mpn': '62-1852', 'manufacturer': 'Satco Prod Inc (5573)', 'manufacturer_candidate': 'Satco Prod Inc', 'brand_candidate': None, 'identity_query': '62-1852 Satco Prod Inc', 'brands': [], 'description': '62-1852 14"" Satco Led Ceiling Lt'}","{'brand': None, 'source': None, 'confidence': 0.0, 'candidates': []}","{'value': 'Satco Prod Inc', 'score': 100.0, 'match': 'Satco Prod Inc'}","{'raw': {'diameter': None, 'thickness': None, 'arbor': None, 'product_type': None, 'pack_quantity': None}, 'normalized': {'diameter': None, 'thickness': None, 'arbor': None, 'product_type': None, 'pack_quantity': None}, 'confidence': {}, 'evidence': [], 'status': 'accepted'}",0
62-1875,"62-1875 10"" Led Ceiling Lt Bn",accepted,"{'mpn': '62-1875', 'manufacturer': 'Satco Prod Inc (5573)', 'manufacturer_candidate': 'Satco Prod Inc', 'brand_candidate': None, 'identity_query': '62-1875 Satco Prod Inc', 'brands': [], 'description': '62-1875 10"" Led Ceiling Lt Bn'}","{'brand': None, 'source': None, 'confidence': 0.0, 'candidates': []}","{'value': 'Satco Prod Inc', 'score': 100.0, 'match': 'Satco Prod Inc'}","{'raw': {'diameter': None, 'thickness': None, 'arbor': None, 'product_type': None, 'pack_quantity': None}, 'normalized': {'diameter': None, 'thickness': None, 'arbor': None, 'product_type': None, 'pack_quantity': None}, 'confidence': {}, 'evidence': [], 'status': 'accepted'}",0
62-1876,"62-1876 13"" Satco Ceiling Light BN",accepted,"{'mpn': '62-1876', 'manufacturer': 'Satco Prod Inc (5573)', 'manufacturer_candidate': 'Satco Prod Inc', 'brand_candidate': None, 'identity_query': '62-1876 Satco Prod Inc', 'brands': [], 'description': '62-1876 13"" Satco Ceiling Light BN'}","{'brand': None, 'source': None, 'confidence': 0.0, 'candidates': []}","{'value': 'Satco Prod Inc', 'score': 100.0, 'match': 'Satco Prod Inc'}","{'raw': {'diameter': None, 'thickness': None, 'arbor': None, 'product_type': None, 'pack_quantity': None}, 'normalized': {'diameter': None, 'thickness': None, 'arbor': None, 'product_type': None, 'pack_quantity': None}, 'confidence': {}, 'evidence': [], 'status': 'accepted'}",0
42296BK,42296BK Kichler Ceiling Lt,accepted,"{'mpn': '42296BK', 'manufacturer': 'Kichler Lighting (KICLI)', 'manufacturer_candidate': 'Kichler Lighting', 'brand_candidate': None, 'identity_query': '42296BK Kichler Lighting', 'brands': [], 'description': '42296BK Kichler Ceiling Lt'}","{'brand': None, 'source': None, 'confidence': 0.0, 'candidates': []}","{'value': 'Kichler Lighting', 'score': 100.0, 'match': 'Kichler Lighting'}","{'raw': {'diameter': None, 'thickness': None, 'arbor': None, 'product_type': None, 'pack_quantity': None}, 'normalized': {'diameter': None, 'thickness': None, 'arbor': None, 'product_type': None, 'pack_quantity': None}, 'confidence': {}, 'evidence': [], 'status': 'accepted'}",0
43913BK,43913BK Kichler Pendant Lt,accepted,"{'mpn': '43913BK', 'manufacturer': 'Kichler Lighting (KICLI)', 'manufacturer_candidate': 'Kichler Lighting', 'brand_candidate': None, 'identity_query': '43913BK Kichler Lighting', 'brands': [], 'description': '43913BK Kichler Pendant Lt'}","{'brand': None, 'source': None, 'confidence': 0.0, 'candidates': []}","{'value': 'Kichler Lighting', 'score': 100.0, 'match': 'Kichler Lighting'}","{'raw': {'diameter': None, 'thickness': None, 'arbor': None, 'product_type': None, 'pack_quantity': None}, 'normalized': {'diameter': None, 'thickness': None, 'arbor': None, 'product_type': None, 'pack_quantity': None}, 'confidence': {}, 'evidence': [], 'status': 'accepted'}",0
HLSMS9129FS1E,"HLSMS9129FS1E 9"" Motion Lt",accepted,"{'mpn': 'HLSMS9129FS1E', 'manufacturer': 'Cooper Lighting (7638)', 'manufacturer_candidate': 'Cooper Lighting', 'brand_candidate': None, 'identity_query': 'HLSMS9129FS1E Cooper Lighting', 'brands': [], 'description': 'HLSMS9129FS1E 9"" Motion Lt'}","{'brand': None, 'source': None, 'confidence': 0.0, 'candidates': []}","{'value': 'Cooper Lighting', 'score': 100.0, 'match': 'Cooper Lighting'}","{'raw': {'diameter': None, 'thickness': None, 'arbor': None, 'product_type': None, 'pack_quantity': None}, 'normalized': {'diameter': None, 'thickness': None, 'arbor': None, 'product_type': None, 'pack_quantity': None}, 'confidence': {}, 'evidence': [], 'status': 'accepted'}",0
64-110,64-110 Satco Tape Light 16',accepted,"{'mpn': '64-110', 'manufacturer': 'Satco Prod Inc (5573)', 'manufacturer_candidate': 'Satco Prod Inc', 'brand_candidate': None, 'identity_query': '64-110 Satco Prod Inc', 'brands': [], 'description': ""64-110 Satco Tape Light 16'""}","{'brand': None, 'source': None, 'confidence': 0.0, 'candidates': []}","{'value': 'Satco Prod Inc', 'score': 100.0, 'match': 'Satco Prod Inc'}","{'raw': {'diameter': None, 'thickness': None, 'arbor': None, 'product_type': None, 'pack_quantity': None}, 'normalized': {'diameter': None, 'thickness': None, 'arbor': None, 'product_type': None, 'pack_quantity': None}, 'confidence': {}, 'evidence': [], 'status': 'accepted'}",0
603571,603571 3' Strip Light Ext,accepted,"{'mpn': '603571', 'manufacturer': 'Phillips Lighting (5831)', 'manufacturer_candidate': 'Phillips Lighting', 'brand_candidate': 'Wiz', 'identity_query': '603571 Phillips Lighting Wiz', 'brands': ['Wiz'], 'description': ""603571 3' Strip Light Ext""}","{'brand': 'Wiz', 'source': 'structured_field', 'confidence': 0.99, 'candidates': ['Wiz']}","{'value': 'Phillips Lighting', 'score': 100.0, 'match': 'Phillips Lighting'}","{'raw': {'diameter': None, 'thickness': None, 'arbor': None, 'product_type': None, 'pack_quantity': None}, 'normalized': {'diameter': None, 'thickness': None, 'arbor': None, 'product_type': None, 'pack_quantity': None}, 'confidence': {}, 'evidence': [], 'status': 'accepted'}",0
65-572R1,65572 Satco 2x4 Led Flat Panel,accepted,"{'mpn': '65-572R1', 'manufacturer': 'Satco Prod Inc (5573)', 'manufacturer_candidate': 'Satco Prod Inc', 'brand_candidate': None, 'identity_query': '65-572R1 Satco Prod Inc', 'brands': [], 'description': '65572 Satco 2x4 Led Flat Panel'}","{'brand': None, 'source': None, 'confidence': 0.0, 'candidates': []}","{'value': 'Satco Prod Inc', 'score': 100.0, 'match': 'Satco Prod Inc'}","{'raw': {'diameter': None, 'thickness': None, 'arbor': None, 'product_type': None, 'pack_quantity': None}, 'normalized': {'diameter': None, 'thickness': None, 'arbor': None, 'product_type': None, 'pack_quantity': None}, 'confidence': {}, 'evidence': [], 'status': 'accepted'}",0
52476AVI,52476AVI Kichler Pendant Lt,accepted,"{'mpn': '52476AVI', 'manufacturer': 'Kichler Lighting (KICLI)', 'manufacturer_candidate': 'Kichler Lighting', 'brand_candidate': None, 'identity_query': '52476AVI Kichler Lighting', 'brands': [], 'description': '52476AVI Kichler Pendant Lt'}","{'brand': None, 'source': None, 'confidence': 0.0, 'candidates': []}","{'value': 'Kichler Lighting', 'score': 100.0, 'match': 'Kichler Lighting'}","{'raw': {'diameter': None, 'thickness': None, 'arbor': None, 'product_type': None, 'pack_quantity': None}, 'normalized': {'diameter': None, 'thickness': None, 'arbor': None, 'product_type': None, 'pack_quantity': None}, 'confidence': {}, 'evidence': [], 'status': 'accepted'}",0
42199BK,42199BK Kichler Pendant Lt,accepted,"{'mpn': '42199BK', 'manufacturer': 'Kichler Lighting (KICLI)', 'manufacturer_candidate': 'Kichler Lighting', 'brand_candidate': None, 'identity_query': '42199BK Kichler Lighting', 'brands': [], 'description': '42199BK Kichler Pendant Lt'}","{'brand': None, 'source': None, 'confidence': 0.0, 'candidates': []}","{'value': 'Kichler Lighting', 'score': 100.0, 'match': 'Kichler Lighting'}","{'raw': {'diameter': None, 'thickness': None, 'arbor': None, 'product_type': None, 'pack_quantity': None}, 'normalized': {'diameter': None, 'thickness': None, 'arbor': None, 'product_type': None, 'pack_quantity': None}, 'confidence': {}, 'evidence': [], 'status': 'accepted'}",0
42199BKCS,42199BKCS Kichler Pendant Lt,accepted,"{'mpn': '42199BKCS', 'manufacturer': 'Kichler Lighting (KICLI)', 'manufacturer_candidate': 'Kichler Lighting', 'brand_candidate': None, 'identity_query': '42199BKCS Kichler Lighting', 'brands': [], 'description': '42199BKCS Kichler Pendant Lt'}","{'brand': None, 'source': None, 'confidence': 0.0, 'candidates': []}","{'value': 'Kichler Lighting', 'score': 100.0, 'match': 'Kichler Lighting'}","{'raw': {'diameter': None, 'thickness': None, 'arbor': None, 'product_type': None, 'pack_quantity': None}, 'normalized': {'diameter': None, 'thickness': None, 'arbor': None, 'product_type': None, 'pack_quantity': None}, 'confidence': {}, 'evidence': [], 'status': 'accepted'}",0
42200BK,42200BK Kichler Pendant Lt,accepted,"{'mpn': '42200BK', 'manufacturer': 'Kichler Lighting (KICLI)', 'manufacturer_candidate': 'Kichler Lighting', 'brand_candidate': None, 'identity_query': '42200BK Kichler Lighting', 'brands': [], 'description': '42200BK Kichler Pendant Lt'}","{'brand': None, 'source': None, 'confidence': 0.0, 'candidates': []}","{'value': 'Kichler Lighting', 'score': 100.0, 'match': 'Kichler Lighting'}","{'raw': {'diameter': None, 'thickness': None, 'arbor': None, 'product_type': None, 'pack_quantity': None}, 'normalized': {'diameter': None, 'thickness': None, 'arbor': None, 'product_type': None, 'pack_quantity': None}, 'confidence': {}, 'evidence': [], 'status': 'accepted'}",0
42200BKCS,42200BKCS Kichler Pendant Lt,accepted,"{'mpn': '42200BKCS', 'manufacturer': 'Kichler Lighting (KICLI)', 'manufacturer_candidate': 'Kichler Lighting', 'brand_candidate': None, 'identity_query': '42200BKCS Kichler Lighting', 'brands': [], 'description': '42200BKCS Kichler Pendant Lt'}","{'brand': None, 'source': None, 'confidence': 0.0, 'candidates': []}","{'value': 'Kichler Lighting', 'score': 100.0, 'match': 'Kichler Lighting'}","{'raw': {'diameter': None, 'thickness': None, 'arbor': None, 'product_type': None, 'pack_quantity': None}, 'normalized': {'diameter': None, 'thickness': None, 'arbor': None, 'product_type': None, 'pack_quantity': None}, 'confidence': {}, 'evidence': [], 'status': 'accepted'}",0
43851BK,43851BK Kichler Pendant Lt,accepted,"{'mpn': '43851BK', 'manufacturer': 'Kichler Lighting (KICLI)', 'manufacturer_candidate': 'Kichler Lighting', 'brand_candidate': None, 'identity_query': '43851BK Kichler Lighting', 'brands': [], 'description': '43851BK Kichler Pendant Lt'}","{'brand': None, 'source': None, 'confidence': 0.0, 'candidates': []}","{'value': 'Kichler Lighting', 'score': 100.0, 'match': 'Kichler Lighting'}","{'raw': {'diameter': None, 'thickness': None, 'arbor': None, 'product_type': None, 'pack_quantity': None}, 'normalized': {'diameter': None, 'thickness': None, 'arbor': None, 'product_type': None, 'pack_quantity': None}, 'confidence': {}, 'evidence': [], 'status': 'accepted'}",0
43852BK,43852BK Kichler Pendant Lt,accepted,"{'mpn': '43852BK', 'manufacturer': 'Kichler Lighting (KICLI)', 'manufacturer_candidate': 'Kichler Lighting', 'brand_candidate': None, 'identity_query': '43852BK Kichler Lighting', 'brands': [], 'description': '43852BK Kichler Pendant Lt'}","{'brand': None, 'source': None, 'confidence': 0.0, 'candidates': []}","{'value': 'Kichler Lighting', 'score': 100.0, 'match': 'Kichler Lighting'}","{'raw': {'diameter': None, 'thickness': None, 'arbor': None, 'product_type': None, 'pack_quantity': None}, 'normalized': {'diameter': None, 'thickness': None, 'arbor': None, 'product_type': None, 'pack_quantity': None}, 'confidence': {}, 'evidence': [], 'status': 'accepted'}",0
43853BK,43853BK Kichler Pendant Lt,accepted,"{'mpn': '43853BK', 'manufacturer': 'Kichler Lighting (KICLI)', 'manufacturer_candidate': 'Kichler Lighting', 'brand_candidate': None, 'identity_query': '43853BK Kichler Lighting', 'brands': [], 'description': '43853BK Kichler Pendant Lt'}","{'brand': None, 'source': None, 'confidence': 0.0, 'candidates': []}","{'value': 'Kichler Lighting', 'score': 100.0, 'match': 'Kichler Lighting'}","{'raw': {'diameter': None, 'thickness': None, 'arbor': None, 'product_type': None, 'pack_quantity': None}, 'normalized': {'diameter': None, 'thickness': None, 'arbor': None, 'product_type': None, 'pack_quantity': None}, 'confidence': {}, 'evidence': [], 'status': 'accepted'}",0
43905BK,43905BK Kichler Pendant Lt,accepted,"{'mpn': '43905BK', 'manufacturer': 'Kichler Lighting (KICLI)', 'manufacturer_candidate': 'Kichler Lighting', 'brand_candidate': None, 'identity_query': '43905BK Kichler Lighting', 'brands': [], 'description': '43905BK Kichler Pendant Lt'}","{'brand': None, 'source': None, 'confidence': 0.0, 'candidates': []}","{'value': 'Kichler Lighting', 'score': 100.0, 'match': 'Kichler Lighting'}","{'raw': {'diameter': None, 'thickness': None, 'arbor': None, 'product_type': None, 'pack_quantity': None}, 'normalized': {'diameter': None, 'thickness': None, 'arbor': None, 'product_type': None, 'pack_quantity': None}, 'confidence': {}, 'evidence': [], 'status': 'accepted'}",0
43911BK,43911BK Kichler Pendant Lt,accepted,"{'mpn': '43911BK', 'manufacturer': 'Kichler Lighting (KICLI)', 'manufacturer_candidate': 'Kichler Lighting', 'brand_candidate': None, 'identity_query': '43911BK Kichler Lighting', 'brands': [], 'description': '43911BK Kichler Pendant Lt'}","{'brand': None, 'source': None, 'confidence': 0.0, 'candidates': []}","{'value': 'Kichler Lighting', 'score': 100.0, 'match': 'Kichler Lighting'}","{'raw': {'diameter': None, 'thickness': None, 'arbor': None, 'product_type': None, 'pack_quantity': None}, 'normalized': {'diameter': None, 'thickness': None, 'arbor': None, 'product_type': None, 'pack_quantity': None}, 'confidence': {}, 'evidence': [], 'status': 'accepted'}",0
52529BK,52529BK Kichler Pendant Light,accepted,"{'mpn': '52529BK', 'manufacturer': 'Kichler Lighting (KICLI)', 'manufacturer_candidate': 'Kichler Lighting', 'brand_candidate': None, 'identity_query': '52529BK Kichler Lighting', 'brands': [], 'description': '52529BK Kichler Pendant Light'}","{'brand': None, 'source': None, 'confidence': 0.0, 'candidates': []}","{'value': 'Kichler Lighting', 'score': 100.0, 'match': 'Kichler Lighting'}","{'raw': {'diameter': None, 'thickness': None, 'arbor': None, 'product_type': None, 'pack_quantity': None}, 'normalized': {'diameter': None, 'thickness': None, 'arbor': None, 'product_type': None, 'pack_quantity': None}, 'confidence': {}, 'evidence': [], 'status': 'accepted'}",0
52662BKCLR,52662BKCLR Kichler Pendant Lt,accepted,"{'mpn': '52662BKCLR', 'manufacturer': 'Kichler Lighting (KICLI)', 'manufacturer_candidate': 'Kichler Lighting', 'brand_candidate': None, 'identity_query': '52662BKCLR Kichler Lighting', 'brands': [], 'description': '52662BKCLR Kichler Pendant Lt'}","{'brand': None, 'source': None, 'confidence': 0.0, 'candidates': []}","{'value': 'Kichler Lighting', 'score': 100.0, 'match': 'Kichler Lighting'}","{'raw': {'diameter': None, 'thickness': None, 'arbor': None, 'product_type': None, 'pack_quantity': None}, 'normalized': {'diameter': None, 'thickness': None, 'arbor': None, 'product_type': None, 'pack_quantity': None}, 'confidence': {}, 'evidence': [], 'status': 'accepted'}",0
52734CPZ,52734CPZ Kichler Pendant Light,accepted,"{'mpn': '52734CPZ', 'manufacturer': 'Kichler Lighting (KICLI)', 'manufacturer_candidate': 'Kichler Lighting', 'brand_candidate': None, 'identity_query': '52734CPZ Kichler Lighting', 'brands': [], 'description': '52734CPZ Kichler Pendant Light'}","{'brand': None, 'source': None, 'confidence': 0.0, 'candidates': []}","{'value': 'Kichler Lighting', 'score': 100.0, 'match': 'Kichler Lighting'}","{'raw': {'diameter': None, 'thickness': None, 'arbor': None, 'product_type': None, 'pack_quantity': None}, 'normalized': {'diameter': None, 'thickness': None, 'arbor': None, 'product_type': None, 'pack_quantity': None}, 'confidence': {}, 'evidence': [], 'status': 'accepted'}",0
82400,82400 Kichler Pendant Lt,accepted,"{'mpn': '82400', 'manufacturer': 'Kichler Lighting (KICLI)', 'manufacturer_candidate': 'Kichler Lighting', 'brand_candidate': None, 'identity_query': '82400 Kichler Lighting', 'brands': [], 'description': '82400 Kichler Pendant Lt'}","{'brand': None, 'source': None, 'confidence': 0.0, 'candidates': []}","{'value': 'Kichler Lighting', 'score': 100.0, 'match': 'Kichler Lighting'}","{'raw': {'diameter': None, 'thickness': None, 'arbor': None, 'product_type': None, 'pack_quantity': None}, 'normalized': {'diameter': None, 'thickness': None, 'arbor': None, 'product_type': None, 'pack_quantity': None}, 'confidence': {}, 'evidence': [], 'status': 'accepted'}",0
S11606,"S11606 8"" Round Down Lt 30K",accepted,"{'mpn': 'S11606', 'manufacturer': 'Satco Prod Inc (5573)', 'manufacturer_candidate': 'Satco Prod Inc', 'brand_candidate': None, 'identity_query': 'S11606 Satco Prod Inc', 'brands': [], 'description': 'S11606 8"" Round Down Lt 30K'}","{'brand': None, 'source': None, 'confidence': 0.0, 'candidates': []}","{'value': 'Satco Prod Inc', 'score': 100.0, 'match': 'Satco Prod Inc'}","{'raw': {'diameter': None, 'thickness': None, 'arbor': None, 'product_type': None, 'pack_quantity': None}, 'normalized': {'diameter': None, 'thickness': None, 'arbor': None, 'product_type': None, 'pack_quantity': None}, 'confidence': {}, 'evidence': [], 'status': 'accepted'}",0
S11828,"S11828 8"" Led Down Light",accepted,"{'mpn': 'S11828', 'manufacturer': 'Satco Prod Inc (5573)', 'manufacturer_candidate': 'Satco Prod Inc', 'brand_candidate': None, 'identity_query': 'S11828 Satco Prod Inc', 'brands': [], 'description': 'S11828 8"" Led Down Light'}","{'brand': None, 'source': None, 'confidence': 0.0, 'candidates': []}","{'value': 'Satco Prod Inc', 'score': 100.0, 'match': 'Satco Prod Inc'}","{'raw': {'diameter': None, 'thickness': None, 'arbor': None, 'product_type': None, 'pack_quantity': None}, 'normalized': {'diameter': None, 'thickness': None, 'arbor': None, 'product_type': None, 'pack_quantity': None}, 'confidence': {}, 'evidence': [], 'status': 'accepted'}",0
801274,"801274 10w LED 6"" Retro 50k",accepted,"{'mpn': '801274', 'manufacturer': 'Phillips Lighting (5831)', 'manufacturer_candidate': 'Phillips Lighting', 'brand_candidate': 'Philips', 'identity_query': '801274 Phillips Lighting Philips', 'brands': ['Philips'], 'description': '801274 10w LED 6"" Retro 50k'}","{'brand': 'Philips', 'source': 'structured_field', 'confidence': 0.99, 'candidates': ['Philips']}","{'value': 'Phillips Lighting', 'score': 100.0, 'match': 'Phillips Lighting'}","{'raw': {'diameter': None, 'thickness': None, 'arbor': None, 'product_type': None, 'pack_quantity': None}, 'normalized': {'diameter': None, 'thickness': None, 'arbor': None, 'product_type': None, 'pack_quantity': None}, 'confidence': {}, 'evidence': [], 'status': 'accepted'}",0
S11860,"S11860 6"" Downlight White 5 CCT",accepted,"{'mpn': 'S11860', 'manufacturer': 'Satco Prod Inc (5573)', 'manufacturer_candidate': 'Satco Prod Inc', 'brand_candidate': None, 'identity_query': 'S11860 Satco Prod Inc', 'brands': [], 'description': 'S11860 6"" Downlight White 5 CCT'}","{'brand': None, 'source': None, 'confidence': 0.0, 'candidates': []}","{'value': 'Satco Prod Inc', 'score': 100.0, 'match': 'Satco Prod Inc'}","{'raw': {'diameter': None, 'thickness': None, 'arbor': None, 'product_type': None, 'pack_quantity': None}, 'normalized': {'diameter': None, 'thickness': None, 'arbor': None, 'product_type': None, 'pack_quantity': None}, 'confidence': {}, 'evidence': [], 'status': 'accepted'}",0
S11562,"S11562 Starfish 6"" D/W Downlight",accepted,"{'mpn': 'S11562', 'manufacturer': 'Satco Prod Inc (5573)', 'manufacturer_candidate': 'Satco Prod Inc', 'brand_candidate': None, 'identity_query': 'S11562 Satco Prod Inc', 'brands': [], 'description': 'S11562 Starfish 6"" D/W Downlight'}","{'brand': None, 'source': None, 'confidence': 0.0, 'candidates': []}","{'value': 'Satco Prod Inc', 'score': 100.0, 'match': 'Satco Prod Inc'}","{'raw': {'diameter': None, 'thickness': None, 'arbor': None, 'product_type': None, 'pack_quantity': None}, 'normalized': {'diameter': None, 'thickness': None, 'arbor': None, 'product_type': None, 'pack_quantity': None}, 'confidence': {}, 'evidence': [], 'status': 'accepted'}",0
S11646,"S11646 6"" Downlight Wh",accepted,"{'mpn': 'S11646', 'manufacturer': 'Satco Prod Inc (5573)', 'manufacturer_candidate': 'Satco Prod Inc', 'brand_candidate': None, 'identity_query': 'S11646 Satco Prod Inc', 'brands': [], 'description': 'S11646 6"" Downlight Wh'}","{'brand': None, 'source': None, 'confidence': 0.0, 'candidates': []}","{'value': 'Satco Prod Inc', 'score': 100.0, 'match': 'Satco Prod Inc'}","{'raw': {'diameter': None, 'thickness': None, 'arbor': None, 'product_type': None, 'pack_quantity': None}, 'normalized': {'diameter': None, 'thickness': None, 'arbor': None, 'product_type': None, 'pack_quantity': None}, 'confidence': {}, 'evidence': [], 'status': 'accepted'}",0
S11801R1,"S11801R1 6"" Led Downlight Wh",accepted,"{'mpn': 'S11801R1', 'manufacturer': 'Satco Prod Inc (5573)', 'manufacturer_candidate': 'Satco Prod Inc', 'brand_candidate': None, 'identity_query': 'S11801R1 Satco Prod Inc', 'brands': [], 'description': 'S11801R1 6"" Led Downlight Wh'}","{'brand': None, 'source': None, 'confidence': 0.0, 'candidates': []}","{'value': 'Satco Prod Inc', 'score': 100.0, 'match': 'Satco Prod Inc'}","{'raw': {'diameter': None, 'thickness': None, 'arbor': None, 'product_type': None, 'pack_quantity': None}, 'normalized': {'diameter': None, 'thickness': None, 'arbor': None, 'product_type': None, 'pack_quantity': None}, 'confidence': {}, 'evidence': [], 'status': 'accepted'}",0
S11848,"S11848 10"" Down Light Wh",accepted,"{'mpn': 'S11848', 'manufacturer': 'Satco Prod Inc (5573)', 'manufacturer_candidate': 'Satco Prod Inc', 'brand_candidate': None, 'identity_query': 'S11848 Satco Prod Inc', 'brands': [], 'description': 'S11848 10"" Down Light Wh'}","{'brand': None, 'source': None, 'confidence': 0.0, 'candidates': []}","{'value': 'Satco Prod Inc', 'score': 100.0, 'match': 'Satco Prod Inc'}","{'raw': {'diameter': None, 'thickness': None, 'arbor': None, 'product_type': None, 'pack_quantity': None}, 'normalized': {'diameter': None, 'thickness': None, 'arbor': None, 'product_type': None, 'pack_quantity': None}, 'confidence': {}, 'evidence': [], 'status': 'accepted'}",0
S11849,"S11849 12"" Down Light Wh",accepted,"{'mpn': 'S11849', 'manufacturer': 'Satco Prod Inc (5573)', 'manufacturer_candidate': 'Satco Prod Inc', 'brand_candidate': None, 'identity_query': 'S11849 Satco Prod Inc', 'brands': [], 'description': 'S11849 12"" Down Light Wh'}","{'brand': None, 'source': None, 'confidence': 0.0, 'candidates': []}","{'value': 'Satco Prod Inc', 'score': 100.0, 'match': 'Satco Prod Inc'}","{'raw': {'diameter': None, 'thickness': None, 'arbor': None, 'product_type': None, 'pack_quantity': None}, 'normalized': {'diameter': None, 'thickness': None, 'arbor': None, 'product_type': None, 'pack_quantity': None}, 'confidence': {}, 'evidence': [], 'status': 'accepted'}",0
HLBSL609FS5,"HLBSL609FS5 6"" Down Light",accepted,"{'mpn': 'HLBSL609FS5', 'manufacturer': 'Cooper Lighting (7638)', 'manufacturer_candidate': 'Cooper Lighting', 'brand_candidate': None, 'identity_query': 'HLBSL609FS5 Cooper Lighting', 'brands': [], 'description': 'HLBSL609FS5 6"" Down Light'}","{'brand': None, 'source': None, 'confidence': 0.0, 'candidates': []}","{'value': 'Cooper Lighting', 'score': 100.0, 'match': 'Cooper Lighting'}","{'raw': {'diameter': None, 'thickness': None, 'arbor': None, 'product_type': None, 'pack_quantity': None}, 'normalized': {'diameter': None, 'thickness': None, 'arbor': None, 'product_type': None, 'pack_quantity': None}, 'confidence': {}, 'evidence': [], 'status': 'accepted'}",0
WF4REGSWW590CRIMW,"WF4REGSWW590CRIMW 4"" Down Light",accepted,"{'mpn': 'WF4REGSWW590CRIMW', 'manufacturer': 'Lithonia Lighting (2776)', 'manufacturer_candidate': 'Lithonia Lighting', 'brand_candidate': None, 'identity_query': 'WF4REGSWW590CRIMW Lithonia Lighting', 'brands': [], 'description': 'WF4REGSWW590CRIMW 4"" Down Light'}","{'brand': None, 'source': None, 'confidence': 0.0, 'candidates': []}","{'value': 'Lithonia Lighting', 'score': 100.0, 'match': 'Lithonia Lighting'}","{'raw': {'diameter': None, 'thickness': None, 'arbor': None, 'product_type': None, 'pack_quantity': None}, 'normalized': {'diameter': None, 'thickness': None, 'arbor': None, 'product_type': None, 'pack_quantity': None}, 'confidence': {}, 'evidence': [], 'status': 'accepted'}",0
43849WH5CCT,43849WH5CCT Kichler Ceiling Lt,accepted,"{'mpn': '43849WH5CCT', 'manufacturer': 'Kichler Lighting (KICLI)', 'manufacturer_candidate': 'Kichler Lighting', 'brand_candidate': None, 'identity_query': '43849WH5CCT Kichler Lighting', 'brands': [], 'description': '43849WH5CCT Kichler Ceiling Lt'}","{'brand': None, 'source': None, 'confidence': 0.0, 'candidates': []}","{'value': 'Kichler Lighting', 'score': 100.0, 'match': 'Kichler Lighting'}","{'raw': {'diameter': None, 'thickness': None, 'arbor': None, 'product_type': None, 'pack_quantity': None}, 'normalized': {'diameter': None, 'thickness': None, 'arbor': None, 'product_type': None, 'pack_quantity': None}, 'confidence': {}, 'evidence': [], 'status': 'accepted'}",0
62-1777,"62-1777 15"" Ceiling Lt Wh",accepted,"{'mpn': '62-1777', 'manufacturer': 'Satco Prod Inc (5573)', 'manufacturer_candidate': 'Satco Prod Inc', 'brand_candidate': None, 'identity_query': '62-1777 Satco Prod Inc', 'brands': [], 'description': '62-1777 15"" Ceiling Lt Wh'}","{'brand': None, 'source': None, 'confidence': 0.0, 'candidates': []}","{'value': 'Satco Prod Inc', 'score': 100.0, 'match': 'Satco Prod Inc'}","{'raw': {'diameter': None, 'thickness': None, 'arbor': None, 'product_type': None, 'pack_quantity': None}, 'normalized': {'diameter': None, 'thickness': None, 'arbor': None, 'product_type': None, 'pack_quantity': None}, 'confidence': {}, 'evidence': [], 'status': 'accepted'}",0
62-1778,"62-1778 19"" Ceiling Lt Wh",accepted,"{'mpn': '62-1778', 'manufacturer': 'Satco Prod Inc (5573)', 'manufacturer_candidate': 'Satco Prod Inc', 'brand_candidate': None, 'identity_query': '62-1778 Satco Prod Inc', 'brands': [], 'description': '62-1778 19"" Ceiling Lt Wh'}","{'brand': None, 'source': None, 'confidence': 0.0, 'candidates': []}","{'value': 'Satco Prod Inc', 'score': 100.0, 'match': 'Satco Prod Inc'}","{'raw': {'diameter': None, 'thickness': None, 'arbor': None, 'product_type': None, 'pack_quantity': None}, 'normalized': {'diameter': None, 'thickness': None, 'arbor': None, 'product_type': None, 'pack_quantity': None}, 'confidence': {}, 'evidence': [], 'status': 'accepted'}",0
62-1784,62-1784 24x24 Led Ceiling Lt,accepted,"{'mpn': '62-1784', 'manufacturer': 'Satco Prod Inc (5573)', 'manufacturer_candidate': 'Satco Prod Inc', 'brand_candidate': None, 'identity_query': '62-1784 Satco Prod Inc', 'brands': [], 'description': '62-1784 24x24 Led Ceiling Lt'}","{'brand': None, 'source': None, 'confidence': 0.0, 'candidates': []}","{'value': 'Satco Prod Inc', 'score': 100.0, 'match': 'Satco Prod Inc'}","{'raw': {'diameter': None, 'thickness': None, 'arbor': None, 'product_type': None, 'pack_quantity': None}, 'normalized': {'diameter': None, 'thickness': None, 'arbor': None, 'product_type': None, 'pack_quantity': None}, 'confidence': {}, 'evidence': [], 'status': 'accepted'}",0
62-1787,"62-1787 15"" Ceiling Lt Bk",accepted,"{'mpn': '62-1787', 'manufacturer': 'Satco Prod Inc (5573)', 'manufacturer_candidate': 'Satco Prod Inc', 'brand_candidate': None, 'identity_query': '62-1787 Satco Prod Inc', 'brands': [], 'description': '62-1787 15"" Ceiling Lt Bk'}","{'brand': None, 'source': None, 'confidence': 0.0, 'candidates': []}","{'value': 'Satco Prod Inc', 'score': 100.0, 'match': 'Satco Prod Inc'}","{'raw': {'diameter': None, 'thickness': None, 'arbor': None, 'product_type': None, 'pack_quantity': None}, 'normalized': {'diameter': None, 'thickness': None, 'arbor': None, 'product_type': None, 'pack_quantity': None}, 'confidence': {}, 'evidence': [], 'status': 'accepted'}",0
62-1788,"62-1788 19"" Ceiling Lt Bk",accepted,"{'mpn': '62-1788', 'manufacturer': 'Satco Prod Inc (5573)', 'manufacturer_candidate': 'Satco Prod Inc', 'brand_candidate': None, 'identity_query': '62-1788 Satco Prod Inc', 'brands': [], 'description': '62-1788 19"" Ceiling Lt Bk'}","{'brand': None, 'source': None, 'confidence': 0.0, 'candidates': []}","{'value': 'Satco Prod Inc', 'score': 100.0, 'match': 'Satco Prod Inc'}","{'raw': {'diameter': None, 'thickness': None, 'arbor': None, 'product_type': None, 'pack_quantity': None}, 'normalized': {'diameter': None, 'thickness': None, 'arbor': None, 'product_type': None, 'pack_quantity': None}, 'confidence': {}, 'evidence': [], 'status': 'accepted'}",0
SHOP/4X2/840/V1,4' Feit Shop Light 4500L 40k,accepted,"{'mpn': 'SHOP/4X2/840/V1', 'manufacturer': 'Feit Electric (3468)', 'manufacturer_candidate': 'Feit Electric', 'brand_candidate': 'Feit Electric', 'identity_query': 'SHOP/4X2/840/V1 Feit Electric Feit Electric', 'brands': ['Feit Electric'], 'description': ""4' Feit Shop Light 4500L 40k""}","{'brand': 'Feit Electric', 'source': 'structured_field', 'confidence': 0.99, 'candidates': ['Feit Electric']}","{'value': 'Feit Electric', 'score': 100.0, 'match': 'Feit Electric'}","{'raw': {'diameter': None, 'thickness': None, 'arbor': None, 'product_type': None, 'pack_quantity': None}, 'normalized': {'diameter': None, 'thickness': None, 'arbor': None, 'product_type': None, 'pack_quantity': None}, 'confidence': {}, 'evidence': [], 'status': 'accepted'}",0
45495BKCLR,45495BKCLR Kichler Wall Lt,accepted,"{'mpn': '45495BKCLR', 'manufacturer': 'Kichler Lighting (KICLI)', 'manufacturer_candidate': 'Kichler Lighting', 'brand_candidate': None, 'identity_query': '45495BKCLR Kichler Lighting', 'brands': [], 'description': '45495BKCLR Kichler Wall Lt'}","{'brand': None, 'source': None, 'confidence': 0.0, 'candidates': []}","{'value': 'Kichler Lighting', 'score': 100.0, 'match': 'Kichler Lighting'}","{'raw': {'diameter': None, 'thickness': None, 'arbor': None, 'product_type': None, 'pack_quantity': None}, 'normalized': {'diameter': None, 'thickness': None, 'arbor': None, 'product_type': None, 'pack_quantity': None}, 'confidence': {}, 'evidence': [], 'status': 'accepted'}",0
55209NI,55209NI Kichler Wall Sconce,accepted,"{'mpn': '55209NI', 'manufacturer': 'Kichler Lighting (KICLI)', 'manufacturer_candidate': 'Kichler Lighting', 'brand_candidate': None, 'identity_query': '55209NI Kichler Lighting', 'brands': [], 'description': '55209NI Kichler Wall Sconce'}","{'brand': None, 'source': None, 'confidence': 0.0, 'candidates': []}","{'value': 'Kichler Lighting', 'score': 100.0, 'match': 'Kichler Lighting'}","{'raw': {'diameter': None, 'thickness': None, 'arbor': None, 'product_type': None, 'pack_quantity': None}, 'normalized': {'diameter': None, 'thickness': None, 'arbor': None, 'product_type': None, 'pack_quantity': None}, 'confidence': {}, 'evidence': [], 'status': 'accepted'}",0
65-1210,65-1210 2' LED Wrap Lt,accepted,"{'mpn': '65-1210', 'manufacturer': 'Satco Prod Inc (5573)', 'manufacturer_candidate': 'Satco Prod Inc', 'brand_candidate': None, 'identity_query': '65-1210 Satco Prod Inc', 'brands': [], 'description': ""65-1210 2' LED Wrap Lt""}","{'brand': None, 'source': None, 'confidence': 0.0, 'candidates': []}","{'value': 'Satco Prod Inc', 'score': 100.0, 'match': 'Satco Prod Inc'}","{'raw': {'diameter': None, 'thickness': None, 'arbor': None, 'product_type': None, 'pack_quantity': None}, 'normalized': {'diameter': None, 'thickness': None, 'arbor': None, 'product_type': None, 'pack_quantity': None}, 'confidence': {}, 'evidence': [], 'status': 'accepted'}",0
65-1211,65-1211 4' Led Wrap Light,accepted,"{'mpn': '65-1211', 'manufacturer': 'Satco Prod Inc (5573)', 'manufacturer_candidate': 'Satco Prod Inc', 'brand_candidate': None, 'identity_query': '65-1211 Satco Prod Inc', 'brands': [], 'description': ""65-1211 4' Led Wrap Light""}","{'brand': None, 'source': None, 'confidence': 0.0, 'candidates': []}","{'value': 'Satco Prod Inc', 'score': 100.0, 'match': 'Satco Prod Inc'}","{'raw': {'diameter': None, 'thickness': None, 'arbor': None, 'product_type': None, 'pack_quantity': None}, 'normalized': {'diameter': None, 'thickness': None, 'arbor': None, 'product_type': None, 'pack_quantity': None}, 'confidence': {}, 'evidence': [], 'status': 'accepted'}",0
141465,"141465 15W Flor 18"" T12 27k",accepted,"{'mpn': '141465', 'manufacturer': 'Phillips Lighting (5831)', 'manufacturer_candidate': 'Phillips Lighting', 'brand_candidate': 'Philips', 'identity_query': '141465 Phillips Lighting Philips', 'brands': ['Philips'], 'description': '141465 15W Flor 18"" T12 27k'}","{'brand': 'Philips', 'source': 'structured_field', 'confidence': 0.99, 'candidates': ['Philips']}","{'value': 'Phillips Lighting', 'score': 100.0, 'match': 'Phillips Lighting'}","{'raw': {'diameter': None, 'thickness': None, 'arbor': None, 'product_type': None, 'pack_quantity': None}, 'normalized': {'diameter': None, 'thickness': None, 'arbor': None, 'product_type': None, 'pack_quantity': None}, 'confidence': {}, 'evidence': [], 'status': 'accepted'}",0
391227,"391227 32W Led 12"" T9 30K",accepted,"{'mpn': '391227', 'manufacturer': 'Phillips Lighting (5831)', 'manufacturer_candidate': 'Phillips Lighting', 'brand_candidate': 'Philips', 'identity_query': '391227 Phillips Lighting Philips', 'brands': ['Philips'], 'description': '391227 32W Led 12"" T9 30K'}","{'brand': 'Philips', 'source': 'structured_field', 'confidence': 0.99, 'candidates': ['Philips']}","{'value': 'Phillips Lighting', 'score': 100.0, 'match': 'Phillips Lighting'}","{'raw': {'diameter': None, 'thickness': None, 'arbor': None, 'product_type': None, 'pack_quantity': None}, 'normalized': {'diameter': None, 'thickness': None, 'arbor': None, 'product_type': None, 'pack_quantity': None}, 'confidence': {}, 'evidence': [], 'status': 'accepted'}",0
392225,"392225 22W Flor 8"" T9 30k",accepted,"{'mpn': '392225', 'manufacturer': 'Phillips Lighting (5831)', 'manufacturer_candidate': 'Phillips Lighting', 'brand_candidate': 'Philips', 'identity_query': '392225 Phillips Lighting Philips', 'brands': ['Philips'], 'description': '392225 22W Flor 8"" T9 30k'}","{'brand': 'Philips', 'source': 'structured_field', 'confidence': 0.99, 'candidates': ['Philips']}","{'value': 'Phillips Lighting', 'score': 100.0, 'match': 'Phillips Lighting'}","{'raw': {'diameter': None, 'thickness': None, 'arbor': None, 'product_type': None, 'pack_quantity': None}, 'normalized': {'diameter': None, 'thickness': None, 'arbor': None, 'product_type': None, 'pack_quantity': None}, 'confidence': {}, 'evidence': [], 'status': 'accepted'}",0
S3539,S3539 20W Halogen Pin T4,accepted,"{'mpn': 'S3539', 'manufacturer': 'Satco Prod Inc (5573)', 'manufacturer_candidate': 'Satco Prod Inc', 'brand_candidate': 'Satco', 'identity_query': 'S3539 Satco Prod Inc Satco', 'brands': ['Satco'], 'description': 'S3539 20W Halogen Pin T4'}","{'brand': 'Satco', 'source': 'structured_field', 'confidence': 0.99, 'candidates': ['Satco']}","{'value': 'Satco Prod Inc', 'score': 100.0, 'match': 'Satco Prod Inc'}","{'raw': {'diameter': None, 'thickness': None, 'arbor': None, 'product_type': None, 'pack_quantity': None}, 'normalized': {'diameter': None, 'thickness': None, 'arbor': None, 'product_type': None, 'pack_quantity': None}, 'confidence': {}, 'evidence': [], 'status': 'accepted'}",0
S3496,S3496 300W Halogen T3 Bulb,accepted,"{'mpn': 'S3496', 'manufacturer': 'Satco Prod Inc (5573)', 'manufacturer_candidate': 'Satco Prod Inc', 'brand_candidate': 'Satco', 'identity_query': 'S3496 Satco Prod Inc Satco', 'brands': ['Satco'], 'description': 'S3496 300W Halogen T3 Bulb'}","{'brand': 'Satco', 'source': 'structured_field', 'confidence': 0.99, 'candidates': ['Satco']}","{'value': 'Satco Prod Inc', 'score': 100.0, 'match': 'Satco Prod Inc'}","{'raw': {'diameter': None, 'thickness': None, 'arbor': None, 'product_type': None, 'pack_quantity': None}, 'normalized': {'diameter': None, 'thickness': None, 'arbor': None, 'product_type': None, 'pack_quantity': None}, 'confidence': {}, 'evidence': [], 'status': 'accepted'}",0
467316,467316 150W Sodium Med 21k,accepted,"{'mpn': '467316', 'manufacturer': 'Phillips Lighting (5831)', 'manufacturer_candidate': 'Phillips Lighting', 'brand_candidate': 'Philips', 'identity_query': '467316 Phillips Lighting Philips', 'brands': ['Philips'], 'description': '467316 150W Sodium Med 21k'}","{'brand': 'Philips', 'source': 'structured_field', 'confidence': 0.99, 'candidates': ['Philips']}","{'value': 'Phillips Lighting', 'score': 100.0, 'match': 'Phillips Lighting'}","{'raw': {'diameter': None, 'thickness': None, 'arbor': None, 'product_type': None, 'pack_quantity': None}, 'normalized': {'diameter': None, 'thickness': None, 'arbor': None, 'product_type': None, 'pack_quantity': None}, 'confidence': {}, 'evidence': [], 'status': 'accepted'}",0
S3709,S3709 25W Incan 27K,accepted,"{'mpn': 'S3709', 'manufacturer': 'Satco Prod Inc (5573)', 'manufacturer_candidate': 'Satco Prod Inc', 'brand_candidate': 'Satco', 'identity_query': 'S3709 Satco Prod Inc Satco', 'brands': ['Satco'], 'description': 'S3709 25W Incan 27K'}","{'brand': 'Satco', 'source': 'structured_field', 'confidence': 0.99, 'candidates': ['Satco']}","{'value': 'Satco Prod Inc', 'score': 100.0, 'match': 'Satco Prod Inc'}","{'raw': {'diameter': None, 'thickness': None, 'arbor': None, 'product_type': None, 'pack_quantity': None}, 'normalized': {'diameter': None, 'thickness': None, 'arbor': None, 'product_type': None, 'pack_quantity': None}, 'confidence': {}, 'evidence': [], 'status': 'accepted'}",0
S4720,S4720 25W Incan 27K,accepted,"{'mpn': 'S4720', 'manufacturer': 'Satco Prod Inc (5573)', 'manufacturer_candidate': 'Satco Prod Inc', 'brand_candidate': 'Satco', 'identity_query': 'S4720 Satco Prod Inc Satco', 'brands': ['Satco'], 'description': 'S4720 25W Incan 27K'}","{'brand': 'Satco', 'source': 'structured_field', 'confidence': 0.99, 'candidates': ['Satco']}","{'value': 'Satco Prod Inc', 'score': 100.0, 'match': 'Satco Prod Inc'}","{'raw': {'diameter': None, 'thickness': None, 'arbor': None, 'product_type': None, 'pack_quantity': None}, 'normalized': {'diameter': None, 'thickness': None, 'arbor': None, 'product_type': None, 'pack_quantity': None}, 'confidence': {}, 'evidence': [], 'status': 'accepted'}",0
S3720,S3720 40w Inc A15 Med 26k,accepted,"{'mpn': 'S3720', 'manufacturer': 'Satco Prod Inc (5573)', 'manufacturer_candidate': 'Satco Prod Inc', 'brand_candidate': 'Satco', 'identity_query': 'S3720 Satco Prod Inc Satco', 'brands': ['Satco'], 'description': 'S3720 40w Inc A15 Med 26k'}","{'brand': 'Satco', 'source': 'structured_field', 'confidence': 0.99, 'candidates': ['Satco']}","{'value': 'Satco Prod Inc', 'score': 100.0, 'match': 'Satco Prod Inc'}","{'raw': {'diameter': None, 'thickness': None, 'arbor': None, 'product_type': None, 'pack_quantity': None}, 'normalized': {'diameter': None, 'thickness': None, 'arbor': None, 'product_type': None, 'pack_quantity': None}, 'confidence': {}, 'evidence': [], 'status': 'accepted'}",0
S3702,S3702 40W Incan Med 27K,accepted,"{'mpn': 'S3702', 'manufacturer': 'Satco Prod Inc (5573)', 'manufacturer_candidate': 'Satco Prod Inc', 'brand_candidate': 'Satco', 'identity_query': 'S3702 Satco Prod Inc Satco', 'brands': ['Satco'], 'description': 'S3702 40W Incan Med 27K'}","{'brand': 'Satco', 'source': 'structured_field', 'confidence': 0.99, 'candidates': ['Satco']}","{'value': 'Satco Prod Inc', 'score': 100.0, 'match': 'Satco Prod Inc'}","{'raw': {'diameter': None, 'thickness': None, 'arbor': None, 'product_type': None, 'pack_quantity': None}, 'normalized': {'diameter': None, 'thickness': None, 'arbor': None, 'product_type': None, 'pack_quantity': None}, 'confidence': {}, 'evidence': [], 'status': 'accepted'}",0
S3703,S3703 40W Incan Med 27K,accepted,"{'mpn': 'S3703', 'manufacturer': 'Satco Prod Inc (5573)', 'manufacturer_candidate': 'Satco Prod Inc', 'brand_candidate': 'Satco', 'identity_query': 'S3703 Satco Prod Inc Satco', 'brands': ['Satco'], 'description': 'S3703 40W Incan Med 27K'}","{'brand': 'Satco', 'source': 'structured_field', 'confidence': 0.99, 'candidates': ['Satco']}","{'value': 'Satco Prod Inc', 'score': 100.0, 'match': 'Satco Prod Inc'}","{'raw': {'diameter': None, 'thickness': None, 'arbor': None, 'product_type': None, 'pack_quantity': None}, 'normalized': {'diameter': None, 'thickness': None, 'arbor': None, 'product_type': None, 'pack_quantity': None}, 'confidence': {}, 'evidence': [], 'status': 'accepted'}",0
S3797,S3797 4W Incan Cand 27K 2pk,accepted,"{'mpn': 'S3797', 'manufacturer': 'Satco Prod Inc (5573)', 'manufacturer_candidate': 'Satco Prod Inc', 'brand_candidate': 'Satco', 'identity_query': 'S3797 Satco Prod Inc Satco', 'brands': ['Satco'], 'description': 'S3797 4W Incan Cand 27K 2pk'}","{'brand': 'Satco', 'source': 'structured_field', 'confidence': 0.99, 'candidates': ['Satco']}","{'value': 'Satco Prod Inc', 'score': 100.0, 'match': 'Satco Prod Inc'}","{'raw': {'diameter': None, 'thickness': None, 'arbor': None, 'product_type': None, 'pack_quantity': None}, 'normalized': {'diameter': None, 'thickness': None, 'arbor': None, 'product_type': None, 'pack_quantity': None}, 'confidence': {}, 'evidence': [], 'status': 'accepted'}",0
S4724,S4724 4W Incan Cand 27K 4pk,accepted,"{'mpn': 'S4724', 'manufacturer': 'Satco Prod Inc (5573)', 'manufacturer_candidate': 'Satco Prod Inc', 'brand_candidate': 'Satco', 'identity_query': 'S4724 Satco Prod Inc Satco', 'brands': ['Satco'], 'description': 'S4724 4W Incan Cand 27K 4pk'}","{'brand': 'Satco', 'source': 'structured_field', 'confidence': 0.99, 'candidates': ['Satco']}","{'value': 'Satco Prod Inc', 'score': 100.0, 'match': 'Satco Prod Inc'}","{'raw': {'diameter': None, 'thickness': None, 'arbor': None, 'product_type': None, 'pack_quantity': None}, 'normalized': {'diameter': None, 'thickness': None, 'arbor': None, 'product_type': None, 'pack_quantity': None}, 'confidence': {}, 'evidence': [], 'status': 'accepted'}",0
S4717,S4717 6W Incan Cand 27k 2pk,accepted,"{'mpn': 'S4717', 'manufacturer': 'Satco Prod Inc (5573)', 'manufacturer_candidate': 'Satco Prod Inc', 'brand_candidate': 'Satco', 'identity_query': 'S4717 Satco Prod Inc Satco', 'brands': ['Satco'], 'description': 'S4717 6W Incan Cand 27k 2pk'}","{'brand': 'Satco', 'source': 'structured_field', 'confidence': 0.99, 'candidates': ['Satco']}","{'value': 'Satco Prod Inc', 'score': 100.0, 'match': 'Satco Prod Inc'}","{'raw': {'diameter': None, 'thickness': None, 'arbor': None, 'product_type': None, 'pack_quantity': None}, 'normalized': {'diameter': None, 'thickness': None, 'arbor': None, 'product_type': None, 'pack_quantity': None}, 'confidence': {}, 'evidence': [], 'status': 'accepted'}",0
S3794,S3794 7W Incan Med 27K,accepted,"{'mpn': 'S3794', 'manufacturer': 'Satco Prod Inc (5573)', 'manufacturer_candidate': 'Satco Prod Inc', 'brand_candidate': 'Satco', 'identity_query': 'S3794 Satco Prod Inc Satco', 'brands': ['Satco'], 'description': 'S3794 7W Incan Med 27K'}","{'brand': 'Satco', 'source': 'structured_field', 'confidence': 0.99, 'candidates': ['Satco']}","{'value': 'Satco Prod Inc', 'score': 100.0, 'match': 'Satco Prod Inc'}","{'raw': {'diameter': None, 'thickness': None, 'arbor': None, 'product_type': None, 'pack_quantity': None}, 'normalized': {'diameter': None, 'thickness': None, 'arbor': None, 'product_type': None, 'pack_quantity': None}, 'confidence': {}, 'evidence': [], 'status': 'accepted'}",0
S3795,S3795 7W Incan Med 27K,accepted,"{'mpn': 'S3795', 'manufacturer': 'Satco Prod Inc (5573)', 'manufacturer_candidate': 'Satco Prod Inc', 'brand_candidate': 'Satco', 'identity_query': 'S3795 Satco Prod Inc Satco', 'brands': ['Satco'], 'description': 'S3795 7W Incan Med 27K'}","{'brand': 'Satco', 'source': 'structured_field', 'confidence': 0.99, 'candidates': ['Satco']}","{'value': 'Satco Prod Inc', 'score': 100.0, 'match': 'Satco Prod Inc'}","{'raw': {'diameter': None, 'thickness': None, 'arbor': None, 'product_type': None, 'pack_quantity': None}, 'normalized': {'diameter': None, 'thickness': None, 'arbor': None, 'product_type': None, 'pack_quantity': None}, 'confidence': {}, 'evidence': [], 'status': 'accepted'}",0
S4726,S4726 7W Incan Cand 27K 4pk,accepted,"{'mpn': 'S4726', 'manufacturer': 'Satco Prod Inc (5573)', 'manufacturer_candidate': 'Satco Prod Inc', 'brand_candidate': 'Satco', 'identity_query': 'S4726 Satco Prod Inc Satco', 'brands': ['Satco'], 'description': 'S4726 7W Incan Cand 27K 4pk'}","{'brand': 'Satco', 'source': 'structured_field', 'confidence': 0.99, 'candidates': ['Satco']}","{'value': 'Satco Prod Inc', 'score': 100.0, 'match': 'Satco Prod Inc'}","{'raw': {'diameter': None, 'thickness': None, 'arbor': None, 'product_type': None, 'pack_quantity': None}, 'normalized': {'diameter': None, 'thickness': None, 'arbor': None, 'product_type': None, 'pack_quantity': None}, 'confidence': {}, 'evidence': [], 'status': 'accepted'}",0
S11429,S11429 60W Led Bulb 27K,accepted,"{'mpn': 'S11429', 'manufacturer': 'Satco Prod Inc (5573)', 'manufacturer_candidate': 'Satco Prod Inc', 'brand_candidate': 'Satco', 'identity_query': 'S11429 Satco Prod Inc Satco', 'brands': ['Satco'], 'description': 'S11429 60W Led Bulb 27K'}","{'brand': 'Satco', 'source': 'structured_field', 'confidence': 0.99, 'candidates': ['Satco']}","{'value': 'Satco Prod Inc', 'score': 100.0, 'match': 'Satco Prod Inc'}","{'raw': {'diameter': None, 'thickness': None, 'arbor': None, 'product_type': None, 'pack_quantity': None}, 'normalized': {'diameter': None, 'thickness': None, 'arbor': None, 'product_type': None, 'pack_quantity': None}, 'confidence': {}, 'evidence': [], 'status': 'accepted'}",0
S21354,S21354 8W Led T9 Med 27k,accepted,"{'mpn': 'S21354', 'manufacturer': 'Satco Prod Inc (5573)', 'manufacturer_candidate': 'Satco Prod Inc', 'brand_candidate': None, 'identity_query': 'S21354 Satco Prod Inc', 'brands': [], 'description': 'S21354 8W Led T9 Med 27k'}","{'brand': None, 'source': None, 'confidence': 0.0, 'candidates': []}","{'value': 'Satco Prod Inc', 'score': 100.0, 'match': 'Satco Prod Inc'}","{'raw': {'diameter': None, 'thickness': None, 'arbor': None, 'product_type': None, 'pack_quantity': None}, 'normalized': {'diameter': None, 'thickness': None, 'arbor': None, 'product_type': None, 'pack_quantity': None}, 'confidence': {}, 'evidence': [], 'status': 'accepted'}",0
S21363,S21363 8W Led Edison ST19 27K,accepted,"{'mpn': 'S21363', 'manufacturer': 'Satco Prod Inc (5573)', 'manufacturer_candidate': 'Satco Prod Inc', 'brand_candidate': None, 'identity_query': 'S21363 Satco Prod Inc', 'brands': [], 'description': 'S21363 8W Led Edison ST19 27K'}","{'brand': None, 'source': None, 'confidence': 0.0, 'candidates': []}","{'value': 'Satco Prod Inc', 'score': 100.0, 'match': 'Satco Prod Inc'}","{'raw': {'diameter': None, 'thickness': None, 'arbor': None, 'product_type': None, 'pack_quantity': None}, 'normalized': {'diameter': None, 'thickness': None, 'arbor': None, 'product_type': None, 'pack_quantity': None}, 'confidence': {}, 'evidence': [], 'status': 'accepted'}",0
S11445,S11445 12W Led Med 30k Motion,accepted,"{'mpn': 'S11445', 'manufacturer': 'Satco Prod Inc (5573)', 'manufacturer_candidate': 'Satco Prod Inc', 'brand_candidate': None, 'identity_query': 'S11445 Satco Prod Inc', 'brands': [], 'description': 'S11445 12W Led Med 30k Motion'}","{'brand': None, 'source': None, 'confidence': 0.0, 'candidates': []}","{'value': 'Satco Prod Inc', 'score': 100.0, 'match': 'Satco Prod Inc'}","{'raw': {'diameter': None, 'thickness': None, 'arbor': None, 'product_type': None, 'pack_quantity': None}, 'normalized': {'diameter': None, 'thickness': None, 'arbor': None, 'product_type': None, 'pack_quantity': None}, 'confidence': {}, 'evidence': [], 'status': 'accepted'}",0
567313,567313 50W Led MR16 30K 3pk,accepted,"{'mpn': '567313', 'manufacturer': 'Phillips Lighting (5831)', 'manufacturer_candidate': 'Phillips Lighting', 'brand_candidate': 'Philips', 'identity_query': '567313 Phillips Lighting Philips', 'brands': ['Philips'], 'description': '567313 50W Led MR16 30K 3pk'}","{'brand': 'Philips', 'source': 'structured_field', 'confidence': 0.99, 'candidates': ['Philips']}","{'value': 'Phillips Lighting', 'score': 100.0, 'match': 'Phillips Lighting'}","{'raw': {'diameter': None, 'thickness': None, 'arbor': None, 'product_type': None, 'pack_quantity': None}, 'normalized': {'diameter': None, 'thickness': None, 'arbor': None, 'product_type': None, 'pack_quantity': None}, 'confidence': {}, 'evidence': [], 'status': 'accepted'}",0
586875,586875 60W Led Multi CCT 4pk,accepted,"{'mpn': '586875', 'manufacturer': 'Phillips Lighting (5831)', 'manufacturer_candidate': 'Phillips Lighting', 'brand_candidate': 'Philips', 'identity_query': '586875 Phillips Lighting Philips', 'brands': ['Philips'], 'description': '586875 60W Led Multi CCT 4pk'}","{'brand': 'Philips', 'source': 'structured_field', 'confidence': 0.99, 'candidates': ['Philips']}","{'value': 'Phillips Lighting', 'score': 100.0, 'match': 'Phillips Lighting'}","{'raw': {'diameter': None, 'thickness': None, 'arbor': None, 'product_type': None, 'pack_quantity': None}, 'normalized': {'diameter': None, 'thickness': None, 'arbor': None, 'product_type': None, 'pack_quantity': None}, 'confidence': {}, 'evidence': [], 'status': 'accepted'}",0
576355,576355 60/100/150 Led Med 50k,accepted,"{'mpn': '576355', 'manufacturer': 'Phillips Lighting (5831)', 'manufacturer_candidate': 'Phillips Lighting', 'brand_candidate': 'Philips', 'identity_query': '576355 Phillips Lighting Philips', 'brands': ['Philips'], 'description': '576355 60/100/150 Led Med 50k'}","{'brand': 'Philips', 'source': 'structured_field', 'confidence': 0.99, 'candidates': ['Philips']}","{'value': 'Phillips Lighting', 'score': 100.0, 'match': 'Phillips Lighting'}","{'raw': {'diameter': None, 'thickness': None, 'arbor': None, 'product_type': None, 'pack_quantity': None}, 'normalized': {'diameter': None, 'thickness': None, 'arbor': None, 'product_type': None, 'pack_quantity': None}, 'confidence': {}, 'evidence': [], 'status': 'accepted'}",0
576363,576363 100/150/200 Led Med 27k,accepted,"{'mpn': '576363', 'manufacturer': 'Phillips Lighting (5831)', 'manufacturer_candidate': 'Phillips Lighting', 'brand_candidate': 'Philips', 'identity_query': '576363 Phillips Lighting Philips', 'brands': ['Philips'], 'description': '576363 100/150/200 Led Med 27k'}","{'brand': 'Philips', 'source': 'structured_field', 'confidence': 0.99, 'candidates': ['Philips']}","{'value': 'Phillips Lighting', 'score': 100.0, 'match': 'Phillips Lighting'}","{'raw': {'diameter': None, 'thickness': None, 'arbor': None, 'product_type': None, 'pack_quantity': None}, 'normalized': {'diameter': None, 'thickness': None, 'arbor': None, 'product_type': None, 'pack_quantity': None}, 'confidence': {}, 'evidence': [], 'status': 'accepted'}",0
565374,565374 75W Led A19 Med 27k 4pk,accepted,"{'mpn': '565374', 'manufacturer': 'Phillips Lighting (5831)', 'manufacturer_candidate': 'Phillips Lighting', 'brand_candidate': 'Philips', 'identity_query': '565374 Phillips Lighting Philips', 'brands': ['Philips'], 'description': '565374 75W Led A19 Med 27k 4pk'}","{'brand': 'Philips', 'source': 'structured_field', 'confidence': 0.99, 'candidates': ['Philips']}","{'value': 'Phillips Lighting', 'score': 100.0, 'match': 'Phillips Lighting'}","{'raw': {'diameter': None, 'thickness': None, 'arbor': None, 'product_type': None, 'pack_quantity': None}, 'normalized': {'diameter': None, 'thickness': None, 'arbor': None, 'product_type': None, 'pack_quantity': None}, 'confidence': {}, 'evidence': [], 'status': 'accepted'}",0
565390,565390 75W Led A19 Med 50k 4pk,accepted,"{'mpn': '565390', 'manufacturer': 'Phillips Lighting (5831)', 'manufacturer_candidate': 'Phillips Lighting', 'brand_candidate': 'Philips', 'identity_query': '565390 Phillips Lighting Philips', 'brands': ['Philips'], 'description': '565390 75W Led A19 Med 50k 4pk'}","{'brand': 'Philips', 'source': 'structured_field', 'confidence': 0.99, 'candidates': ['Philips']}","{'value': 'Phillips Lighting', 'score': 100.0, 'match': 'Phillips Lighting'}","{'raw': {'diameter': None, 'thickness': None, 'arbor': None, 'product_type': None, 'pack_quantity': None}, 'normalized': {'diameter': None, 'thickness': None, 'arbor': None, 'product_type': None, 'pack_quantity': None}, 'confidence': {}, 'evidence': [], 'status': 'accepted'}",0
576371,576371 100/150/200 Led Med 50k,accepted,"{'mpn': '576371', 'manufacturer': 'Phillips Lighting (5831)', 'manufacturer_candidate': 'Phillips Lighting', 'brand_candidate': 'Philips', 'identity_query': '576371 Phillips Lighting Philips', 'brands': ['Philips'], 'description': '576371 100/150/200 Led Med 50k'}","{'brand': 'Philips', 'source': 'structured_field', 'confidence': 0.99, 'candidates': ['Philips']}","{'value': 'Phillips Lighting', 'score': 100.0, 'match': 'Phillips Lighting'}","{'raw': {'diameter': None, 'thickness': None, 'arbor': None, 'product_type': None, 'pack_quantity': None}, 'normalized': {'diameter': None, 'thickness': None, 'arbor': None, 'product_type': None, 'pack_quantity': None}, 'confidence': {}, 'evidence': [], 'status': 'accepted'}",0
576496,576496 45W Led R20 Med 27k,accepted,"{'mpn': '576496', 'manufacturer': 'Phillips Lighting (5831)', 'manufacturer_candidate': 'Phillips Lighting', 'brand_candidate': 'Philips', 'identity_query': '576496 Phillips Lighting Philips', 'brands': ['Philips'], 'description': '576496 45W Led R20 Med 27k'}","{'brand': 'Philips', 'source': 'structured_field', 'confidence': 0.99, 'candidates': ['Philips']}","{'value': 'Phillips Lighting', 'score': 100.0, 'match': 'Phillips Lighting'}","{'raw': {'diameter': None, 'thickness': None, 'arbor': None, 'product_type': None, 'pack_quantity': None}, 'normalized': {'diameter': None, 'thickness': None, 'arbor': None, 'product_type': None, 'pack_quantity': None}, 'confidence': {}, 'evidence': [], 'status': 'accepted'}",0
564856,564856 40W Led ST19 27k 2pk,accepted,"{'mpn': '564856', 'manufacturer': 'Phillips Lighting (5831)', 'manufacturer_candidate': 'Phillips Lighting', 'brand_candidate': 'Philips', 'identity_query': '564856 Phillips Lighting Philips', 'brands': ['Philips'], 'description': '564856 40W Led ST19 27k 2pk'}","{'brand': 'Philips', 'source': 'structured_field', 'confidence': 0.99, 'candidates': ['Philips']}","{'value': 'Phillips Lighting', 'score': 100.0, 'match': 'Phillips Lighting'}","{'raw': {'diameter': None, 'thickness': None, 'arbor': None, 'product_type': None, 'pack_quantity': None}, 'normalized': {'diameter': None, 'thickness': None, 'arbor': None, 'product_type': None, 'pack_quantity': None}, 'confidence': {}, 'evidence': [], 'status': 'accepted'}",0
565796,565796 60W Led A19 Med 20k,accepted,"{'mpn': '565796', 'manufacturer': 'Phillips Lighting (5831)', 'manufacturer_candidate': 'Phillips Lighting', 'brand_candidate': 'Philips', 'identity_query': '565796 Phillips Lighting Philips', 'brands': ['Philips'], 'description': '565796 60W Led A19 Med 20k'}","{'brand': 'Philips', 'source': 'structured_field', 'confidence': 0.99, 'candidates': ['Philips']}","{'value': 'Phillips Lighting', 'score': 100.0, 'match': 'Phillips Lighting'}","{'raw': {'diameter': None, 'thickness': None, 'arbor': None, 'product_type': None, 'pack_quantity': None}, 'normalized': {'diameter': None, 'thickness': None, 'arbor': None, 'product_type': None, 'pack_quantity': None}, 'confidence': {}, 'evidence': [], 'status': 'accepted'}",0
576389,576389 100/200/300 Led Med 27k,accepted,"{'mpn': '576389', 'manufacturer': 'Phillips Lighting (5831)', 'manufacturer_candidate': 'Phillips Lighting', 'brand_candidate': 'Philips', 'identity_query': '576389 Phillips Lighting Philips', 'brands': ['Philips'], 'description': '576389 100/200/300 Led Med 27k'}","{'brand': 'Philips', 'source': 'structured_field', 'confidence': 0.99, 'candidates': ['Philips']}","{'value': 'Phillips Lighting', 'score': 100.0, 'match': 'Phillips Lighting'}","{'raw': {'diameter': None, 'thickness': None, 'arbor': None, 'product_type': None, 'pack_quantity': None}, 'normalized': {'diameter': None, 'thickness': None, 'arbor': None, 'product_type': None, 'pack_quantity': None}, 'confidence': {}, 'evidence': [], 'status': 'accepted'}",0
564492,564492 75W Adj Base 27k 3pk,accepted,"{'mpn': '564492', 'manufacturer': 'Phillips Lighting (5831)', 'manufacturer_candidate': 'Phillips Lighting', 'brand_candidate': 'Philips', 'identity_query': '564492 Phillips Lighting Philips', 'brands': ['Philips'], 'description': '564492 75W Adj Base 27k 3pk'}","{'brand': 'Philips', 'source': 'structured_field', 'confidence': 0.99, 'candidates': ['Philips']}","{'value': 'Phillips Lighting', 'score': 100.0, 'match': 'Phillips Lighting'}","{'raw': {'diameter': None, 'thickness': None, 'arbor': None, 'product_type': None, 'pack_quantity': None}, 'normalized': {'diameter': None, 'thickness': None, 'arbor': None, 'product_type': None, 'pack_quantity': None}, 'confidence': {}, 'evidence': [], 'status': 'accepted'}",0
603449,603449 Wiz 60W Led Med Clr Ch,accepted,"{'mpn': '603449', 'manufacturer': 'Phillips Lighting (5831)', 'manufacturer_candidate': 'Phillips Lighting', 'brand_candidate': 'Wiz', 'identity_query': '603449 Phillips Lighting Wiz', 'brands': ['Wiz'], 'description': '603449 Wiz 60W Led Med Clr Ch'}","{'brand': 'Wiz', 'source': 'structured_field', 'confidence': 0.99, 'candidates': ['Wiz']}","{'value': 'Phillips Lighting', 'score': 100.0, 'match': 'Phillips Lighting'}","{'raw': {'diameter': None, 'thickness': None, 'arbor': None, 'product_type': None, 'pack_quantity': None}, 'normalized': {'diameter': None, 'thickness': None, 'arbor': None, 'product_type': None, 'pack_quantity': None}, 'confidence': {}, 'evidence': [], 'status': 'accepted'}",0
586909,586909 Led 60W Med A19 27K,accepted,"{'mpn': '586909', 'manufacturer': 'Phillips Lighting (5831)', 'manufacturer_candidate': 'Phillips Lighting', 'brand_candidate': 'Philips', 'identity_query': '586909 Phillips Lighting Philips', 'brands': ['Philips'], 'description': '586909 Led 60W Med A19 27K'}","{'brand': 'Philips', 'source': 'structured_field', 'confidence': 0.99, 'candidates': ['Philips']}","{'value': 'Phillips Lighting', 'score': 100.0, 'match': 'Phillips Lighting'}","{'raw': {'diameter': None, 'thickness': None, 'arbor': None, 'product_type': None, 'pack_quantity': None}, 'normalized': {'diameter': None, 'thickness': None, 'arbor': None, 'product_type': None, 'pack_quantity': None}, 'confidence': {}, 'evidence': [], 'status': 'accepted'}",0
566364,566364 75W Led ST19 27k 4pk,accepted,"{'mpn': '566364', 'manufacturer': 'Phillips Lighting (5831)', 'manufacturer_candidate': 'Phillips Lighting', 'brand_candidate': 'Philips', 'identity_query': '566364 Phillips Lighting Philips', 'brands': ['Philips'], 'description': '566364 75W Led ST19 27k 4pk'}","{'brand': 'Philips', 'source': 'structured_field', 'confidence': 0.99, 'candidates': ['Philips']}","{'value': 'Phillips Lighting', 'score': 100.0, 'match': 'Phillips Lighting'}","{'raw': {'diameter': None, 'thickness': None, 'arbor': None, 'product_type': None, 'pack_quantity': None}, 'normalized': {'diameter': None, 'thickness': None, 'arbor': None, 'product_type': None, 'pack_quantity': None}, 'confidence': {}, 'evidence': [], 'status': 'accepted'}",0
576397,576394 100/200/300 Led A23 50k,accepted,"{'mpn': '576397', 'manufacturer': 'Phillips Lighting (5831)', 'manufacturer_candidate': 'Phillips Lighting', 'brand_candidate': 'Philips', 'identity_query': '576397 Phillips Lighting Philips', 'brands': ['Philips'], 'description': '576394 100/200/300 Led A23 50k'}","{'brand': 'Philips', 'source': 'structured_field', 'confidence': 0.99, 'candidates': ['Philips']}","{'value': 'Phillips Lighting', 'score': 100.0, 'match': 'Phillips Lighting'}","{'raw': {'diameter': None, 'thickness': None, 'arbor': None, 'product_type': None, 'pack_quantity': None}, 'normalized': {'diameter': None, 'thickness': None, 'arbor': None, 'product_type': None, 'pack_quantity': None}, 'confidence': {}, 'evidence': [], 'status': 'accepted'}",0
571497,571497 150W Led Med 27k,accepted,"{'mpn': '571497', 'manufacturer': 'Phillips Lighting (5831)', 'manufacturer_candidate': 'Phillips Lighting', 'brand_candidate': 'Philips', 'identity_query': '571497 Phillips Lighting Philips', 'brands': ['Philips'], 'description': '571497 150W Led Med 27k'}","{'brand': 'Philips', 'source': 'structured_field', 'confidence': 0.99, 'candidates': ['Philips']}","{'value': 'Phillips Lighting', 'score': 100.0, 'match': 'Phillips Lighting'}","{'raw': {'diameter': None, 'thickness': None, 'arbor': None, 'product_type': None, 'pack_quantity': None}, 'normalized': {'diameter': None, 'thickness': None, 'arbor': None, 'product_type': None, 'pack_quantity': None}, 'confidence': {}, 'evidence': [], 'status': 'accepted'}",0
576306,576306 40W Led A19 5CCT 4pk,accepted,"{'mpn': '576306', 'manufacturer': 'Phillips Lighting (5831)', 'manufacturer_candidate': 'Phillips Lighting', 'brand_candidate': 'Philips', 'identity_query': '576306 Phillips Lighting Philips', 'brands': ['Philips'], 'description': '576306 40W Led A19 5CCT 4pk'}","{'brand': 'Philips', 'source': 'structured_field', 'confidence': 0.99, 'candidates': ['Philips']}","{'value': 'Phillips Lighting', 'score': 100.0, 'match': 'Phillips Lighting'}","{'raw': {'diameter': None, 'thickness': None, 'arbor': None, 'product_type': None, 'pack_quantity': None}, 'normalized': {'diameter': None, 'thickness': None, 'arbor': None, 'product_type': None, 'pack_quantity': None}, 'confidence': {}, 'evidence': [], 'status': 'accepted'}",0
588533,588533 40W Led Cand 3pk,accepted,"{'mpn': '588533', 'manufacturer': 'Phillips Lighting (5831)', 'manufacturer_candidate': 'Phillips Lighting', 'brand_candidate': 'Philips', 'identity_query': '588533 Phillips Lighting Philips', 'brands': ['Philips'], 'description': '588533 40W Led Cand 3pk'}","{'brand': 'Philips', 'source': 'structured_field', 'confidence': 0.99, 'candidates': ['Philips']}","{'value': 'Phillips Lighting', 'score': 100.0, 'match': 'Phillips Lighting'}","{'raw': {'diameter': None, 'thickness': None, 'arbor': None, 'product_type': None, 'pack_quantity': None}, 'normalized': {'diameter': None, 'thickness': None, 'arbor': None, 'product_type': None, 'pack_quantity': None}, 'confidence': {}, 'evidence': [], 'status': 'accepted'}",0
576520,576520 65W Led Med 27k,accepted,"{'mpn': '576520', 'manufacturer': 'Phillips Lighting (5831)', 'manufacturer_candidate': 'Phillips Lighting', 'brand_candidate': 'Philips', 'identity_query': '576520 Phillips Lighting Philips', 'brands': ['Philips'], 'description': '576520 65W Led Med 27k'}","{'brand': 'Philips', 'source': 'structured_field', 'confidence': 0.99, 'candidates': ['Philips']}","{'value': 'Phillips Lighting', 'score': 100.0, 'match': 'Phillips Lighting'}","{'raw': {'diameter': None, 'thickness': None, 'arbor': None, 'product_type': None, 'pack_quantity': None}, 'normalized': {'diameter': None, 'thickness': None, 'arbor': None, 'product_type': None, 'pack_quantity': None}, 'confidence': {}, 'evidence': [], 'status': 'accepted'}",0
574004,574004 75W Led ST19 27k 2pk,accepted,"{'mpn': '574004', 'manufacturer': 'Phillips Lighting (5831)', 'manufacturer_candidate': 'Phillips Lighting', 'brand_candidate': 'Philips', 'identity_query': '574004 Phillips Lighting Philips', 'brands': ['Philips'], 'description': '574004 75W Led ST19 27k 2pk'}","{'brand': 'Philips', 'source': 'structured_field', 'confidence': 0.99, 'candidates': ['Philips']}","{'value': 'Phillips Lighting', 'score': 100.0, 'match': 'Phillips Lighting'}","{'raw': {'diameter': None, 'thickness': None, 'arbor': None, 'product_type': None, 'pack_quantity': None}, 'normalized': {'diameter': None, 'thickness': None, 'arbor': None, 'product_type': None, 'pack_quantity': None}, 'confidence': {}, 'evidence': [], 'status': 'accepted'}",0
574012,574012 75W Led ST19 50k 2pk,accepted,"{'mpn': '574012', 'manufacturer': 'Phillips Lighting (5831)', 'manufacturer_candidate': 'Phillips Lighting', 'brand_candidate': 'Philips', 'identity_query': '574012 Phillips Lighting Philips', 'brands': ['Philips'], 'description': '574012 75W Led ST19 50k 2pk'}","{'brand': 'Philips', 'source': 'structured_field', 'confidence': 0.99, 'candidates': ['Philips']}","{'value': 'Phillips Lighting', 'score': 100.0, 'match': 'Phillips Lighting'}","{'raw': {'diameter': None, 'thickness': None, 'arbor': None, 'product_type': None, 'pack_quantity': None}, 'normalized': {'diameter': None, 'thickness': None, 'arbor': None, 'product_type': None, 'pack_quantity': None}, 'confidence': {}, 'evidence': [], 'status': 'accepted'}",0
573971,573971 75W Led ST19 20k 4pk,accepted,"{'mpn': '573971', 'manufacturer': 'Phillips Lighting (5831)', 'manufacturer_candidate': 'Phillips Lighting', 'brand_candidate': 'Philips', 'identity_query': '573971 Phillips Lighting Philips', 'brands': ['Philips'], 'description': '573971 75W Led ST19 20k 4pk'}","{'brand': 'Philips', 'source': 'structured_field', 'confidence': 0.99, 'candidates': ['Philips']}","{'value': 'Phillips Lighting', 'score': 100.0, 'match': 'Phillips Lighting'}","{'raw': {'diameter': None, 'thickness': None, 'arbor': None, 'product_type': None, 'pack_quantity': None}, 'normalized': {'diameter': None, 'thickness': None, 'arbor': None, 'product_type': None, 'pack_quantity': None}, 'confidence': {}, 'evidence': [], 'status': 'accepted'}",0
573989,573989 40W Led Med 27K 4pk,accepted,"{'mpn': '573989', 'manufacturer': 'Phillips Lighting (5831)', 'manufacturer_candidate': 'Phillips Lighting', 'brand_candidate': 'Philips', 'identity_query': '573989 Phillips Lighting Philips', 'brands': ['Philips'], 'description': '573989 40W Led Med 27K 4pk'}","{'brand': 'Philips', 'source': 'structured_field', 'confidence': 0.99, 'candidates': ['Philips']}","{'value': 'Phillips Lighting', 'score': 100.0, 'match': 'Phillips Lighting'}","{'raw': {'diameter': None, 'thickness': None, 'arbor': None, 'product_type': None, 'pack_quantity': None}, 'normalized': {'diameter': None, 'thickness': None, 'arbor': None, 'product_type': None, 'pack_quantity': None}, 'confidence': {}, 'evidence': [], 'status': 'accepted'}",0
576769,576769 65W Led BR30 Med 27k,accepted,"{'mpn': '576769', 'manufacturer': 'Phillips Lighting (5831)', 'manufacturer_candidate': 'Phillips Lighting', 'brand_candidate': 'Philips', 'identity_query': '576769 Phillips Lighting Philips', 'brands': ['Philips'], 'description': '576769 65W Led BR30 Med 27k'}","{'brand': 'Philips', 'source': 'structured_field', 'confidence': 0.99, 'candidates': ['Philips']}","{'value': 'Phillips Lighting', 'score': 100.0, 'match': 'Phillips Lighting'}","{'raw': {'diameter': None, 'thickness': None, 'arbor': None, 'product_type': None, 'pack_quantity': None}, 'normalized': {'diameter': None, 'thickness': None, 'arbor': None, 'product_type': None, 'pack_quantity': None}, 'confidence': {}, 'evidence': [], 'status': 'accepted'}",0
567446,567446 60W Led Med 50K 3pk,accepted,"{'mpn': '567446', 'manufacturer': 'Phillips Lighting (5831)', 'manufacturer_candidate': 'Phillips Lighting', 'brand_candidate': 'Philips', 'identity_query': '567446 Phillips Lighting Philips', 'brands': ['Philips'], 'description': '567446 60W Led Med 50K 3pk'}","{'brand': 'Philips', 'source': 'structured_field', 'confidence': 0.99, 'candidates': ['Philips']}","{'value': 'Phillips Lighting', 'score': 100.0, 'match': 'Phillips Lighting'}","{'raw': {'diameter': None, 'thickness': None, 'arbor': None, 'product_type': None, 'pack_quantity': None}, 'normalized': {'diameter': None, 'thickness': None, 'arbor': None, 'product_type': None, 'pack_quantity': None}, 'confidence': {}, 'evidence': [], 'status': 'accepted'}",0
573997,573997 40W Led Med 50k 4pk,accepted,"{'mpn': '573997', 'manufacturer': 'Phillips Lighting (5831)', 'manufacturer_candidate': 'Phillips Lighting', 'brand_candidate': 'Philips', 'identity_query': '573997 Phillips Lighting Philips', 'brands': ['Philips'], 'description': '573997 40W Led Med 50k 4pk'}","{'brand': 'Philips', 'source': 'structured_field', 'confidence': 0.99, 'candidates': ['Philips']}","{'value': 'Phillips Lighting', 'score': 100.0, 'match': 'Phillips Lighting'}","{'raw': {'diameter': None, 'thickness': None, 'arbor': None, 'product_type': None, 'pack_quantity': None}, 'normalized': {'diameter': None, 'thickness': None, 'arbor': None, 'product_type': None, 'pack_quantity': None}, 'confidence': {}, 'evidence': [], 'status': 'accepted'}",0
571463,571463 100W Led BR30 Med 50k,accepted,"{'mpn': '571463', 'manufacturer': 'Phillips Lighting (5831)', 'manufacturer_candidate': 'Phillips Lighting', 'brand_candidate': 'Philips', 'identity_query': '571463 Phillips Lighting Philips', 'brands': ['Philips'], 'description': '571463 100W Led BR30 Med 50k'}","{'brand': 'Philips', 'source': 'structured_field', 'confidence': 0.99, 'candidates': ['Philips']}","{'value': 'Phillips Lighting', 'score': 100.0, 'match': 'Phillips Lighting'}","{'raw': {'diameter': None, 'thickness': None, 'arbor': None, 'product_type': None, 'pack_quantity': None}, 'normalized': {'diameter': None, 'thickness': None, 'arbor': None, 'product_type': None, 'pack_quantity': None}, 'confidence': {}, 'evidence': [], 'status': 'accepted'}",0
576512,576512 65W Led BR40 Med 27k,accepted,"{'mpn': '576512', 'manufacturer': 'Phillips Lighting (5831)', 'manufacturer_candidate': 'Phillips Lighting', 'brand_candidate': 'Philips', 'identity_query': '576512 Phillips Lighting Philips', 'brands': ['Philips'], 'description': '576512 65W Led BR40 Med 27k'}","{'brand': 'Philips', 'source': 'structured_field', 'confidence': 0.99, 'candidates': ['Philips']}","{'value': 'Phillips Lighting', 'score': 100.0, 'match': 'Phillips Lighting'}","{'raw': {'diameter': None, 'thickness': None, 'arbor': None, 'product_type': None, 'pack_quantity': None}, 'normalized': {'diameter': None, 'thickness': None, 'arbor': None, 'product_type': None, 'pack_quantity': None}, 'confidence': {}, 'evidence': [], 'status': 'accepted'}",0
581181,581181 40W Led Med 2pk,accepted,"{'mpn': '581181', 'manufacturer': 'Phillips Lighting (5831)', 'manufacturer_candidate': 'Phillips Lighting', 'brand_candidate': 'Philips', 'identity_query': '581181 Phillips Lighting Philips', 'brands': ['Philips'], 'description': '581181 40W Led Med 2pk'}","{'brand': 'Philips', 'source': 'structured_field', 'confidence': 0.99, 'candidates': ['Philips']}","{'value': 'Phillips Lighting', 'score': 100.0, 'match': 'Phillips Lighting'}","{'raw': {'diameter': None, 'thickness': None, 'arbor': None, 'product_type': None, 'pack_quantity': None}, 'normalized': {'diameter': None, 'thickness': None, 'arbor': None, 'product_type': None, 'pack_quantity': None}, 'confidence': {}, 'evidence': [], 'status': 'accepted'}",0
GT-CB-100C,GTCB100C Led 100W Cob Bulb,accepted,"{'mpn': 'GT-CB-100C', 'manufacturer': 'Keystone (5702)', 'manufacturer_candidate': 'Keystone', 'brand_candidate': 'GT-Lite', 'identity_query': 'GT-CB-100C Keystone GT-Lite', 'brands': ['GT-Lite'], 'description': 'GTCB100C Led 100W Cob Bulb'}","{'brand': 'GT-Lite', 'source': 'structured_field', 'confidence': 0.99, 'candidates': ['GT-Lite']}","{'value': 'Keystone', 'score': 100.0, 'match': 'Keystone'}","{'raw': {'diameter': None, 'thickness': None, 'arbor': None, 'product_type': None, 'pack_quantity': None}, 'normalized': {'diameter': None, 'thickness': None, 'arbor': None, 'product_type': None, 'pack_quantity': None}, 'confidence': {}, 'evidence': [], 'status': 'accepted'}",0
566430,566430 75W Led Med 50k 4pk,accepted,"{'mpn': '566430', 'manufacturer': 'Phillips Lighting (5831)', 'manufacturer_candidate': 'Phillips Lighting', 'brand_candidate': 'Philips', 'identity_query': '566430 Phillips Lighting Philips', 'brands': ['Philips'], 'description': '566430 75W Led Med 50k 4pk'}","{'brand': 'Philips', 'source': 'structured_field', 'confidence': 0.99, 'candidates': ['Philips']}","{'value': 'Phillips Lighting', 'score': 100.0, 'match': 'Phillips Lighting'}","{'raw': {'diameter': None, 'thickness': None, 'arbor': None, 'product_type': None, 'pack_quantity': None}, 'normalized': {'diameter': None, 'thickness': None, 'arbor': None, 'product_type': None, 'pack_quantity': None}, 'confidence': {}, 'evidence': [], 'status': 'accepted'}",0
568337,568337 120W Led Par38 Med 50k,accepted,"{'mpn': '568337', 'manufacturer': 'Phillips Lighting (5831)', 'manufacturer_candidate': 'Phillips Lighting', 'brand_candidate': 'Philips', 'identity_query': '568337 Phillips Lighting Philips', 'brands': ['Philips'], 'description': '568337 120W Led Par38 Med 50k'}","{'brand': 'Philips', 'source': 'structured_field', 'confidence': 0.99, 'candidates': ['Philips']}","{'value': 'Phillips Lighting', 'score': 100.0, 'match': 'Phillips Lighting'}","{'raw': {'diameter': None, 'thickness': None, 'arbor': None, 'product_type': None, 'pack_quantity': None}, 'normalized': {'diameter': None, 'thickness': None, 'arbor': None, 'product_type': None, 'pack_quantity': None}, 'confidence': {}, 'evidence': [], 'status': 'accepted'}",0
565788,565788 40W Led A19 Med 27k,accepted,"{'mpn': '565788', 'manufacturer': 'Phillips Lighting (5831)', 'manufacturer_candidate': 'Phillips Lighting', 'brand_candidate': 'Philips', 'identity_query': '565788 Phillips Lighting Philips', 'brands': ['Philips'], 'description': '565788 40W Led A19 Med 27k'}","{'brand': 'Philips', 'source': 'structured_field', 'confidence': 0.99, 'candidates': ['Philips']}","{'value': 'Phillips Lighting', 'score': 100.0, 'match': 'Phillips Lighting'}","{'raw': {'diameter': None, 'thickness': None, 'arbor': None, 'product_type': None, 'pack_quantity': None}, 'normalized': {'diameter': None, 'thickness': None, 'arbor': None, 'product_type': None, 'pack_quantity': None}, 'confidence': {}, 'evidence': [], 'status': 'accepted'}",0
565770,565770 40W Led A19 Med 50k,accepted,"{'mpn': '565770', 'manufacturer': 'Phillips Lighting (5831)', 'manufacturer_candidate': 'Phillips Lighting', 'brand_candidate': 'Philips', 'identity_query': '565770 Phillips Lighting Philips', 'brands': ['Philips'], 'description': '565770 40W Led A19 Med 50k'}","{'brand': 'Philips', 'source': 'structured_field', 'confidence': 0.99, 'candidates': ['Philips']}","{'value': 'Phillips Lighting', 'score': 100.0, 'match': 'Phillips Lighting'}","{'raw': {'diameter': None, 'thickness': None, 'arbor': None, 'product_type': None, 'pack_quantity': None}, 'normalized': {'diameter': None, 'thickness': None, 'arbor': None, 'product_type': None, 'pack_quantity': None}, 'confidence': {}, 'evidence': [], 'status': 'accepted'}",0
573436,573436 60W Led A19 Med 27k 2pk,accepted,"{'mpn': '573436', 'manufacturer': 'Phillips Lighting (5831)', 'manufacturer_candidate': 'Phillips Lighting', 'brand_candidate': 'Philips', 'identity_query': '573436 Phillips Lighting Philips', 'brands': ['Philips'], 'description': '573436 60W Led A19 Med 27k 2pk'}","{'brand': 'Philips', 'source': 'structured_field', 'confidence': 0.99, 'candidates': ['Philips']}","{'value': 'Phillips Lighting', 'score': 100.0, 'match': 'Phillips Lighting'}","{'raw': {'diameter': None, 'thickness': None, 'arbor': None, 'product_type': None, 'pack_quantity': None}, 'normalized': {'diameter': None, 'thickness': None, 'arbor': None, 'product_type': None, 'pack_quantity': None}, 'confidence': {}, 'evidence': [], 'status': 'accepted'}",0
576538,576538 65W Led BR30 Med 50k,accepted,"{'mpn': '576538', 'manufacturer': 'Phillips Lighting (5831)', 'manufacturer_candidate': 'Phillips Lighting', 'brand_candidate': 'Philips', 'identity_query': '576538 Phillips Lighting Philips', 'brands': ['Philips'], 'description': '576538 65W Led BR30 Med 50k'}","{'brand': 'Philips', 'source': 'structured_field', 'confidence': 0.99, 'candidates': ['Philips']}","{'value': 'Phillips Lighting', 'score': 100.0, 'match': 'Phillips Lighting'}","{'raw': {'diameter': None, 'thickness': None, 'arbor': None, 'product_type': None, 'pack_quantity': None}, 'normalized': {'diameter': None, 'thickness': None, 'arbor': None, 'product_type': None, 'pack_quantity': None}, 'confidence': {}, 'evidence': [], 'status': 'accepted'}",0
573451,573451 40W Led Med 27k 2pk,accepted,"{'mpn': '573451', 'manufacturer': 'Phillips Lighting (5831)', 'manufacturer_candidate': 'Phillips Lighting', 'brand_candidate': 'Philips', 'identity_query': '573451 Phillips Lighting Philips', 'brands': ['Philips'], 'description': '573451 40W Led Med 27k 2pk'}","{'brand': 'Philips', 'source': 'structured_field', 'confidence': 0.99, 'candidates': ['Philips']}","{'value': 'Phillips Lighting', 'score': 100.0, 'match': 'Phillips Lighting'}","{'raw': {'diameter': None, 'thickness': None, 'arbor': None, 'product_type': None, 'pack_quantity': None}, 'normalized': {'diameter': None, 'thickness': None, 'arbor': None, 'product_type': None, 'pack_quantity': None}, 'confidence': {}, 'evidence': [], 'status': 'accepted'}",0
586883,586883 100W Led Multi CCT 2pk,accepted,"{'mpn': '586883', 'manufacturer': 'Phillips Lighting (5831)', 'manufacturer_candidate': 'Phillips Lighting', 'brand_candidate': 'Philips', 'identity_query': '586883 Phillips Lighting Philips', 'brands': ['Philips'], 'description': '586883 100W Led Multi CCT 2pk'}","{'brand': 'Philips', 'source': 'structured_field', 'confidence': 0.99, 'candidates': ['Philips']}","{'value': 'Phillips Lighting', 'score': 100.0, 'match': 'Phillips Lighting'}","{'raw': {'diameter': None, 'thickness': None, 'arbor': None, 'product_type': None, 'pack_quantity': None}, 'normalized': {'diameter': None, 'thickness': None, 'arbor': None, 'product_type': None, 'pack_quantity': None}, 'confidence': {}, 'evidence': [], 'status': 'accepted'}",0
586859,586859 40W Led Med 27K Back Up,accepted,"{'mpn': '586859', 'manufacturer': 'Phillips Lighting (5831)', 'manufacturer_candidate': 'Phillips Lighting', 'brand_candidate': 'Philips', 'identity_query': '586859 Phillips Lighting Philips', 'brands': ['Philips'], 'description': '586859 40W Led Med 27K Back Up'}","{'brand': 'Philips', 'source': 'structured_field', 'confidence': 0.99, 'candidates': ['Philips']}","{'value': 'Phillips Lighting', 'score': 100.0, 'match': 'Phillips Lighting'}","{'raw': {'diameter': None, 'thickness': None, 'arbor': None, 'product_type': None, 'pack_quantity': None}, 'normalized': {'diameter': None, 'thickness': None, 'arbor': None, 'product_type': None, 'pack_quantity': None}, 'confidence': {}, 'evidence': [], 'status': 'accepted'}",0
576488,576488 45W Led R20 Med 50k,accepted,"{'mpn': '576488', 'manufacturer': 'Phillips Lighting (5831)', 'manufacturer_candidate': 'Phillips Lighting', 'brand_candidate': 'Philips', 'identity_query': '576488 Phillips Lighting Philips', 'brands': ['Philips'], 'description': '576488 45W Led R20 Med 50k'}","{'brand': 'Philips', 'source': 'structured_field', 'confidence': 0.99, 'candidates': ['Philips']}","{'value': 'Phillips Lighting', 'score': 100.0, 'match': 'Phillips Lighting'}","{'raw': {'diameter': None, 'thickness': None, 'arbor': None, 'product_type': None, 'pack_quantity': None}, 'normalized': {'diameter': None, 'thickness': None, 'arbor': None, 'product_type': None, 'pack_quantity': None}, 'confidence': {}, 'evidence': [], 'status': 'accepted'}",0
575217,575217 60W Led Med 50k 2pk,accepted,"{'mpn': '575217', 'manufacturer': 'Phillips Lighting (5831)', 'manufacturer_candidate': 'Phillips Lighting', 'brand_candidate': 'Philips', 'identity_query': '575217 Phillips Lighting Philips', 'brands': ['Philips'], 'description': '575217 60W Led Med 50k 2pk'}","{'brand': 'Philips', 'source': 'structured_field', 'confidence': 0.99, 'candidates': ['Philips']}","{'value': 'Phillips Lighting', 'score': 100.0, 'match': 'Phillips Lighting'}","{'raw': {'diameter': None, 'thickness': None, 'arbor': None, 'product_type': None, 'pack_quantity': None}, 'normalized': {'diameter': None, 'thickness': None, 'arbor': None, 'product_type': None, 'pack_quantity': None}, 'confidence': {}, 'evidence': [], 'status': 'accepted'}",0
586479,586479 90W Led Med Multi CCT,accepted,"{'mpn': '586479', 'manufacturer': 'Phillips Lighting (5831)', 'manufacturer_candidate': 'Phillips Lighting', 'brand_candidate': 'Philips', 'identity_query': '586479 Phillips Lighting Philips', 'brands': ['Philips'], 'description': '586479 90W Led Med Multi CCT'}","{'brand': 'Philips', 'source': 'structured_field', 'confidence': 0.99, 'candidates': ['Philips']}","{'value': 'Phillips Lighting', 'score': 100.0, 'match': 'Phillips Lighting'}","{'raw': {'diameter': None, 'thickness': None, 'arbor': None, 'product_type': None, 'pack_quantity': None}, 'normalized': {'diameter': None, 'thickness': None, 'arbor': None, 'product_type': None, 'pack_quantity': None}, 'confidence': {}, 'evidence': [], 'status': 'accepted'}",0
571471,571471 100W Led BR30 Med 27k,accepted,"{'mpn': '571471', 'manufacturer': 'Phillips Lighting (5831)', 'manufacturer_candidate': 'Phillips Lighting', 'brand_candidate': 'Philips', 'identity_query': '571471 Phillips Lighting Philips', 'brands': ['Philips'], 'description': '571471 100W Led BR30 Med 27k'}","{'brand': 'Philips', 'source': 'structured_field', 'confidence': 0.99, 'candidates': ['Philips']}","{'value': 'Phillips Lighting', 'score': 100.0, 'match': 'Phillips Lighting'}","{'raw': {'diameter': None, 'thickness': None, 'arbor': None, 'product_type': None, 'pack_quantity': None}, 'normalized': {'diameter': None, 'thickness': None, 'arbor': None, 'product_type': None, 'pack_quantity': None}, 'confidence': {}, 'evidence': [], 'status': 'accepted'}",0
570762,570762 50W Led Par16 30k 3pk,accepted,"{'mpn': '570762', 'manufacturer': 'Phillips Lighting (5831)', 'manufacturer_candidate': 'Phillips Lighting', 'brand_candidate': 'Philips', 'identity_query': '570762 Phillips Lighting Philips', 'brands': ['Philips'], 'description': '570762 50W Led Par16 30k 3pk'}","{'brand': 'Philips', 'source': 'structured_field', 'confidence': 0.99, 'candidates': ['Philips']}","{'value': 'Phillips Lighting', 'score': 100.0, 'match': 'Phillips Lighting'}","{'raw': {'diameter': None, 'thickness': None, 'arbor': None, 'product_type': None, 'pack_quantity': None}, 'normalized': {'diameter': None, 'thickness': None, 'arbor': None, 'product_type': None, 'pack_quantity': None}, 'confidence': {}, 'evidence': [], 'status': 'accepted'}",0
533352,571505 150W Led Med 50k,accepted,"{'mpn': '533352', 'manufacturer': 'Phillips Lighting (5831)', 'manufacturer_candidate': 'Phillips Lighting', 'brand_candidate': 'Philips', 'identity_query': '533352 Phillips Lighting Philips', 'brands': ['Philips'], 'description': '571505 150W Led Med 50k'}","{'brand': 'Philips', 'source': 'structured_field', 'confidence': 0.99, 'candidates': ['Philips']}","{'value': 'Phillips Lighting', 'score': 100.0, 'match': 'Phillips Lighting'}","{'raw': {'diameter': None, 'thickness': None, 'arbor': None, 'product_type': None, 'pack_quantity': None}, 'normalized': {'diameter': None, 'thickness': None, 'arbor': None, 'product_type': None, 'pack_quantity': None}, 'confidence': {}, 'evidence': [], 'status': 'accepted'}",0
573519,573519 100W Led A21 27k 2pk,accepted,"{'mpn': '573519', 'manufacturer': 'Phillips Lighting (5831)', 'manufacturer_candidate': 'Phillips Lighting', 'brand_candidate': 'Philips', 'identity_query': '573519 Phillips Lighting Philips', 'brands': ['Philips'], 'description': '573519 100W Led A21 27k 2pk'}","{'brand': 'Philips', 'source': 'structured_field', 'confidence': 0.99, 'candidates': ['Philips']}","{'value': 'Phillips Lighting', 'score': 100.0, 'match': 'Phillips Lighting'}","{'raw': {'diameter': None, 'thickness': None, 'arbor': None, 'product_type': None, 'pack_quantity': None}, 'normalized': {'diameter': None, 'thickness': None, 'arbor': None, 'product_type': None, 'pack_quantity': None}, 'confidence': {}, 'evidence': [], 'status': 'accepted'}",0
573378,573378 60W Led Med 27k 3pk,accepted,"{'mpn': '573378', 'manufacturer': 'Phillips Lighting (5831)', 'manufacturer_candidate': 'Phillips Lighting', 'brand_candidate': 'Philips', 'identity_query': '573378 Phillips Lighting Philips', 'brands': ['Philips'], 'description': '573378 60W Led Med 27k 3pk'}","{'brand': 'Philips', 'source': 'structured_field', 'confidence': 0.99, 'candidates': ['Philips']}","{'value': 'Phillips Lighting', 'score': 100.0, 'match': 'Phillips Lighting'}","{'raw': {'diameter': None, 'thickness': None, 'arbor': None, 'product_type': None, 'pack_quantity': None}, 'normalized': {'diameter': None, 'thickness': None, 'arbor': None, 'product_type': None, 'pack_quantity': None}, 'confidence': {}, 'evidence': [], 'status': 'accepted'}",0
565622,565622 60W Led Med 20k,accepted,"{'mpn': '565622', 'manufacturer': 'Phillips Lighting (5831)', 'manufacturer_candidate': 'Phillips Lighting', 'brand_candidate': 'Philips', 'identity_query': '565622 Phillips Lighting Philips', 'brands': ['Philips'], 'description': '565622 60W Led Med 20k'}","{'brand': 'Philips', 'source': 'structured_field', 'confidence': 0.99, 'candidates': ['Philips']}","{'value': 'Phillips Lighting', 'score': 100.0, 'match': 'Phillips Lighting'}","{'raw': {'diameter': None, 'thickness': None, 'arbor': None, 'product_type': None, 'pack_quantity': None}, 'normalized': {'diameter': None, 'thickness': None, 'arbor': None, 'product_type': None, 'pack_quantity': None}, 'confidence': {}, 'evidence': [], 'status': 'accepted'}",0
586891,586891 Led 60W Med A19 27k,accepted,"{'mpn': '586891', 'manufacturer': 'Phillips Lighting (5831)', 'manufacturer_candidate': 'Phillips Lighting', 'brand_candidate': 'Philips', 'identity_query': '586891 Phillips Lighting Philips', 'brands': ['Philips'], 'description': '586891 Led 60W Med A19 27k'}","{'brand': 'Philips', 'source': 'structured_field', 'confidence': 0.99, 'candidates': ['Philips']}","{'value': 'Phillips Lighting', 'score': 100.0, 'match': 'Phillips Lighting'}","{'raw': {'diameter': None, 'thickness': None, 'arbor': None, 'product_type': None, 'pack_quantity': None}, 'normalized': {'diameter': None, 'thickness': None, 'arbor': None, 'product_type': None, 'pack_quantity': None}, 'confidence': {}, 'evidence': [], 'status': 'accepted'}",0
585448,585448 120W Led Motion Bulb,accepted,"{'mpn': '585448', 'manufacturer': 'Phillips Lighting (5831)', 'manufacturer_candidate': 'Phillips Lighting', 'brand_candidate': 'Philips', 'identity_query': '585448 Phillips Lighting Philips', 'brands': ['Philips'], 'description': '585448 120W Led Motion Bulb'}","{'brand': 'Philips', 'source': 'structured_field', 'confidence': 0.99, 'candidates': ['Philips']}","{'value': 'Phillips Lighting', 'score': 100.0, 'match': 'Phillips Lighting'}","{'raw': {'diameter': None, 'thickness': None, 'arbor': None, 'product_type': None, 'pack_quantity': None}, 'normalized': {'diameter': None, 'thickness': None, 'arbor': None, 'product_type': None, 'pack_quantity': None}, 'confidence': {}, 'evidence': [], 'status': 'accepted'}",0
573444,573444 60W Led A19 Med 50k 2pk,accepted,"{'mpn': '573444', 'manufacturer': 'Phillips Lighting (5831)', 'manufacturer_candidate': 'Phillips Lighting', 'brand_candidate': 'Philips', 'identity_query': '573444 Phillips Lighting Philips', 'brands': ['Philips'], 'description': '573444 60W Led A19 Med 50k 2pk'}","{'brand': 'Philips', 'source': 'structured_field', 'confidence': 0.99, 'candidates': ['Philips']}","{'value': 'Phillips Lighting', 'score': 100.0, 'match': 'Phillips Lighting'}","{'raw': {'diameter': None, 'thickness': None, 'arbor': None, 'product_type': None, 'pack_quantity': None}, 'normalized': {'diameter': None, 'thickness': None, 'arbor': None, 'product_type': None, 'pack_quantity': None}, 'confidence': {}, 'evidence': [], 'status': 'accepted'}",0
566687,566687 60W Cand Led 27k 3pk,accepted,"{'mpn': '566687', 'manufacturer': 'Phillips Lighting (5831)', 'manufacturer_candidate': 'Phillips Lighting', 'brand_candidate': 'Philips', 'identity_query': '566687 Phillips Lighting Philips', 'brands': ['Philips'], 'description': '566687 60W Cand Led 27k 3pk'}","{'brand': 'Philips', 'source': 'structured_field', 'confidence': 0.99, 'candidates': ['Philips']}","{'value': 'Phillips Lighting', 'score': 100.0, 'match': 'Phillips Lighting'}","{'raw': {'diameter': None, 'thickness': None, 'arbor': None, 'product_type': None, 'pack_quantity': None}, 'normalized': {'diameter': None, 'thickness': None, 'arbor': None, 'product_type': None, 'pack_quantity': None}, 'confidence': {}, 'evidence': [], 'status': 'accepted'}",0
564385,564385 40w Led Med 27k 2pk,accepted,"{'mpn': '564385', 'manufacturer': 'Phillips Lighting (5831)', 'manufacturer_candidate': 'Phillips Lighting', 'brand_candidate': 'Philips', 'identity_query': '564385 Phillips Lighting Philips', 'brands': ['Philips'], 'description': '564385 40w Led Med 27k 2pk'}","{'brand': 'Philips', 'source': 'structured_field', 'confidence': 0.99, 'candidates': ['Philips']}","{'value': 'Phillips Lighting', 'score': 100.0, 'match': 'Phillips Lighting'}","{'raw': {'diameter': None, 'thickness': None, 'arbor': None, 'product_type': None, 'pack_quantity': None}, 'normalized': {'diameter': None, 'thickness': None, 'arbor': None, 'product_type': None, 'pack_quantity': None}, 'confidence': {}, 'evidence': [], 'status': 'accepted'}",0
566661,566661 40W LED Cand 27k 3pk,accepted,"{'mpn': '566661', 'manufacturer': 'Phillips Lighting (5831)', 'manufacturer_candidate': 'Phillips Lighting', 'brand_candidate': 'Philips', 'identity_query': '566661 Phillips Lighting Philips', 'brands': ['Philips'], 'description': '566661 40W LED Cand 27k 3pk'}","{'brand': 'Philips', 'source': 'structured_field', 'confidence': 0.99, 'candidates': ['Philips']}","{'value': 'Phillips Lighting', 'score': 100.0, 'match': 'Phillips Lighting'}","{'raw': {'diameter': None, 'thickness': None, 'arbor': None, 'product_type': None, 'pack_quantity': None}, 'normalized': {'diameter': None, 'thickness': None, 'arbor': None, 'product_type': None, 'pack_quantity': None}, 'confidence': {}, 'evidence': [], 'status': 'accepted'}",0
564898,564898 60W Cand Led 50k 3pk,accepted,"{'mpn': '564898', 'manufacturer': 'Phillips Lighting (5831)', 'manufacturer_candidate': 'Phillips Lighting', 'brand_candidate': 'Philips', 'identity_query': '564898 Phillips Lighting Philips', 'brands': ['Philips'], 'description': '564898 60W Cand Led 50k 3pk'}","{'brand': 'Philips', 'source': 'structured_field', 'confidence': 0.99, 'candidates': ['Philips']}","{'value': 'Phillips Lighting', 'score': 100.0, 'match': 'Phillips Lighting'}","{'raw': {'diameter': None, 'thickness': None, 'arbor': None, 'product_type': None, 'pack_quantity': None}, 'normalized': {'diameter': None, 'thickness': None, 'arbor': None, 'product_type': None, 'pack_quantity': None}, 'confidence': {}, 'evidence': [], 'status': 'accepted'}",0
538319,588525 40W Led Cand 3pk,accepted,"{'mpn': '538319', 'manufacturer': 'Phillips Lighting (5831)', 'manufacturer_candidate': 'Phillips Lighting', 'brand_candidate': 'Philips', 'identity_query': '538319 Phillips Lighting Philips', 'brands': ['Philips'], 'description': '588525 40W Led Cand 3pk'}","{'brand': 'Philips', 'source': 'structured_field', 'confidence': 0.99, 'candidates': ['Philips']}","{'value': 'Phillips Lighting', 'score': 100.0, 'match': 'Phillips Lighting'}","{'raw': {'diameter': None, 'thickness': None, 'arbor': None, 'product_type': None, 'pack_quantity': None}, 'normalized': {'diameter': None, 'thickness': None, 'arbor': None, 'product_type': None, 'pack_quantity': None}, 'confidence': {}, 'evidence': [], 'status': 'accepted'}",0
576009,576009 100W Led Par30L Med 50k,accepted,"{'mpn': '576009', 'manufacturer': 'Phillips Lighting (5831)', 'manufacturer_candidate': 'Phillips Lighting', 'brand_candidate': 'Philips', 'identity_query': '576009 Phillips Lighting Philips', 'brands': ['Philips'], 'description': '576009 100W Led Par30L Med 50k'}","{'brand': 'Philips', 'source': 'structured_field', 'confidence': 0.99, 'candidates': ['Philips']}","{'value': 'Phillips Lighting', 'score': 100.0, 'match': 'Phillips Lighting'}","{'raw': {'diameter': None, 'thickness': None, 'arbor': None, 'product_type': None, 'pack_quantity': None}, 'normalized': {'diameter': None, 'thickness': None, 'arbor': None, 'product_type': None, 'pack_quantity': None}, 'confidence': {}, 'evidence': [], 'status': 'accepted'}",0
564450,564450 40W Led Cand 27k 2pk,accepted,"{'mpn': '564450', 'manufacturer': 'Phillips Lighting (5831)', 'manufacturer_candidate': 'Phillips Lighting', 'brand_candidate': 'Philips', 'identity_query': '564450 Phillips Lighting Philips', 'brands': ['Philips'], 'description': '564450 40W Led Cand 27k 2pk'}","{'brand': 'Philips', 'source': 'structured_field', 'confidence': 0.99, 'candidates': ['Philips']}","{'value': 'Phillips Lighting', 'score': 100.0, 'match': 'Phillips Lighting'}","{'raw': {'diameter': None, 'thickness': None, 'arbor': None, 'product_type': None, 'pack_quantity': None}, 'normalized': {'diameter': None, 'thickness': None, 'arbor': None, 'product_type': None, 'pack_quantity': None}, 'confidence': {}, 'evidence': [], 'status': 'accepted'}",0
572669,572669 60W Led F15 Med 27k,accepted,"{'mpn': '572669', 'manufacturer': 'Phillips Lighting (5831)', 'manufacturer_candidate': 'Phillips Lighting', 'brand_candidate': 'Philips', 'identity_query': '572669 Phillips Lighting Philips', 'brands': ['Philips'], 'description': '572669 60W Led F15 Med 27k'}","{'brand': 'Philips', 'source': 'structured_field', 'confidence': 0.99, 'candidates': ['Philips']}","{'value': 'Phillips Lighting', 'score': 100.0, 'match': 'Phillips Lighting'}","{'raw': {'diameter': None, 'thickness': None, 'arbor': None, 'product_type': None, 'pack_quantity': None}, 'normalized': {'diameter': None, 'thickness': None, 'arbor': None, 'product_type': None, 'pack_quantity': None}, 'confidence': {}, 'evidence': [], 'status': 'accepted'}",0
564906,564906 60W Led Med 27k 2pk,accepted,"{'mpn': '564906', 'manufacturer': 'Phillips Lighting (5831)', 'manufacturer_candidate': 'Phillips Lighting', 'brand_candidate': 'Philips', 'identity_query': '564906 Phillips Lighting Philips', 'brands': ['Philips'], 'description': '564906 60W Led Med 27k 2pk'}","{'brand': 'Philips', 'source': 'structured_field', 'confidence': 0.99, 'candidates': ['Philips']}","{'value': 'Phillips Lighting', 'score': 100.0, 'match': 'Phillips Lighting'}","{'raw': {'diameter': None, 'thickness': None, 'arbor': None, 'product_type': None, 'pack_quantity': None}, 'normalized': {'diameter': None, 'thickness': None, 'arbor': None, 'product_type': None, 'pack_quantity': None}, 'confidence': {}, 'evidence': [], 'status': 'accepted'}",0
573410,573410 40W Led A19 Med 27k 2pk,accepted,"{'mpn': '573410', 'manufacturer': 'Phillips Lighting (5831)', 'manufacturer_candidate': 'Phillips Lighting', 'brand_candidate': 'Philips', 'identity_query': '573410 Phillips Lighting Philips', 'brands': ['Philips'], 'description': '573410 40W Led A19 Med 27k 2pk'}","{'brand': 'Philips', 'source': 'structured_field', 'confidence': 0.99, 'candidates': ['Philips']}","{'value': 'Phillips Lighting', 'score': 100.0, 'match': 'Phillips Lighting'}","{'raw': {'diameter': None, 'thickness': None, 'arbor': None, 'product_type': None, 'pack_quantity': None}, 'normalized': {'diameter': None, 'thickness': None, 'arbor': None, 'product_type': None, 'pack_quantity': None}, 'confidence': {}, 'evidence': [], 'status': 'accepted'}",0
576504,576504 65W Led BR40 Med 50k,accepted,"{'mpn': '576504', 'manufacturer': 'Phillips Lighting (5831)', 'manufacturer_candidate': 'Phillips Lighting', 'brand_candidate': 'Philips', 'identity_query': '576504 Phillips Lighting Philips', 'brands': ['Philips'], 'description': '576504 65W Led BR40 Med 50k'}","{'brand': 'Philips', 'source': 'structured_field', 'confidence': 0.99, 'candidates': ['Philips']}","{'value': 'Phillips Lighting', 'score': 100.0, 'match': 'Phillips Lighting'}","{'raw': {'diameter': None, 'thickness': None, 'arbor': None, 'product_type': None, 'pack_quantity': None}, 'normalized': {'diameter': None, 'thickness': None, 'arbor': None, 'product_type': None, 'pack_quantity': None}, 'confidence': {}, 'evidence': [], 'status': 'accepted'}",0
576017,576017 100W Led Par30L Med 30k,accepted,"{'mpn': '576017', 'manufacturer': 'Phillips Lighting (5831)', 'manufacturer_candidate': 'Phillips Lighting', 'brand_candidate': 'Philips', 'identity_query': '576017 Phillips Lighting Philips', 'brands': ['Philips'], 'description': '576017 100W Led Par30L Med 30k'}","{'brand': 'Philips', 'source': 'structured_field', 'confidence': 0.99, 'candidates': ['Philips']}","{'value': 'Phillips Lighting', 'score': 100.0, 'match': 'Phillips Lighting'}","{'raw': {'diameter': None, 'thickness': None, 'arbor': None, 'product_type': None, 'pack_quantity': None}, 'normalized': {'diameter': None, 'thickness': None, 'arbor': None, 'product_type': None, 'pack_quantity': None}, 'confidence': {}, 'evidence': [], 'status': 'accepted'}",0
574392,574392 40W Led B11 Med 27k 3pk,accepted,"{'mpn': '574392', 'manufacturer': 'Phillips Lighting (5831)', 'manufacturer_candidate': 'Phillips Lighting', 'brand_candidate': 'Philips', 'identity_query': '574392 Phillips Lighting Philips', 'brands': ['Philips'], 'description': '574392 40W Led B11 Med 27k 3pk'}","{'brand': 'Philips', 'source': 'structured_field', 'confidence': 0.99, 'candidates': ['Philips']}","{'value': 'Phillips Lighting', 'score': 100.0, 'match': 'Phillips Lighting'}","{'raw': {'diameter': None, 'thickness': None, 'arbor': None, 'product_type': None, 'pack_quantity': None}, 'normalized': {'diameter': None, 'thickness': None, 'arbor': None, 'product_type': None, 'pack_quantity': None}, 'confidence': {}, 'evidence': [], 'status': 'accepted'}",0
576751,576751 65W Led BR30 Med 3pk,accepted,"{'mpn': '576751', 'manufacturer': 'Phillips Lighting (5831)', 'manufacturer_candidate': 'Phillips Lighting', 'brand_candidate': 'Philips', 'identity_query': '576751 Phillips Lighting Philips', 'brands': ['Philips'], 'description': '576751 65W Led BR30 Med 3pk'}","{'brand': 'Philips', 'source': 'structured_field', 'confidence': 0.99, 'candidates': ['Philips']}","{'value': 'Phillips Lighting', 'score': 100.0, 'match': 'Phillips Lighting'}","{'raw': {'diameter': None, 'thickness': None, 'arbor': None, 'product_type': None, 'pack_quantity': None}, 'normalized': {'diameter': None, 'thickness': None, 'arbor': None, 'product_type': None, 'pack_quantity': None}, 'confidence': {}, 'evidence': [], 'status': 'accepted'}",0
583161,583161 Led 65W Med BR30 3pk,accepted,"{'mpn': '583161', 'manufacturer': 'Phillips Lighting (5831)', 'manufacturer_candidate': 'Phillips Lighting', 'brand_candidate': 'Philips', 'identity_query': '583161 Phillips Lighting Philips', 'brands': ['Philips'], 'description': '583161 Led 65W Med BR30 3pk'}","{'brand': 'Philips', 'source': 'structured_field', 'confidence': 0.99, 'candidates': ['Philips']}","{'value': 'Phillips Lighting', 'score': 100.0, 'match': 'Phillips Lighting'}","{'raw': {'diameter': None, 'thickness': None, 'arbor': None, 'product_type': None, 'pack_quantity': None}, 'normalized': {'diameter': None, 'thickness': None, 'arbor': None, 'product_type': None, 'pack_quantity': None}, 'confidence': {}, 'evidence': [], 'status': 'accepted'}",0
566695,566695 60W Led Med 27k 3pk,accepted,"{'mpn': '566695', 'manufacturer': 'Phillips Lighting (5831)', 'manufacturer_candidate': 'Phillips Lighting', 'brand_candidate': 'Philips', 'identity_query': '566695 Phillips Lighting Philips', 'brands': ['Philips'], 'description': '566695 60W Led Med 27k 3pk'}","{'brand': 'Philips', 'source': 'structured_field', 'confidence': 0.99, 'candidates': ['Philips']}","{'value': 'Phillips Lighting', 'score': 100.0, 'match': 'Phillips Lighting'}","{'raw': {'diameter': None, 'thickness': None, 'arbor': None, 'product_type': None, 'pack_quantity': None}, 'normalized': {'diameter': None, 'thickness': None, 'arbor': None, 'product_type': None, 'pack_quantity': None}, 'confidence': {}, 'evidence': [], 'status': 'accepted'}",0
577007,577007 125W Led Med 30k Flood,accepted,"{'mpn': '577007', 'manufacturer': 'Phillips Lighting (5831)', 'manufacturer_candidate': 'Phillips Lighting', 'brand_candidate': 'Philips', 'identity_query': '577007 Phillips Lighting Philips', 'brands': ['Philips'], 'description': '577007 125W Led Med 30k Flood'}","{'brand': 'Philips', 'source': 'structured_field', 'confidence': 0.99, 'candidates': ['Philips']}","{'value': 'Phillips Lighting', 'score': 100.0, 'match': 'Phillips Lighting'}","{'raw': {'diameter': None, 'thickness': None, 'arbor': None, 'product_type': None, 'pack_quantity': None}, 'normalized': {'diameter': None, 'thickness': None, 'arbor': None, 'product_type': None, 'pack_quantity': None}, 'confidence': {}, 'evidence': [], 'status': 'accepted'}",0
566653,566653 25W Led Cand 27k 3pk,accepted,"{'mpn': '566653', 'manufacturer': 'Phillips Lighting (5831)', 'manufacturer_candidate': 'Phillips Lighting', 'brand_candidate': 'Philips', 'identity_query': '566653 Phillips Lighting Philips', 'brands': ['Philips'], 'description': '566653 25W Led Cand 27k 3pk'}","{'brand': 'Philips', 'source': 'structured_field', 'confidence': 0.99, 'candidates': ['Philips']}","{'value': 'Phillips Lighting', 'score': 100.0, 'match': 'Phillips Lighting'}","{'raw': {'diameter': None, 'thickness': None, 'arbor': None, 'product_type': None, 'pack_quantity': None}, 'normalized': {'diameter': None, 'thickness': None, 'arbor': None, 'product_type': None, 'pack_quantity': None}, 'confidence': {}, 'evidence': [], 'status': 'accepted'}",0
566679,566679 40W Led Med 27k 3pk,accepted,"{'mpn': '566679', 'manufacturer': 'Phillips Lighting (5831)', 'manufacturer_candidate': 'Phillips Lighting', 'brand_candidate': 'Philips', 'identity_query': '566679 Phillips Lighting Philips', 'brands': ['Philips'], 'description': '566679 40W Led Med 27k 3pk'}","{'brand': 'Philips', 'source': 'structured_field', 'confidence': 0.99, 'candidates': ['Philips']}","{'value': 'Phillips Lighting', 'score': 100.0, 'match': 'Phillips Lighting'}","{'raw': {'diameter': None, 'thickness': None, 'arbor': None, 'product_type': None, 'pack_quantity': None}, 'normalized': {'diameter': None, 'thickness': None, 'arbor': None, 'product_type': None, 'pack_quantity': None}, 'confidence': {}, 'evidence': [], 'status': 'accepted'}",0
573311,573311 60W Led Med 27k 2pk,accepted,"{'mpn': '573311', 'manufacturer': 'Phillips Lighting (5831)', 'manufacturer_candidate': 'Phillips Lighting', 'brand_candidate': 'Philips', 'identity_query': '573311 Phillips Lighting Philips', 'brands': ['Philips'], 'description': '573311 60W Led Med 27k 2pk'}","{'brand': 'Philips', 'source': 'structured_field', 'confidence': 0.99, 'candidates': ['Philips']}","{'value': 'Phillips Lighting', 'score': 100.0, 'match': 'Phillips Lighting'}","{'raw': {'diameter': None, 'thickness': None, 'arbor': None, 'product_type': None, 'pack_quantity': None}, 'normalized': {'diameter': None, 'thickness': None, 'arbor': None, 'product_type': None, 'pack_quantity': None}, 'confidence': {}, 'evidence': [], 'status': 'accepted'}",0
573394,573394 60W Led Cand 27k 2pk,accepted,"{'mpn': '573394', 'manufacturer': 'Phillips Lighting (5831)', 'manufacturer_candidate': 'Phillips Lighting', 'brand_candidate': 'Philips', 'identity_query': '573394 Phillips Lighting Philips', 'brands': ['Philips'], 'description': '573394 60W Led Cand 27k 2pk'}","{'brand': 'Philips', 'source': 'structured_field', 'confidence': 0.99, 'candidates': ['Philips']}","{'value': 'Phillips Lighting', 'score': 100.0, 'match': 'Phillips Lighting'}","{'raw': {'diameter': None, 'thickness': None, 'arbor': None, 'product_type': None, 'pack_quantity': None}, 'normalized': {'diameter': None, 'thickness': None, 'arbor': None, 'product_type': None, 'pack_quantity': None}, 'confidence': {}, 'evidence': [], 'status': 'accepted'}",0
573329,573329 60W Cand Led 27k 2pk,accepted,"{'mpn': '573329', 'manufacturer': 'Phillips Lighting (5831)', 'manufacturer_candidate': 'Phillips Lighting', 'brand_candidate': 'Philips', 'identity_query': '573329 Phillips Lighting Philips', 'brands': ['Philips'], 'description': '573329 60W Cand Led 27k 2pk'}","{'brand': 'Philips', 'source': 'structured_field', 'confidence': 0.99, 'candidates': ['Philips']}","{'value': 'Phillips Lighting', 'score': 100.0, 'match': 'Phillips Lighting'}","{'raw': {'diameter': None, 'thickness': None, 'arbor': None, 'product_type': None, 'pack_quantity': None}, 'normalized': {'diameter': None, 'thickness': None, 'arbor': None, 'product_type': None, 'pack_quantity': None}, 'confidence': {}, 'evidence': [], 'status': 'accepted'}",0
564930,564930 40W Cand Led 50k 3pk,accepted,"{'mpn': '564930', 'manufacturer': 'Phillips Lighting (5831)', 'manufacturer_candidate': 'Phillips Lighting', 'brand_candidate': 'Philips', 'identity_query': '564930 Phillips Lighting Philips', 'brands': ['Philips'], 'description': '564930 40W Cand Led 50k 3pk'}","{'brand': 'Philips', 'source': 'structured_field', 'confidence': 0.99, 'candidates': ['Philips']}","{'value': 'Phillips Lighting', 'score': 100.0, 'match': 'Phillips Lighting'}","{'raw': {'diameter': None, 'thickness': None, 'arbor': None, 'product_type': None, 'pack_quantity': None}, 'normalized': {'diameter': None, 'thickness': None, 'arbor': None, 'product_type': None, 'pack_quantity': None}, 'confidence': {}, 'evidence': [], 'status': 'accepted'}",0
565000,565000 60W Led Med 27k 2pk,accepted,"{'mpn': '565000', 'manufacturer': 'Phillips Lighting (5831)', 'manufacturer_candidate': 'Phillips Lighting', 'brand_candidate': 'Philips', 'identity_query': '565000 Phillips Lighting Philips', 'brands': ['Philips'], 'description': '565000 60W Led Med 27k 2pk'}","{'brand': 'Philips', 'source': 'structured_field', 'confidence': 0.99, 'candidates': ['Philips']}","{'value': 'Phillips Lighting', 'score': 100.0, 'match': 'Phillips Lighting'}","{'raw': {'diameter': None, 'thickness': None, 'arbor': None, 'product_type': None, 'pack_quantity': None}, 'normalized': {'diameter': None, 'thickness': None, 'arbor': None, 'product_type': None, 'pack_quantity': None}, 'confidence': {}, 'evidence': [], 'status': 'accepted'}",0
564922,564922 60W Led BA11 50k 3pk,accepted,"{'mpn': '564922', 'manufacturer': 'Phillips Lighting (5831)', 'manufacturer_candidate': 'Phillips Lighting', 'brand_candidate': 'Philips', 'identity_query': '564922 Phillips Lighting Philips', 'brands': ['Philips'], 'description': '564922 60W Led BA11 50k 3pk'}","{'brand': 'Philips', 'source': 'structured_field', 'confidence': 0.99, 'candidates': ['Philips']}","{'value': 'Phillips Lighting', 'score': 100.0, 'match': 'Phillips Lighting'}","{'raw': {'diameter': None, 'thickness': None, 'arbor': None, 'product_type': None, 'pack_quantity': None}, 'normalized': {'diameter': None, 'thickness': None, 'arbor': None, 'product_type': None, 'pack_quantity': None}, 'confidence': {}, 'evidence': [], 'status': 'accepted'}",0
573295,573295 40W Led Med 27k 2pk,accepted,"{'mpn': '573295', 'manufacturer': 'Phillips Lighting (5831)', 'manufacturer_candidate': 'Phillips Lighting', 'brand_candidate': 'Philips', 'identity_query': '573295 Phillips Lighting Philips', 'brands': ['Philips'], 'description': '573295 40W Led Med 27k 2pk'}","{'brand': 'Philips', 'source': 'structured_field', 'confidence': 0.99, 'candidates': ['Philips']}","{'value': 'Phillips Lighting', 'score': 100.0, 'match': 'Phillips Lighting'}","{'raw': {'diameter': None, 'thickness': None, 'arbor': None, 'product_type': None, 'pack_quantity': None}, 'normalized': {'diameter': None, 'thickness': None, 'arbor': None, 'product_type': None, 'pack_quantity': None}, 'confidence': {}, 'evidence': [], 'status': 'accepted'}",0
564914,564914 60W Med Led 50k 2pk,accepted,"{'mpn': '564914', 'manufacturer': 'Phillips Lighting (5831)', 'manufacturer_candidate': 'Phillips Lighting', 'brand_candidate': 'Philips', 'identity_query': '564914 Phillips Lighting Philips', 'brands': ['Philips'], 'description': '564914 60W Med Led 50k 2pk'}","{'brand': 'Philips', 'source': 'structured_field', 'confidence': 0.99, 'candidates': ['Philips']}","{'value': 'Phillips Lighting', 'score': 100.0, 'match': 'Phillips Lighting'}","{'raw': {'diameter': None, 'thickness': None, 'arbor': None, 'product_type': None, 'pack_quantity': None}, 'normalized': {'diameter': None, 'thickness': None, 'arbor': None, 'product_type': None, 'pack_quantity': None}, 'confidence': {}, 'evidence': [], 'status': 'accepted'}",0
573485,573485 60W Led A19 Med 50k 2pk,accepted,"{'mpn': '573485', 'manufacturer': 'Phillips Lighting (5831)', 'manufacturer_candidate': 'Phillips Lighting', 'brand_candidate': 'Philips', 'identity_query': '573485 Phillips Lighting Philips', 'brands': ['Philips'], 'description': '573485 60W Led A19 Med 50k 2pk'}","{'brand': 'Philips', 'source': 'structured_field', 'confidence': 0.99, 'candidates': ['Philips']}","{'value': 'Phillips Lighting', 'score': 100.0, 'match': 'Phillips Lighting'}","{'raw': {'diameter': None, 'thickness': None, 'arbor': None, 'product_type': None, 'pack_quantity': None}, 'normalized': {'diameter': None, 'thickness': None, 'arbor': None, 'product_type': None, 'pack_quantity': None}, 'confidence': {}, 'evidence': [], 'status': 'accepted'}",0
573337,573337 40W Led G25 Med 50k 2pk,accepted,"{'mpn': '573337', 'manufacturer': 'Phillips Lighting (5831)', 'manufacturer_candidate': 'Phillips Lighting', 'brand_candidate': 'Philips', 'identity_query': '573337 Phillips Lighting Philips', 'brands': ['Philips'], 'description': '573337 40W Led G25 Med 50k 2pk'}","{'brand': 'Philips', 'source': 'structured_field', 'confidence': 0.99, 'candidates': ['Philips']}","{'value': 'Phillips Lighting', 'score': 100.0, 'match': 'Phillips Lighting'}","{'raw': {'diameter': None, 'thickness': None, 'arbor': None, 'product_type': None, 'pack_quantity': None}, 'normalized': {'diameter': None, 'thickness': None, 'arbor': None, 'product_type': None, 'pack_quantity': None}, 'confidence': {}, 'evidence': [], 'status': 'accepted'}",0
544874,544874 32W Led T8 UBulb 40k,accepted,"{'mpn': '544874', 'manufacturer': 'Phillips Lighting (5831)', 'manufacturer_candidate': 'Phillips Lighting', 'brand_candidate': 'Philips', 'identity_query': '544874 Phillips Lighting Philips', 'brands': ['Philips'], 'description': '544874 32W Led T8 UBulb 40k'}","{'brand': 'Philips', 'source': 'structured_field', 'confidence': 0.99, 'candidates': ['Philips']}","{'value': 'Phillips Lighting', 'score': 100.0, 'match': 'Phillips Lighting'}","{'raw': {'diameter': None, 'thickness': None, 'arbor': None, 'product_type': None, 'pack_quantity': None}, 'normalized': {'diameter': None, 'thickness': None, 'arbor': None, 'product_type': None, 'pack_quantity': None}, 'confidence': {}, 'evidence': [], 'status': 'accepted'}",0
570846,570846 50W Led Med 22K 2pk,accepted,"{'mpn': '570846', 'manufacturer': 'Phillips Lighting (5831)', 'manufacturer_candidate': 'Phillips Lighting', 'brand_candidate': 'Philips', 'identity_query': '570846 Phillips Lighting Philips', 'brands': ['Philips'], 'description': '570846 50W Led Med 22K 2pk'}","{'brand': 'Philips', 'source': 'structured_field', 'confidence': 0.99, 'candidates': ['Philips']}","{'value': 'Phillips Lighting', 'score': 100.0, 'match': 'Phillips Lighting'}","{'raw': {'diameter': None, 'thickness': None, 'arbor': None, 'product_type': None, 'pack_quantity': None}, 'normalized': {'diameter': None, 'thickness': None, 'arbor': None, 'product_type': None, 'pack_quantity': None}, 'confidence': {}, 'evidence': [], 'status': 'accepted'}",0
565473,565473 60W Led A19 Bulb 2pk,accepted,"{'mpn': '565473', 'manufacturer': 'Phillips Lighting (5831)', 'manufacturer_candidate': 'Phillips Lighting', 'brand_candidate': 'Philips', 'identity_query': '565473 Phillips Lighting Philips', 'brands': ['Philips'], 'description': '565473 60W Led A19 Bulb 2pk'}","{'brand': 'Philips', 'source': 'structured_field', 'confidence': 0.99, 'candidates': ['Philips']}","{'value': 'Phillips Lighting', 'score': 100.0, 'match': 'Phillips Lighting'}","{'raw': {'diameter': None, 'thickness': None, 'arbor': None, 'product_type': None, 'pack_quantity': None}, 'normalized': {'diameter': None, 'thickness': None, 'arbor': None, 'product_type': None, 'pack_quantity': None}, 'confidence': {}, 'evidence': [], 'status': 'accepted'}",0
573402,573402 60W Led Med 50k 2pk,accepted,"{'mpn': '573402', 'manufacturer': 'Phillips Lighting (5831)', 'manufacturer_candidate': 'Phillips Lighting', 'brand_candidate': 'Philips', 'identity_query': '573402 Phillips Lighting Philips', 'brands': ['Philips'], 'description': '573402 60W Led Med 50k 2pk'}","{'brand': 'Philips', 'source': 'structured_field', 'confidence': 0.99, 'candidates': ['Philips']}","{'value': 'Phillips Lighting', 'score': 100.0, 'match': 'Phillips Lighting'}","{'raw': {'diameter': None, 'thickness': None, 'arbor': None, 'product_type': None, 'pack_quantity': None}, 'normalized': {'diameter': None, 'thickness': None, 'arbor': None, 'product_type': None, 'pack_quantity': None}, 'confidence': {}, 'evidence': [], 'status': 'accepted'}",0
573352,573352 40W Led Med 27k 2pk,accepted,"{'mpn': '573352', 'manufacturer': 'Phillips Lighting (5831)', 'manufacturer_candidate': 'Phillips Lighting', 'brand_candidate': 'Philips', 'identity_query': '573352 Phillips Lighting Philips', 'brands': ['Philips'], 'description': '573352 40W Led Med 27k 2pk'}","{'brand': 'Philips', 'source': 'structured_field', 'confidence': 0.99, 'candidates': ['Philips']}","{'value': 'Phillips Lighting', 'score': 100.0, 'match': 'Phillips Lighting'}","{'raw': {'diameter': None, 'thickness': None, 'arbor': None, 'product_type': None, 'pack_quantity': None}, 'normalized': {'diameter': None, 'thickness': None, 'arbor': None, 'product_type': None, 'pack_quantity': None}, 'confidence': {}, 'evidence': [], 'status': 'accepted'}",0
573428,573428 40W Med Led 50k 2pk,accepted,"{'mpn': '573428', 'manufacturer': 'Phillips Lighting (5831)', 'manufacturer_candidate': 'Phillips Lighting', 'brand_candidate': 'Philips', 'identity_query': '573428 Phillips Lighting Philips', 'brands': ['Philips'], 'description': '573428 40W Med Led 50k 2pk'}","{'brand': 'Philips', 'source': 'structured_field', 'confidence': 0.99, 'candidates': ['Philips']}","{'value': 'Phillips Lighting', 'score': 100.0, 'match': 'Phillips Lighting'}","{'raw': {'diameter': None, 'thickness': None, 'arbor': None, 'product_type': None, 'pack_quantity': None}, 'normalized': {'diameter': None, 'thickness': None, 'arbor': None, 'product_type': None, 'pack_quantity': None}, 'confidence': {}, 'evidence': [], 'status': 'accepted'}",0
573386,573386 60W Led Med 27k 2pk,accepted,"{'mpn': '573386', 'manufacturer': 'Phillips Lighting (5831)', 'manufacturer_candidate': 'Phillips Lighting', 'brand_candidate': 'Philips', 'identity_query': '573386 Phillips Lighting Philips', 'brands': ['Philips'], 'description': '573386 60W Led Med 27k 2pk'}","{'brand': 'Philips', 'source': 'structured_field', 'confidence': 0.99, 'candidates': ['Philips']}","{'value': 'Phillips Lighting', 'score': 100.0, 'match': 'Phillips Lighting'}","{'raw': {'diameter': None, 'thickness': None, 'arbor': None, 'product_type': None, 'pack_quantity': None}, 'normalized': {'diameter': None, 'thickness': None, 'arbor': None, 'product_type': None, 'pack_quantity': None}, 'confidence': {}, 'evidence': [], 'status': 'accepted'}",0
564948,564948 40W Led Med 50k 3pk,accepted,"{'mpn': '564948', 'manufacturer': 'Phillips Lighting (5831)', 'manufacturer_candidate': 'Phillips Lighting', 'brand_candidate': 'Philips', 'identity_query': '564948 Phillips Lighting Philips', 'brands': ['Philips'], 'description': '564948 40W Led Med 50k 3pk'}","{'brand': 'Philips', 'source': 'structured_field', 'confidence': 0.99, 'candidates': ['Philips']}","{'value': 'Phillips Lighting', 'score': 100.0, 'match': 'Phillips Lighting'}","{'raw': {'diameter': None, 'thickness': None, 'arbor': None, 'product_type': None, 'pack_quantity': None}, 'normalized': {'diameter': None, 'thickness': None, 'arbor': None, 'product_type': None, 'pack_quantity': None}, 'confidence': {}, 'evidence': [], 'status': 'accepted'}",0
573303,573303 40W Led Cand 27k 2pk,accepted,"{'mpn': '573303', 'manufacturer': 'Phillips Lighting (5831)', 'manufacturer_candidate': 'Phillips Lighting', 'brand_candidate': 'Philips', 'identity_query': '573303 Phillips Lighting Philips', 'brands': ['Philips'], 'description': '573303 40W Led Cand 27k 2pk'}","{'brand': 'Philips', 'source': 'structured_field', 'confidence': 0.99, 'candidates': ['Philips']}","{'value': 'Phillips Lighting', 'score': 100.0, 'match': 'Phillips Lighting'}","{'raw': {'diameter': None, 'thickness': None, 'arbor': None, 'product_type': None, 'pack_quantity': None}, 'normalized': {'diameter': None, 'thickness': None, 'arbor': None, 'product_type': None, 'pack_quantity': None}, 'confidence': {}, 'evidence': [], 'status': 'accepted'}",0
573188,573188 250W Led Par38 Med 50k,accepted,"{'mpn': '573188', 'manufacturer': 'Phillips Lighting (5831)', 'manufacturer_candidate': 'Phillips Lighting', 'brand_candidate': 'Philips', 'identity_query': '573188 Phillips Lighting Philips', 'brands': ['Philips'], 'description': '573188 250W Led Par38 Med 50k'}","{'brand': 'Philips', 'source': 'structured_field', 'confidence': 0.99, 'candidates': ['Philips']}","{'value': 'Phillips Lighting', 'score': 100.0, 'match': 'Phillips Lighting'}","{'raw': {'diameter': None, 'thickness': None, 'arbor': None, 'product_type': None, 'pack_quantity': None}, 'normalized': {'diameter': None, 'thickness': None, 'arbor': None, 'product_type': None, 'pack_quantity': None}, 'confidence': {}, 'evidence': [], 'status': 'accepted'}",0
573469,573469 40W Led A19 Med 50k 2pk,accepted,"{'mpn': '573469', 'manufacturer': 'Phillips Lighting (5831)', 'manufacturer_candidate': 'Phillips Lighting', 'brand_candidate': 'Philips', 'identity_query': '573469 Phillips Lighting Philips', 'brands': ['Philips'], 'description': '573469 40W Led A19 Med 50k 2pk'}","{'brand': 'Philips', 'source': 'structured_field', 'confidence': 0.99, 'candidates': ['Philips']}","{'value': 'Phillips Lighting', 'score': 100.0, 'match': 'Phillips Lighting'}","{'raw': {'diameter': None, 'thickness': None, 'arbor': None, 'product_type': None, 'pack_quantity': None}, 'normalized': {'diameter': None, 'thickness': None, 'arbor': None, 'product_type': None, 'pack_quantity': None}, 'confidence': {}, 'evidence': [], 'status': 'accepted'}",0
565671,565671 25W Led Med 20K,accepted,"{'mpn': '565671', 'manufacturer': 'Phillips Lighting (5831)', 'manufacturer_candidate': 'Phillips Lighting', 'brand_candidate': 'Philips', 'identity_query': '565671 Phillips Lighting Philips', 'brands': ['Philips'], 'description': '565671 25W Led Med 20K'}","{'brand': 'Philips', 'source': 'structured_field', 'confidence': 0.99, 'candidates': ['Philips']}","{'value': 'Phillips Lighting', 'score': 100.0, 'match': 'Phillips Lighting'}","{'raw': {'diameter': None, 'thickness': None, 'arbor': None, 'product_type': None, 'pack_quantity': None}, 'normalized': {'diameter': None, 'thickness': None, 'arbor': None, 'product_type': None, 'pack_quantity': None}, 'confidence': {}, 'evidence': [], 'status': 'accepted'}",0
573204,573204 75W Led Par20 Med 50k,accepted,"{'mpn': '573204', 'manufacturer': 'Phillips Lighting (5831)', 'manufacturer_candidate': 'Phillips Lighting', 'brand_candidate': 'Philips', 'identity_query': '573204 Phillips Lighting Philips', 'brands': ['Philips'], 'description': '573204 75W Led Par20 Med 50k'}","{'brand': 'Philips', 'source': 'structured_field', 'confidence': 0.99, 'candidates': ['Philips']}","{'value': 'Phillips Lighting', 'score': 100.0, 'match': 'Phillips Lighting'}","{'raw': {'diameter': None, 'thickness': None, 'arbor': None, 'product_type': None, 'pack_quantity': None}, 'normalized': {'diameter': None, 'thickness': None, 'arbor': None, 'product_type': None, 'pack_quantity': None}, 'confidence': {}, 'evidence': [], 'status': 'accepted'}",0
581199,581199 60W Led Med 2pk,accepted,"{'mpn': '581199', 'manufacturer': 'Phillips Lighting (5831)', 'manufacturer_candidate': 'Phillips Lighting', 'brand_candidate': 'Philips', 'identity_query': '581199 Phillips Lighting Philips', 'brands': ['Philips'], 'description': '581199 60W Led Med 2pk'}","{'brand': 'Philips', 'source': 'structured_field', 'confidence': 0.99, 'candidates': ['Philips']}","{'value': 'Phillips Lighting', 'score': 100.0, 'match': 'Phillips Lighting'}","{'raw': {'diameter': None, 'thickness': None, 'arbor': None, 'product_type': None, 'pack_quantity': None}, 'normalized': {'diameter': None, 'thickness': None, 'arbor': None, 'product_type': None, 'pack_quantity': None}, 'confidence': {}, 'evidence': [], 'status': 'accepted'}",0
565887,565887 60W Led Med 20k,accepted,"{'mpn': '565887', 'manufacturer': 'Phillips Lighting (5831)', 'manufacturer_candidate': 'Phillips Lighting', 'brand_candidate': 'Philips', 'identity_query': '565887 Phillips Lighting Philips', 'brands': ['Philips'], 'description': '565887 60W Led Med 20k'}","{'brand': 'Philips', 'source': 'structured_field', 'confidence': 0.99, 'candidates': ['Philips']}","{'value': 'Phillips Lighting', 'score': 100.0, 'match': 'Phillips Lighting'}","{'raw': {'diameter': None, 'thickness': None, 'arbor': None, 'product_type': None, 'pack_quantity': None}, 'normalized': {'diameter': None, 'thickness': None, 'arbor': None, 'product_type': None, 'pack_quantity': None}, 'confidence': {}, 'evidence': [], 'status': 'accepted'}",0
586867,586867 60W Led Med 27K,accepted,"{'mpn': '586867', 'manufacturer': 'Phillips Lighting (5831)', 'manufacturer_candidate': 'Phillips Lighting', 'brand_candidate': 'Philips', 'identity_query': '586867 Phillips Lighting Philips', 'brands': ['Philips'], 'description': '586867 60W Led Med 27K'}","{'brand': 'Philips', 'source': 'structured_field', 'confidence': 0.99, 'candidates': ['Philips']}","{'value': 'Phillips Lighting', 'score': 100.0, 'match': 'Phillips Lighting'}","{'raw': {'diameter': None, 'thickness': None, 'arbor': None, 'product_type': None, 'pack_quantity': None}, 'normalized': {'diameter': None, 'thickness': None, 'arbor': None, 'product_type': None, 'pack_quantity': None}, 'confidence': {}, 'evidence': [], 'status': 'accepted'}",0
568451,5686451 50W Led Med 50k 2pk,accepted,"{'mpn': '568451', 'manufacturer': 'Phillips Lighting (5831)', 'manufacturer_candidate': 'Phillips Lighting', 'brand_candidate': 'Philips', 'identity_query': '568451 Phillips Lighting Philips', 'brands': ['Philips'], 'description': '5686451 50W Led Med 50k 2pk'}","{'brand': 'Philips', 'source': 'structured_field', 'confidence': 0.99, 'candidates': ['Philips']}","{'value': 'Phillips Lighting', 'score': 100.0, 'match': 'Phillips Lighting'}","{'raw': {'diameter': None, 'thickness': None, 'arbor': None, 'product_type': None, 'pack_quantity': None}, 'normalized': {'diameter': None, 'thickness': None, 'arbor': None, 'product_type': None, 'pack_quantity': None}, 'confidence': {}, 'evidence': [], 'status': 'accepted'}",0
568444,568444 90W Led Par38 50k 2pk,accepted,"{'mpn': '568444', 'manufacturer': 'Phillips Lighting (5831)', 'manufacturer_candidate': 'Phillips Lighting', 'brand_candidate': 'Philips', 'identity_query': '568444 Phillips Lighting Philips', 'brands': ['Philips'], 'description': '568444 90W Led Par38 50k 2pk'}","{'brand': 'Philips', 'source': 'structured_field', 'confidence': 0.99, 'candidates': ['Philips']}","{'value': 'Phillips Lighting', 'score': 100.0, 'match': 'Phillips Lighting'}","{'raw': {'diameter': None, 'thickness': None, 'arbor': None, 'product_type': None, 'pack_quantity': None}, 'normalized': {'diameter': None, 'thickness': None, 'arbor': None, 'product_type': None, 'pack_quantity': None}, 'confidence': {}, 'evidence': [], 'status': 'accepted'}",0
573196,573196 75W Led Med 30K,accepted,"{'mpn': '573196', 'manufacturer': 'Phillips Lighting (5831)', 'manufacturer_candidate': 'Phillips Lighting', 'brand_candidate': 'Philips', 'identity_query': '573196 Phillips Lighting Philips', 'brands': ['Philips'], 'description': '573196 75W Led Med 30K'}","{'brand': 'Philips', 'source': 'structured_field', 'confidence': 0.99, 'candidates': ['Philips']}","{'value': 'Phillips Lighting', 'score': 100.0, 'match': 'Phillips Lighting'}","{'raw': {'diameter': None, 'thickness': None, 'arbor': None, 'product_type': None, 'pack_quantity': None}, 'normalized': {'diameter': None, 'thickness': None, 'arbor': None, 'product_type': None, 'pack_quantity': None}, 'confidence': {}, 'evidence': [], 'status': 'accepted'}",0
564500,564500 75W Adj Base 50k 3pk,accepted,"{'mpn': '564500', 'manufacturer': 'Phillips Lighting (5831)', 'manufacturer_candidate': 'Phillips Lighting', 'brand_candidate': 'Philips', 'identity_query': '564500 Phillips Lighting Philips', 'brands': ['Philips'], 'description': '564500 75W Adj Base 50k 3pk'}","{'brand': 'Philips', 'source': 'structured_field', 'confidence': 0.99, 'candidates': ['Philips']}","{'value': 'Phillips Lighting', 'score': 100.0, 'match': 'Phillips Lighting'}","{'raw': {'diameter': None, 'thickness': None, 'arbor': None, 'product_type': None, 'pack_quantity': None}, 'normalized': {'diameter': None, 'thickness': None, 'arbor': None, 'product_type': None, 'pack_quantity': None}, 'confidence': {}, 'evidence': [], 'status': 'accepted'}",0
571513,571513 40/60/100 Led Med 27k,accepted,"{'mpn': '571513', 'manufacturer': 'Phillips Lighting (5831)', 'manufacturer_candidate': 'Phillips Lighting', 'brand_candidate': 'Philips', 'identity_query': '571513 Phillips Lighting Philips', 'brands': ['Philips'], 'description': '571513 40/60/100 Led Med 27k'}","{'brand': 'Philips', 'source': 'structured_field', 'confidence': 0.99, 'candidates': ['Philips']}","{'value': 'Phillips Lighting', 'score': 100.0, 'match': 'Phillips Lighting'}","{'raw': {'diameter': None, 'thickness': None, 'arbor': None, 'product_type': None, 'pack_quantity': None}, 'normalized': {'diameter': None, 'thickness': None, 'arbor': None, 'product_type': None, 'pack_quantity': None}, 'confidence': {}, 'evidence': [], 'status': 'accepted'}",0
588566,588566 40W Led Med 55k 3pk,accepted,"{'mpn': '588566', 'manufacturer': 'Phillips Lighting (5831)', 'manufacturer_candidate': 'Phillips Lighting', 'brand_candidate': 'Philips', 'identity_query': '588566 Phillips Lighting Philips', 'brands': ['Philips'], 'description': '588566 40W Led Med 55k 3pk'}","{'brand': 'Philips', 'source': 'structured_field', 'confidence': 0.99, 'candidates': ['Philips']}","{'value': 'Phillips Lighting', 'score': 100.0, 'match': 'Phillips Lighting'}","{'raw': {'diameter': None, 'thickness': None, 'arbor': None, 'product_type': None, 'pack_quantity': None}, 'normalized': {'diameter': None, 'thickness': None, 'arbor': None, 'product_type': None, 'pack_quantity': None}, 'confidence': {}, 'evidence': [], 'status': 'accepted'}",0
565655,565655 25W Led A15 Med 20k,accepted,"{'mpn': '565655', 'manufacturer': 'Phillips Lighting (5831)', 'manufacturer_candidate': 'Phillips Lighting', 'brand_candidate': 'Philips', 'identity_query': '565655 Phillips Lighting Philips', 'brands': ['Philips'], 'description': '565655 25W Led A15 Med 20k'}","{'brand': 'Philips', 'source': 'structured_field', 'confidence': 0.99, 'candidates': ['Philips']}","{'value': 'Phillips Lighting', 'score': 100.0, 'match': 'Phillips Lighting'}","{'raw': {'diameter': None, 'thickness': None, 'arbor': None, 'product_type': None, 'pack_quantity': None}, 'normalized': {'diameter': None, 'thickness': None, 'arbor': None, 'product_type': None, 'pack_quantity': None}, 'confidence': {}, 'evidence': [], 'status': 'accepted'}",0
565812,565812 60W Med Led 50k,accepted,"{'mpn': '565812', 'manufacturer': 'Phillips Lighting (5831)', 'manufacturer_candidate': 'Phillips Lighting', 'brand_candidate': 'Philips', 'identity_query': '565812 Phillips Lighting Philips', 'brands': ['Philips'], 'description': '565812 60W Med Led 50k'}","{'brand': 'Philips', 'source': 'structured_field', 'confidence': 0.99, 'candidates': ['Philips']}","{'value': 'Phillips Lighting', 'score': 100.0, 'match': 'Phillips Lighting'}","{'raw': {'diameter': None, 'thickness': None, 'arbor': None, 'product_type': None, 'pack_quantity': None}, 'normalized': {'diameter': None, 'thickness': None, 'arbor': None, 'product_type': None, 'pack_quantity': None}, 'confidence': {}, 'evidence': [], 'status': 'accepted'}",0
586917,586917 40W Led Cand 27K 2pk,accepted,"{'mpn': '586917', 'manufacturer': 'Phillips Lighting (5831)', 'manufacturer_candidate': 'Phillips Lighting', 'brand_candidate': 'Philips', 'identity_query': '586917 Phillips Lighting Philips', 'brands': ['Philips'], 'description': '586917 40W Led Cand 27K 2pk'}","{'brand': 'Philips', 'source': 'structured_field', 'confidence': 0.99, 'candidates': ['Philips']}","{'value': 'Phillips Lighting', 'score': 100.0, 'match': 'Phillips Lighting'}","{'raw': {'diameter': None, 'thickness': None, 'arbor': None, 'product_type': None, 'pack_quantity': None}, 'normalized': {'diameter': None, 'thickness': None, 'arbor': None, 'product_type': None, 'pack_quantity': None}, 'confidence': {}, 'evidence': [], 'status': 'accepted'}",0
46719,49719 Wall Light Motion Wh,accepted,"{'mpn': '46719', 'manufacturer': 'Maxsa Innovations (MAXIN)', 'manufacturer_candidate': 'Maxsa Innovations', 'brand_candidate': None, 'identity_query': '46719 Maxsa Innovations', 'brands': [], 'description': '49719 Wall Light Motion Wh'}","{'brand': None, 'source': None, 'confidence': 0.0, 'candidates': []}","{'value': 'Maxsa Innovations', 'score': 100.0, 'match': 'Maxsa Innovations'}","{'raw': {'diameter': None, 'thickness': None, 'arbor': None, 'product_type': None, 'pack_quantity': None}, 'normalized': {'diameter': None, 'thickness': None, 'arbor': None, 'product_type': None, 'pack_quantity': None}, 'confidence': {}, 'evidence': [], 'status': 'accepted'}",0
59061BSL,59061BSL Kichler Ext Wall Lt,accepted,"{'mpn': '59061BSL', 'manufacturer': 'Kichler Lighting (KICLI)', 'manufacturer_candidate': 'Kichler Lighting', 'brand_candidate': None, 'identity_query': '59061BSL Kichler Lighting', 'brands': [], 'description': '59061BSL Kichler Ext Wall Lt'}","{'brand': None, 'source': None, 'confidence': 0.0, 'candidates': []}","{'value': 'Kichler Lighting', 'score': 100.0, 'match': 'Kichler Lighting'}","{'raw': {'diameter': None, 'thickness': None, 'arbor': None, 'product_type': None, 'pack_quantity': None}, 'normalized': {'diameter': None, 'thickness': None, 'arbor': None, 'product_type': None, 'pack_quantity': None}, 'confidence': {}, 'evidence': [], 'status': 'accepted'}",0
59062BSL,59062BSL Kichler Ext Wall Lt,accepted,"{'mpn': '59062BSL', 'manufacturer': 'Kichler Lighting (KICLI)', 'manufacturer_candidate': 'Kichler Lighting', 'brand_candidate': None, 'identity_query': '59062BSL Kichler Lighting', 'brands': [], 'description': '59062BSL Kichler Ext Wall Lt'}","{'brand': None, 'source': None, 'confidence': 0.0, 'candidates': []}","{'value': 'Kichler Lighting', 'score': 100.0, 'match': 'Kichler Lighting'}","{'raw': {'diameter': None, 'thickness': None, 'arbor': None, 'product_type': None, 'pack_quantity': None}, 'normalized': {'diameter': None, 'thickness': None, 'arbor': None, 'product_type': None, 'pack_quantity': None}, 'confidence': {}, 'evidence': [], 'status': 'accepted'}",0
59124BKT,59124BKT Kichler Ext Wall Lt,accepted,"{'mpn': '59124BKT', 'manufacturer': 'Kichler Lighting (KICLI)', 'manufacturer_candidate': 'Kichler Lighting', 'brand_candidate': None, 'identity_query': '59124BKT Kichler Lighting', 'brands': [], 'description': '59124BKT Kichler Ext Wall Lt'}","{'brand': None, 'source': None, 'confidence': 0.0, 'candidates': []}","{'value': 'Kichler Lighting', 'score': 100.0, 'match': 'Kichler Lighting'}","{'raw': {'diameter': None, 'thickness': None, 'arbor': None, 'product_type': None, 'pack_quantity': None}, 'normalized': {'diameter': None, 'thickness': None, 'arbor': None, 'product_type': None, 'pack_quantity': None}, 'confidence': {}, 'evidence': [], 'status': 'accepted'}",0
59025BK,59025BK Kichler Post Lt,accepted,"{'mpn': '59025BK', 'manufacturer': 'Kichler Lighting (KICLI)', 'manufacturer_candidate': 'Kichler Lighting', 'brand_candidate': None, 'identity_query': '59025BK Kichler Lighting', 'brands': [], 'description': '59025BK Kichler Post Lt'}","{'brand': None, 'source': None, 'confidence': 0.0, 'candidates': []}","{'value': 'Kichler Lighting', 'score': 100.0, 'match': 'Kichler Lighting'}","{'raw': {'diameter': None, 'thickness': None, 'arbor': None, 'product_type': None, 'pack_quantity': None}, 'normalized': {'diameter': None, 'thickness': None, 'arbor': None, 'product_type': None, 'pack_quantity': None}, 'confidence': {}, 'evidence': [], 'status': 'accepted'}",0
DCL183,Dewalt DCL183 Light - Rechargeable,accepted,"{'mpn': 'DCL183', 'manufacturer': 'Black & Decker/dewlt (2585)', 'manufacturer_candidate': 'Black & Decker/dewlt', 'brand_candidate': 'DEWALT', 'identity_query': 'DCL183 Black & Decker/dewlt DEWALT', 'brands': ['DEWALT'], 'description': 'Dewalt DCL183 Light - Rechargeable'}","{'brand': 'DEWALT', 'source': 'structured_field', 'confidence': 0.99, 'candidates': ['DEWALT']}","{'value': 'Black & Decker/dewlt', 'score': 100.0, 'match': 'Black & Decker/dewlt'}","{'raw': {'diameter': None, 'thickness': None, 'arbor': None, 'product_type': None, 'pack_quantity': None}, 'normalized': {'diameter': None, 'thickness': None, 'arbor': None, 'product_type': None, 'pack_quantity': None}, 'confidence': {}, 'evidence': [], 'status': 'accepted'}",0
73020,73020 Nano Clip Light Bk,accepted,"{'mpn': '73020', 'manufacturer': 'Streamlight (7277)', 'manufacturer_candidate': 'Streamlight', 'brand_candidate': None, 'identity_query': '73020 Streamlight', 'brands': [], 'description': '73020 Nano Clip Light Bk'}","{'brand': None, 'source': None, 'confidence': 0.0, 'candidates': []}","{'value': 'Streamlight', 'score': 100.0, 'match': 'Streamlight'}","{'raw': {'diameter': None, 'thickness': None, 'arbor': None, 'product_type': None, 'pack_quantity': None}, 'normalized': {'diameter': None, 'thickness': None, 'arbor': None, 'product_type': None, 'pack_quantity': None}, 'confidence': {}, 'evidence': [], 'status': 'accepted'}",0
NEB-FLT-1021,NEBFLT1021 Slyde King FlashLt,accepted,"{'mpn': 'NEB-FLT-1021', 'manufacturer': 'ACG Brands (1154)', 'manufacturer_candidate': 'ACG Brands', 'brand_candidate': None, 'identity_query': 'NEB-FLT-1021 ACG Brands', 'brands': [], 'description': 'NEBFLT1021 Slyde King FlashLt'}","{'brand': None, 'source': None, 'confidence': 0.0, 'candidates': []}","{'value': 'ACG Brands', 'score': 100.0, 'match': 'ACG Brands'}","{'raw': {'diameter': None, 'thickness': None, 'arbor': None, 'product_type': None, 'pack_quantity': None}, 'normalized': {'diameter': None, 'thickness': None, 'arbor': None, 'product_type': None, 'pack_quantity': None}, 'confidence': {}, 'evidence': [], 'status': 'accepted'}",0
NEB-FLT-0053,NEBFLT0053 2600L Flash Light,accepted,"{'mpn': 'NEB-FLT-0053', 'manufacturer': 'ACG Brands (1154)', 'manufacturer_candidate': 'ACG Brands', 'brand_candidate': None, 'identity_query': 'NEB-FLT-0053 ACG Brands', 'brands': [], 'description': 'NEBFLT0053 2600L Flash Light'}","{'brand': None, 'source': None, 'confidence': 0.0, 'candidates': []}","{'value': 'ACG Brands', 'score': 100.0, 'match': 'ACG Brands'}","{'raw': {'diameter': None, 'thickness': None, 'arbor': None, 'product_type': None, 'pack_quantity': None}, 'normalized': {'diameter': None, 'thickness': None, 'arbor': None, 'product_type': None, 'pack_quantity': None}, 'confidence': {}, 'evidence': [], 'status': 'accepted'}",0
97708,97708 Police 800L Headlight,accepted,"{'mpn': '97708', 'manufacturer': 'Police Security (9470)', 'manufacturer_candidate': 'Police Security', 'brand_candidate': 'Police Security', 'identity_query': '97708 Police Security Police Security', 'brands': ['Police Security'], 'description': '97708 Police 800L Headlight'}","{'brand': 'Police Security', 'source': 'structured_field', 'confidence': 0.99, 'candidates': ['Police Security']}","{'value': 'Police Security', 'score': 100.0, 'match': 'Police Security'}","{'raw': {'diameter': None, 'thickness': None, 'arbor': None, 'product_type': None, 'pack_quantity': None}, 'normalized': {'diameter': None, 'thickness': None, 'arbor': None, 'product_type': None, 'pack_quantity': None}, 'confidence': {}, 'evidence': [], 'status': 'accepted'}",0
WORK6000XLTPPLUG,6000L Twin Head Work Light,accepted,"{'mpn': 'WORK6000XLTPPLUG', 'manufacturer': 'Feit Electric (3468)', 'manufacturer_candidate': 'Feit Electric', 'brand_candidate': 'Feit Electric', 'identity_query': 'WORK6000XLTPPLUG Feit Electric Feit Electric', 'brands': ['Feit Electric'], 'description': '6000L Twin Head Work Light'}","{'brand': 'Feit Electric', 'source': 'structured_field', 'confidence': 0.99, 'candidates': ['Feit Electric']}","{'value': 'Feit Electric', 'score': 100.0, 'match': 'Feit Electric'}","{'raw': {'diameter': None, 'thickness': None, 'arbor': None, 'product_type': None, 'pack_quantity': None}, 'normalized': {'diameter': None, 'thickness': None, 'arbor': None, 'product_type': None, 'pack_quantity': None}, 'confidence': {}, 'evidence': [], 'status': 'accepted'}",0
HOM2040M200PRB,HOM2040M200PRB 200A Load Cntr,accepted,"{'mpn': 'HOM2040M200PRB', 'manufacturer': 'Square D Con Prod Dv (6825)', 'manufacturer_candidate': 'Square D Con Prod Dv', 'brand_candidate': None, 'identity_query': 'HOM2040M200PRB Square D Con Prod Dv', 'brands': [], 'description': 'HOM2040M200PRB 200A Load Cntr'}","{'brand': None, 'source': None, 'confidence': 0.0, 'candidates': []}","{'value': 'Square D Con Prod Dv', 'score': 100.0, 'match': 'Square D Con Prod Dv'}","{'raw': {'diameter': None, 'thickness': None, 'arbor': None, 'product_type': None, 'pack_quantity': None}, 'normalized': {'diameter': None, 'thickness': None, 'arbor': None, 'product_type': None, 'pack_quantity': None}, 'confidence': {}, 'evidence': [], 'status': 'accepted'}",0
HOM3060L225PGC,HOM3060L225PGC 225 Load Center,accepted,"{'mpn': 'HOM3060L225PGC', 'manufacturer': 'Square D Con Prod Dv (6825)', 'manufacturer_candidate': 'Square D Con Prod Dv', 'brand_candidate': 'Square D', 'identity_query': 'HOM3060L225PGC Square D Con Prod Dv Square D', 'brands': ['Square D'], 'description': 'HOM3060L225PGC 225 Load Center'}","{'brand': 'Square D', 'source': 'structured_field', 'confidence': 0.99, 'candidates': ['Square D']}","{'value': 'Square D Con Prod Dv', 'score': 100.0, 'match': 'Square D Con Prod Dv'}","{'raw': {'diameter': None, 'thickness': None, 'arbor': None, 'product_type': None, 'pack_quantity': None}, 'normalized': {'diameter': None, 'thickness': None, 'arbor': None, 'product_type': None, 'pack_quantity': None}, 'confidence': {}, 'evidence': [], 'status': 'accepted'}",0
QO612L100RBCP,QO612L100RBCP 100A Load Center,accepted,"{'mpn': 'QO612L100RBCP', 'manufacturer': 'Square D Con Prod Dv (6825)', 'manufacturer_candidate': 'Square D Con Prod Dv', 'brand_candidate': 'Square D', 'identity_query': 'QO612L100RBCP Square D Con Prod Dv Square D', 'brands': ['Square D'], 'description': 'QO612L100RBCP 100A Load Center'}","{'brand': 'Square D', 'source': 'structured_field', 'confidence': 0.99, 'candidates': ['Square D']}","{'value': 'Square D Con Prod Dv', 'score': 100.0, 'match': 'Square D Con Prod Dv'}","{'raw': {'diameter': None, 'thickness': None, 'arbor': None, 'product_type': None, 'pack_quantity': None}, 'normalized': {'diameter': None, 'thickness': None, 'arbor': None, 'product_type': None, 'pack_quantity': None}, 'confidence': {}, 'evidence': [], 'status': 'accepted'}",0
13093005,4/0 Aluminum Entrance Cable (Linear Foot),accepted,"{'mpn': '13093005', 'manufacturer': 'Southwire/g Turner (6603)', 'manufacturer_candidate': 'Southwire/g Turner', 'brand_candidate': None, 'identity_query': '13093005 Southwire/g Turner', 'brands': [], 'description': '4/0 Aluminum Entrance Cable (Linear Foot)'}","{'brand': None, 'source': None, 'confidence': 0.0, 'candidates': []}","{'value': 'Southwire/g Turner', 'score': 100.0, 'match': 'Southwire/g Turner'}","{'raw': {'diameter': None, 'thickness': None, 'arbor': None, 'product_type': None, 'pack_quantity': None}, 'normalized': {'diameter': None, 'thickness': None, 'arbor': None, 'product_type': None, 'pack_quantity': None}, 'confidence': {}, 'evidence': [], 'status': 'accepted'}",0
12-4 SO,12-4 SO Cord (Linear Foot),accepted,"{'mpn': '12-4 SO', 'manufacturer': '-', 'manufacturer_candidate': '-', 'brand_candidate': None, 'identity_query': '12-4 SO -', 'brands': [], 'description': '12-4 SO Cord (Linear Foot)'}","{'brand': None, 'source': None, 'confidence': 0.0, 'candidates': []}","{'value': 'First Alert - B R K Brands', 'score': 100.0, 'match': 'First Alert - B R K Brands'}","{'raw': {'diameter': None, 'thickness': None, 'arbor': None, 'product_type': None, 'pack_quantity': None}, 'normalized': {'diameter': None, 'thickness': None, 'arbor': None, 'product_type': None, 'pack_quantity': None}, 'confidence': {}, 'evidence': [], 'status': 'accepted'}",0
96263-46-06,96263-46-06 CAT5E Wire (Linear Foot),accepted,"{'mpn': '96263-46-06', 'manufacturer': 'Woods Wire Southwire (7579)', 'manufacturer_candidate': 'Woods Wire Southwire', 'brand_candidate': None, 'identity_query': '96263-46-06 Woods Wire Southwire', 'brands': [], 'description': '96263-46-06 CAT5E Wire (Linear Foot)'}","{'brand': None, 'source': None, 'confidence': 0.0, 'candidates': []}","{'value': 'Woods Wire Southwire', 'score': 100.0, 'match': 'Woods Wire Southwire'}","{'raw': {'diameter': None, 'thickness': None, 'arbor': None, 'product_type': None, 'pack_quantity': None}, 'normalized': {'diameter': None, 'thickness': None, 'arbor': None, 'product_type': None, 'pack_quantity': None}, 'confidence': {}, 'evidence': [], 'status': 'accepted'}",0
R50003-ID,16-2 Stranded Wire CL3 500' (Linear Foot),accepted,"{'mpn': 'R50003-ID', 'manufacturer': 'Southwire/g Turner (6603)', 'manufacturer_candidate': 'Southwire/g Turner', 'brand_candidate': None, 'identity_query': 'R50003-ID Southwire/g Turner', 'brands': [], 'description': ""16-2 Stranded Wire CL3 500' (Linear Foot)""}","{'brand': None, 'source': None, 'confidence': 0.0, 'candidates': []}","{'value': 'Southwire/g Turner', 'score': 100.0, 'match': 'Southwire/g Turner'}","{'raw': {'diameter': None, 'thickness': None, 'arbor': None, 'product_type': None, 'pack_quantity': None}, 'normalized': {'diameter': None, 'thickness': None, 'arbor': None, 'product_type': None, 'pack_quantity': None}, 'confidence': {}, 'evidence': [], 'status': 'accepted'}",0
10-4 SO,10-4 SO Cord (Linear Foot),accepted,"{'mpn': '10-4 SO', 'manufacturer': 'Southwire/g Turner (6603)', 'manufacturer_candidate': 'Southwire/g Turner', 'brand_candidate': None, 'identity_query': '10-4 SO Southwire/g Turner', 'brands': [], 'description': '10-4 SO Cord (Linear Foot)'}","{'brand': None, 'source': None, 'confidence': 0.0, 'candidates': []}","{'value': 'Southwire/g Turner', 'score': 100.0, 'match': 'Southwire/g Turner'}","{'raw': {'diameter': None, 'thickness': None, 'arbor': None, 'product_type': None, 'pack_quantity': None}, 'normalized': {'diameter': None, 'thickness': None, 'arbor': None, 'product_type': None, 'pack_quantity': None}, 'confidence': {}, 'evidence': [], 'status': 'accepted'}",0
23346-0408,23346-0408 Wire 16/3 SJEWA 250 (Linear Foot),accepted,"{'mpn': '23346-0408', 'manufacturer': '-', 'manufacturer_candidate': '-', 'brand_candidate': None, 'identity_query': '23346-0408 -', 'brands': [], 'description': '23346-0408 Wire 16/3 SJEWA 250 (Linear Foot)'}","{'brand': None, 'source': None, 'confidence': 0.0, 'candidates': []}","{'value': 'First Alert - B R K Brands', 'score': 100.0, 'match': 'First Alert - B R K Brands'}","{'raw': {'diameter': None, 'thickness': None, 'arbor': None, 'product_type': None, 'pack_quantity': None}, 'normalized': {'diameter': None, 'thickness': None, 'arbor': None, 'product_type': None, 'pack_quantity': None}, 'confidence': {}, 'evidence': [], 'status': 'accepted'}",0
2/2/4 UD ALUM,2/2/4 UD Aluminum Triplex Wire (Linear Foot),accepted,"{'mpn': '2/2/4 UD ALUM', 'manufacturer': 'Southwire/g Turner (6603)', 'manufacturer_candidate': 'Southwire/g Turner', 'brand_candidate': None, 'identity_query': '2/2/4 UD ALUM Southwire/g Turner', 'brands': [], 'description': '2/2/4 UD Aluminum Triplex Wire (Linear Foot)'}","{'brand': None, 'source': None, 'confidence': 0.0, 'candidates': []}","{'value': 'Southwire/g Turner', 'score': 100.0, 'match': 'Southwire/g Turner'}","{'raw': {'diameter': None, 'thickness': None, 'arbor': None, 'product_type': None, 'pack_quantity': None}, 'normalized': {'diameter': None, 'thickness': None, 'arbor': None, 'product_type': None, 'pack_quantity': None}, 'confidence': {}, 'evidence': [], 'status': 'accepted'}",0
55418901,6/6/6 UD Triplex Aluminum Wire,accepted,"{'mpn': '55418901', 'manufacturer': 'Southwire/g Turner (6603)', 'manufacturer_candidate': 'Southwire/g Turner', 'brand_candidate': None, 'identity_query': '55418901 Southwire/g Turner', 'brands': [], 'description': '6/6/6 UD Triplex Aluminum Wire'}","{'brand': None, 'source': None, 'confidence': 0.0, 'candidates': []}","{'value': 'Southwire/g Turner', 'score': 100.0, 'match': 'Southwire/g Turner'}","{'raw': {'diameter': None, 'thickness': None, 'arbor': None, 'product_type': None, 'pack_quantity': None}, 'normalized': {'diameter': None, 'thickness': None, 'arbor': None, 'product_type': None, 'pack_quantity': None}, 'confidence': {}, 'evidence': [], 'status': 'accepted'}",0
CG50K,"CG50K 1/2"" Cord Grip Kit",accepted,"{'mpn': 'CG50K', 'manufacturer': 'Fenton Bros Electric Inc (FENBR)', 'manufacturer_candidate': 'Fenton Bros Electric Inc', 'brand_candidate': None, 'identity_query': 'CG50K Fenton Bros Electric Inc', 'brands': [], 'description': 'CG50K 1/2"" Cord Grip Kit'}","{'brand': None, 'source': None, 'confidence': 0.0, 'candidates': []}","{'value': 'Fenton Bros Electric Inc', 'score': 100.0, 'match': 'Fenton Bros Electric Inc'}","{'raw': {'diameter': None, 'thickness': None, 'arbor': None, 'product_type': None, 'pack_quantity': None}, 'normalized': {'diameter': None, 'thickness': None, 'arbor': None, 'product_type': None, 'pack_quantity': None}, 'confidence': {}, 'evidence': [], 'status': 'accepted'}",0
R02-D215P-1RW,R02D215P1RW 15A Mini Outlet Wh,accepted,"{'mpn': 'R02-D215P-1RW', 'manufacturer': 'Leviton Mfg Co (4927)', 'manufacturer_candidate': 'Leviton Mfg Co', 'brand_candidate': 'Leviton', 'identity_query': 'R02-D215P-1RW Leviton Mfg Co Leviton', 'brands': ['Leviton'], 'description': 'R02D215P1RW 15A Mini Outlet Wh'}","{'brand': 'Leviton', 'source': 'structured_field', 'confidence': 0.99, 'candidates': ['Leviton']}","{'value': 'Leviton Mfg Co', 'score': 100.0, 'match': 'Leviton Mfg Co'}","{'raw': {'diameter': None, 'thickness': None, 'arbor': None, 'product_type': None, 'pack_quantity': None}, 'normalized': {'diameter': None, 'thickness': None, 'arbor': None, 'product_type': None, 'pack_quantity': None}, 'confidence': {}, 'evidence': [], 'status': 'accepted'}",0
PBUC013,PBUC013 15A Wall Tap w/USB,accepted,"{'mpn': 'PBUC013', 'manufacturer': 'Prime Wire & Cable (3562)', 'manufacturer_candidate': 'Prime Wire & Cable', 'brand_candidate': 'Prime', 'identity_query': 'PBUC013 Prime Wire & Cable Prime', 'brands': ['Prime'], 'description': 'PBUC013 15A Wall Tap w/USB'}","{'brand': 'Prime', 'source': 'structured_field', 'confidence': 0.99, 'candidates': ['Prime']}","{'value': 'Prime Wire & Cable', 'score': 100.0, 'match': 'Prime Wire & Cable'}","{'raw': {'diameter': None, 'thickness': None, 'arbor': None, 'product_type': None, 'pack_quantity': None}, 'normalized': {'diameter': None, 'thickness': None, 'arbor': None, 'product_type': None, 'pack_quantity': None}, 'confidence': {}, 'evidence': [], 'status': 'accepted'}",0
R00-GFNT1-00K,R00GFNT100K 15A Outlet Br,accepted,"{'mpn': 'R00-GFNT1-00K', 'manufacturer': 'Leviton Mfg Co (4927)', 'manufacturer_candidate': 'Leviton Mfg Co', 'brand_candidate': 'Leviton', 'identity_query': 'R00-GFNT1-00K Leviton Mfg Co Leviton', 'brands': ['Leviton'], 'description': 'R00GFNT100K 15A Outlet Br'}","{'brand': 'Leviton', 'source': 'structured_field', 'confidence': 0.99, 'candidates': ['Leviton']}","{'value': 'Leviton Mfg Co', 'score': 100.0, 'match': 'Leviton Mfg Co'}","{'raw': {'diameter': None, 'thickness': None, 'arbor': None, 'product_type': None, 'pack_quantity': None}, 'normalized': {'diameter': None, 'thickness': None, 'arbor': None, 'product_type': None, 'pack_quantity': None}, 'confidence': {}, 'evidence': [], 'status': 'accepted'}",0
R92-GFWT1-0KW,R92GFWT10KW 15A GFCI Outlet Wh,accepted,"{'mpn': 'R92-GFWT1-0KW', 'manufacturer': 'Leviton Mfg Co (4927)', 'manufacturer_candidate': 'Leviton Mfg Co', 'brand_candidate': 'Leviton', 'identity_query': 'R92-GFWT1-0KW Leviton Mfg Co Leviton', 'brands': ['Leviton'], 'description': 'R92GFWT10KW 15A GFCI Outlet Wh'}","{'brand': 'Leviton', 'source': 'structured_field', 'confidence': 0.99, 'candidates': ['Leviton']}","{'value': 'Leviton Mfg Co', 'score': 100.0, 'match': 'Leviton Mfg Co'}","{'raw': {'diameter': None, 'thickness': None, 'arbor': None, 'product_type': None, 'pack_quantity': None}, 'normalized': {'diameter': None, 'thickness': None, 'arbor': None, 'product_type': None, 'pack_quantity': None}, 'confidence': {}, 'evidence': [], 'status': 'accepted'}",0
R12-AGTR1-0KW,R12AGTR10KW 15A GFCI Outler Wh,accepted,"{'mpn': 'R12-AGTR1-0KW', 'manufacturer': 'Leviton Mfg Co (4927)', 'manufacturer_candidate': 'Leviton Mfg Co', 'brand_candidate': 'Leviton', 'identity_query': 'R12-AGTR1-0KW Leviton Mfg Co Leviton', 'brands': ['Leviton'], 'description': 'R12AGTR10KW 15A GFCI Outler Wh'}","{'brand': 'Leviton', 'source': 'structured_field', 'confidence': 0.99, 'candidates': ['Leviton']}","{'value': 'Leviton Mfg Co', 'score': 100.0, 'match': 'Leviton Mfg Co'}","{'raw': {'diameter': None, 'thickness': None, 'arbor': None, 'product_type': None, 'pack_quantity': None}, 'normalized': {'diameter': None, 'thickness': None, 'arbor': None, 'product_type': None, 'pack_quantity': None}, 'confidence': {}, 'evidence': [], 'status': 'accepted'}",0
R62-GFTA1-0KW,R92GFTA10KW 15A GFCI Outlet Wh,accepted,"{'mpn': 'R62-GFTA1-0KW', 'manufacturer': 'Leviton Mfg Co (4927)', 'manufacturer_candidate': 'Leviton Mfg Co', 'brand_candidate': 'Leviton', 'identity_query': 'R62-GFTA1-0KW Leviton Mfg Co Leviton', 'brands': ['Leviton'], 'description': 'R92GFTA10KW 15A GFCI Outlet Wh'}","{'brand': 'Leviton', 'source': 'structured_field', 'confidence': 0.99, 'candidates': ['Leviton']}","{'value': 'Leviton Mfg Co', 'score': 100.0, 'match': 'Leviton Mfg Co'}","{'raw': {'diameter': None, 'thickness': None, 'arbor': None, 'product_type': None, 'pack_quantity': None}, 'normalized': {'diameter': None, 'thickness': None, 'arbor': None, 'product_type': None, 'pack_quantity': None}, 'confidence': {}, 'evidence': [], 'status': 'accepted'}",0
165-04729-00C,1650472900C 15A 125V Cord Conn,accepted,"{'mpn': '165-04729-00C', 'manufacturer': 'Leviton Mfg Co (4927)', 'manufacturer_candidate': 'Leviton Mfg Co', 'brand_candidate': 'Leviton', 'identity_query': '165-04729-00C Leviton Mfg Co Leviton', 'brands': ['Leviton'], 'description': '1650472900C 15A 125V Cord Conn'}","{'brand': 'Leviton', 'source': 'structured_field', 'confidence': 0.99, 'candidates': ['Leviton']}","{'value': 'Leviton Mfg Co', 'score': 100.0, 'match': 'Leviton Mfg Co'}","{'raw': {'diameter': None, 'thickness': None, 'arbor': None, 'product_type': None, 'pack_quantity': None}, 'normalized': {'diameter': None, 'thickness': None, 'arbor': None, 'product_type': None, 'pack_quantity': None}, 'confidence': {}, 'evidence': [], 'status': 'accepted'}",0
161-04720-00C,1610472000C 15A 125V Cord Conn,accepted,"{'mpn': '161-04720-00C', 'manufacturer': 'Leviton Mfg Co (4927)', 'manufacturer_candidate': 'Leviton Mfg Co', 'brand_candidate': 'Leviton', 'identity_query': '161-04720-00C Leviton Mfg Co Leviton', 'brands': ['Leviton'], 'description': '1610472000C 15A 125V Cord Conn'}","{'brand': 'Leviton', 'source': 'structured_field', 'confidence': 0.99, 'candidates': ['Leviton']}","{'value': 'Leviton Mfg Co', 'score': 100.0, 'match': 'Leviton Mfg Co'}","{'raw': {'diameter': None, 'thickness': None, 'arbor': None, 'product_type': None, 'pack_quantity': None}, 'normalized': {'diameter': None, 'thickness': None, 'arbor': None, 'product_type': None, 'pack_quantity': None}, 'confidence': {}, 'evidence': [], 'status': 'accepted'}",0
R02-GUAC1-0BW,R02GUAC10BW 15A/USB Outlet Wh,accepted,"{'mpn': 'R02-GUAC1-0BW', 'manufacturer': 'Leviton Mfg Co (4927)', 'manufacturer_candidate': 'Leviton Mfg Co', 'brand_candidate': 'Leviton', 'identity_query': 'R02-GUAC1-0BW Leviton Mfg Co Leviton', 'brands': ['Leviton'], 'description': 'R02GUAC10BW 15A/USB Outlet Wh'}","{'brand': 'Leviton', 'source': 'structured_field', 'confidence': 0.99, 'candidates': ['Leviton']}","{'value': 'Leviton Mfg Co', 'score': 100.0, 'match': 'Leviton Mfg Co'}","{'raw': {'diameter': None, 'thickness': None, 'arbor': None, 'product_type': None, 'pack_quantity': None}, 'normalized': {'diameter': None, 'thickness': None, 'arbor': None, 'product_type': None, 'pack_quantity': None}, 'confidence': {}, 'evidence': [], 'status': 'accepted'}",0
R56-CBR15-00T,R56CBR1500T 15A Outlet LA,accepted,"{'mpn': 'R56-CBR15-00T', 'manufacturer': 'Leviton Mfg Co (4927)', 'manufacturer_candidate': 'Leviton Mfg Co', 'brand_candidate': 'Leviton', 'identity_query': 'R56-CBR15-00T Leviton Mfg Co Leviton', 'brands': ['Leviton'], 'description': 'R56CBR1500T 15A Outlet LA'}","{'brand': 'Leviton', 'source': 'structured_field', 'confidence': 0.99, 'candidates': ['Leviton']}","{'value': 'Leviton Mfg Co', 'score': 100.0, 'match': 'Leviton Mfg Co'}","{'raw': {'diameter': None, 'thickness': None, 'arbor': None, 'product_type': None, 'pack_quantity': None}, 'normalized': {'diameter': None, 'thickness': None, 'arbor': None, 'product_type': None, 'pack_quantity': None}, 'confidence': {}, 'evidence': [], 'status': 'accepted'}",0
R20-05378-P00,R2005378P00 6-50R Welder Outet,accepted,"{'mpn': 'R20-05378-P00', 'manufacturer': 'Leviton Mfg Co (4927)', 'manufacturer_candidate': 'Leviton Mfg Co', 'brand_candidate': 'Leviton', 'identity_query': 'R20-05378-P00 Leviton Mfg Co Leviton', 'brands': ['Leviton'], 'description': 'R2005378P00 6-50R Welder Outet'}","{'brand': 'Leviton', 'source': 'structured_field', 'confidence': 0.99, 'candidates': ['Leviton']}","{'value': 'Leviton Mfg Co', 'score': 100.0, 'match': 'Leviton Mfg Co'}","{'raw': {'diameter': None, 'thickness': None, 'arbor': None, 'product_type': None, 'pack_quantity': None}, 'normalized': {'diameter': None, 'thickness': None, 'arbor': None, 'product_type': None, 'pack_quantity': None}, 'confidence': {}, 'evidence': [], 'status': 'accepted'}",0
WC1V12W-SG-UPC,WC1V12WSGUPC 1G Cover Wh,accepted,"{'mpn': 'WC1V12W-SG-UPC', 'manufacturer': 'Southwire/g Turner (6603)', 'manufacturer_candidate': 'Southwire/g Turner', 'brand_candidate': 'Southwire', 'identity_query': 'WC1V12W-SG-UPC Southwire/g Turner Southwire', 'brands': ['Southwire'], 'description': 'WC1V12WSGUPC 1G Cover Wh'}","{'brand': 'Southwire', 'source': 'structured_field', 'confidence': 0.99, 'candidates': ['Southwire']}","{'value': 'Southwire/g Turner', 'score': 100.0, 'match': 'Southwire/g Turner'}","{'raw': {'diameter': None, 'thickness': None, 'arbor': None, 'product_type': None, 'pack_quantity': None}, 'normalized': {'diameter': None, 'thickness': None, 'arbor': None, 'product_type': None, 'pack_quantity': None}, 'confidence': {}, 'evidence': [], 'status': 'accepted'}",0
R51-GSRA1-THD,R5GSRA1THD 15A GFCI Plug,accepted,"{'mpn': 'R51-GSRA1-THD', 'manufacturer': 'Leviton Mfg Co (4927)', 'manufacturer_candidate': 'Leviton Mfg Co', 'brand_candidate': 'Leviton', 'identity_query': 'R51-GSRA1-THD Leviton Mfg Co Leviton', 'brands': ['Leviton'], 'description': 'R5GSRA1THD 15A GFCI Plug'}","{'brand': 'Leviton', 'source': 'structured_field', 'confidence': 0.99, 'candidates': ['Leviton']}","{'value': 'Leviton Mfg Co', 'score': 100.0, 'match': 'Leviton Mfg Co'}","{'raw': {'diameter': None, 'thickness': None, 'arbor': None, 'product_type': None, 'pack_quantity': None}, 'normalized': {'diameter': None, 'thickness': None, 'arbor': None, 'product_type': None, 'pack_quantity': None}, 'confidence': {}, 'evidence': [], 'status': 'accepted'}",0
R62-CBR15-00W,R62CBR1500W 15A Outlet Wh,accepted,"{'mpn': 'R62-CBR15-00W', 'manufacturer': 'Leviton Mfg Co (4927)', 'manufacturer_candidate': 'Leviton Mfg Co', 'brand_candidate': 'Leviton', 'identity_query': 'R62-CBR15-00W Leviton Mfg Co Leviton', 'brands': ['Leviton'], 'description': 'R62CBR1500W 15A Outlet Wh'}","{'brand': 'Leviton', 'source': 'structured_field', 'confidence': 0.99, 'candidates': ['Leviton']}","{'value': 'Leviton Mfg Co', 'score': 100.0, 'match': 'Leviton Mfg Co'}","{'raw': {'diameter': None, 'thickness': None, 'arbor': None, 'product_type': None, 'pack_quantity': None}, 'normalized': {'diameter': None, 'thickness': None, 'arbor': None, 'product_type': None, 'pack_quantity': None}, 'confidence': {}, 'evidence': [], 'status': 'accepted'}",0
S03-05226-IS,S0305226IS IV Switch / Pilot,accepted,"{'mpn': 'S03-05226-IS', 'manufacturer': 'Leviton Mfg Co (4927)', 'manufacturer_candidate': 'Leviton Mfg Co', 'brand_candidate': 'Leviton', 'identity_query': 'S03-05226-IS Leviton Mfg Co Leviton', 'brands': ['Leviton'], 'description': 'S0305226IS IV Switch / Pilot'}","{'brand': 'Leviton', 'source': 'structured_field', 'confidence': 0.99, 'candidates': ['Leviton']}","{'value': 'Leviton Mfg Co', 'score': 100.0, 'match': 'Leviton Mfg Co'}","{'raw': {'diameter': None, 'thickness': None, 'arbor': None, 'product_type': None, 'pack_quantity': None}, 'normalized': {'diameter': None, 'thickness': None, 'arbor': None, 'product_type': None, 'pack_quantity': None}, 'confidence': {}, 'evidence': [], 'status': 'accepted'}",0
174-0CSB3-15W,174-OCSB3-15A Toggle 3-Way Switch Wh,accepted,"{'mpn': '174-0CSB3-15W', 'manufacturer': 'Leviton Mfg Co (4927)', 'manufacturer_candidate': 'Leviton Mfg Co', 'brand_candidate': None, 'identity_query': '174-0CSB3-15W Leviton Mfg Co', 'brands': [], 'description': '174-OCSB3-15A Toggle 3-Way Switch Wh'}","{'brand': None, 'source': None, 'confidence': 0.0, 'candidates': []}","{'value': 'Leviton Mfg Co', 'score': 100.0, 'match': 'Leviton Mfg Co'}","{'raw': {'diameter': None, 'thickness': None, 'arbor': None, 'product_type': None, 'pack_quantity': None}, 'normalized': {'diameter': None, 'thickness': None, 'arbor': None, 'product_type': None, 'pack_quantity': None}, 'confidence': {}, 'evidence': [], 'status': 'accepted'}",0
R50-0SL13-000,T50-0SL13000 1G Wallplate SS - Blank,accepted,"{'mpn': 'R50-0SL13-000', 'manufacturer': 'Leviton Mfg Co (4927)', 'manufacturer_candidate': 'Leviton Mfg Co', 'brand_candidate': 'Leviton', 'identity_query': 'R50-0SL13-000 Leviton Mfg Co Leviton', 'brands': ['Leviton'], 'description': 'T50-0SL13000 1G Wallplate SS - Blank'}","{'brand': 'Leviton', 'source': 'structured_field', 'confidence': 0.99, 'candidates': ['Leviton']}","{'value': 'Leviton Mfg Co', 'score': 100.0, 'match': 'Leviton Mfg Co'}","{'raw': {'diameter': None, 'thickness': None, 'arbor': None, 'product_type': None, 'pack_quantity': None}, 'normalized': {'diameter': None, 'thickness': None, 'arbor': None, 'product_type': None, 'pack_quantity': None}, 'confidence': {}, 'evidence': [], 'status': 'accepted'}",0
R52-0PJ13-00W,R520PJ1300W 1G Wallplate Wh - Blank,accepted,"{'mpn': 'R52-0PJ13-00W', 'manufacturer': 'Leviton Mfg Co (4927)', 'manufacturer_candidate': 'Leviton Mfg Co', 'brand_candidate': 'Leviton', 'identity_query': 'R52-0PJ13-00W Leviton Mfg Co Leviton', 'brands': ['Leviton'], 'description': 'R520PJ1300W 1G Wallplate Wh - Blank'}","{'brand': 'Leviton', 'source': 'structured_field', 'confidence': 0.99, 'candidates': ['Leviton']}","{'value': 'Leviton Mfg Co', 'score': 100.0, 'match': 'Leviton Mfg Co'}","{'raw': {'diameter': None, 'thickness': None, 'arbor': None, 'product_type': None, 'pack_quantity': None}, 'normalized': {'diameter': None, 'thickness': None, 'arbor': None, 'product_type': None, 'pack_quantity': None}, 'confidence': {}, 'evidence': [], 'status': 'accepted'}",0
XOU2470BCGS,XOU2470BCGS Tall Beverage Center SS,accepted,"{'mpn': 'XOU2470BCGS', 'manufacturer': 'Appliance Dealers Cooperative (APPDE)', 'manufacturer_candidate': 'Appliance Dealers Cooperative', 'brand_candidate': None, 'identity_query': 'XOU2470BCGS Appliance Dealers Cooperative', 'brands': [], 'description': 'XOU2470BCGS Tall Beverage Center SS'}","{'brand': None, 'source': None, 'confidence': 0.0, 'candidates': []}","{'value': 'Appliance Dealers Cooperative', 'score': 100.0, 'match': 'Appliance Dealers Cooperative'}","{'raw': {'diameter': None, 'thickness': None, 'arbor': None, 'product_type': None, 'pack_quantity': None}, 'normalized': {'diameter': None, 'thickness': None, 'arbor': None, 'product_type': None, 'pack_quantity': None}, 'confidence': {}, 'evidence': [], 'status': 'accepted'}",0
XOU24BCGSR,XOU24BCGSR Beverage Center SS,accepted,"{'mpn': 'XOU24BCGSR', 'manufacturer': 'Appliance Dealers Cooperative (APPDE)', 'manufacturer_candidate': 'Appliance Dealers Cooperative', 'brand_candidate': None, 'identity_query': 'XOU24BCGSR Appliance Dealers Cooperative', 'brands': [], 'description': 'XOU24BCGSR Beverage Center SS'}","{'brand': None, 'source': None, 'confidence': 0.0, 'candidates': []}","{'value': 'Appliance Dealers Cooperative', 'score': 100.0, 'match': 'Appliance Dealers Cooperative'}","{'raw': {'diameter': None, 'thickness': None, 'arbor': None, 'product_type': None, 'pack_quantity': None}, 'normalized': {'diameter': None, 'thickness': None, 'arbor': None, 'product_type': None, 'pack_quantity': None}, 'confidence': {}, 'evidence': [], 'status': 'accepted'}",0
XOU24WDZGBR,XOU24WDZGBR Beverage Center Bk,accepted,"{'mpn': 'XOU24WDZGBR', 'manufacturer': 'Appliance Dealers Cooperative (APPDE)', 'manufacturer_candidate': 'Appliance Dealers Cooperative', 'brand_candidate': None, 'identity_query': 'XOU24WDZGBR Appliance Dealers Cooperative', 'brands': [], 'description': 'XOU24WDZGBR Beverage Center Bk'}","{'brand': None, 'source': None, 'confidence': 0.0, 'candidates': []}","{'value': 'Appliance Dealers Cooperative', 'score': 100.0, 'match': 'Appliance Dealers Cooperative'}","{'raw': {'diameter': None, 'thickness': None, 'arbor': None, 'product_type': None, 'pack_quantity': None}, 'normalized': {'diameter': None, 'thickness': None, 'arbor': None, 'product_type': None, 'pack_quantity': None}, 'confidence': {}, 'evidence': [], 'status': 'accepted'}",0
C7CDAAS3PD3,C7CDAAS3PD3 Café Drip Coffee Maker MB,accepted,"{'mpn': 'C7CDAAS3PD3', 'manufacturer': 'Appliance Dealers Cooperative (APPDE)', 'manufacturer_candidate': 'Appliance Dealers Cooperative', 'brand_candidate': None, 'identity_query': 'C7CDAAS3PD3 Appliance Dealers Cooperative', 'brands': [], 'description': 'C7CDAAS3PD3 Café Drip Coffee Maker MB'}","{'brand': None, 'source': None, 'confidence': 0.0, 'candidates': []}","{'value': 'Appliance Dealers Cooperative', 'score': 100.0, 'match': 'Appliance Dealers Cooperative'}","{'raw': {'diameter': None, 'thickness': None, 'arbor': None, 'product_type': None, 'pack_quantity': None}, 'normalized': {'diameter': None, 'thickness': None, 'arbor': None, 'product_type': None, 'pack_quantity': None}, 'confidence': {}, 'evidence': [], 'status': 'accepted'}",0
C7CDAAS4PW3,C7CDAAS4PW3 Café Drip Coffee Maker MW,accepted,"{'mpn': 'C7CDAAS4PW3', 'manufacturer': 'Appliance Dealers Cooperative (APPDE)', 'manufacturer_candidate': 'Appliance Dealers Cooperative', 'brand_candidate': None, 'identity_query': 'C7CDAAS4PW3 Appliance Dealers Cooperative', 'brands': [], 'description': 'C7CDAAS4PW3 Café Drip Coffee Maker MW'}","{'brand': None, 'source': None, 'confidence': 0.0, 'candidates': []}","{'value': 'Appliance Dealers Cooperative', 'score': 100.0, 'match': 'Appliance Dealers Cooperative'}","{'raw': {'diameter': None, 'thickness': None, 'arbor': None, 'product_type': None, 'pack_quantity': None}, 'normalized': {'diameter': None, 'thickness': None, 'arbor': None, 'product_type': None, 'pack_quantity': None}, 'confidence': {}, 'evidence': [], 'status': 'accepted'}",0
C7CDABS2RS3,C7CDABS2RS3 Cafe Coffee Maker,accepted,"{'mpn': 'C7CDABS2RS3', 'manufacturer': 'Appliance Dealers Cooperative (APPDE)', 'manufacturer_candidate': 'Appliance Dealers Cooperative', 'brand_candidate': None, 'identity_query': 'C7CDABS2RS3 Appliance Dealers Cooperative', 'brands': [], 'description': 'C7CDABS2RS3 Cafe Coffee Maker'}","{'brand': None, 'source': None, 'confidence': 0.0, 'candidates': []}","{'value': 'Appliance Dealers Cooperative', 'score': 100.0, 'match': 'Appliance Dealers Cooperative'}","{'raw': {'diameter': None, 'thickness': None, 'arbor': None, 'product_type': None, 'pack_quantity': None}, 'normalized': {'diameter': None, 'thickness': None, 'arbor': None, 'product_type': None, 'pack_quantity': None}, 'confidence': {}, 'evidence': [], 'status': 'accepted'}",0
C7CDABS3RD3,C7CDABS3RD3 Café Coffee Maker MB,accepted,"{'mpn': 'C7CDABS3RD3', 'manufacturer': 'Appliance Dealers Cooperative (APPDE)', 'manufacturer_candidate': 'Appliance Dealers Cooperative', 'brand_candidate': None, 'identity_query': 'C7CDABS3RD3 Appliance Dealers Cooperative', 'brands': [], 'description': 'C7CDABS3RD3 Café Coffee Maker MB'}","{'brand': None, 'source': None, 'confidence': 0.0, 'candidates': []}","{'value': 'Appliance Dealers Cooperative', 'score': 100.0, 'match': 'Appliance Dealers Cooperative'}","{'raw': {'diameter': None, 'thickness': None, 'arbor': None, 'product_type': None, 'pack_quantity': None}, 'normalized': {'diameter': None, 'thickness': None, 'arbor': None, 'product_type': None, 'pack_quantity': None}, 'confidence': {}, 'evidence': [], 'status': 'accepted'}",0
C7CDABS4RW3,C7CDABS4RW3 Café Coffee Maker MW,accepted,"{'mpn': 'C7CDABS4RW3', 'manufacturer': 'Appliance Dealers Cooperative (APPDE)', 'manufacturer_candidate': 'Appliance Dealers Cooperative', 'brand_candidate': None, 'identity_query': 'C7CDABS4RW3 Appliance Dealers Cooperative', 'brands': [], 'description': 'C7CDABS4RW3 Café Coffee Maker MW'}","{'brand': None, 'source': None, 'confidence': 0.0, 'candidates': []}","{'value': 'Appliance Dealers Cooperative', 'score': 100.0, 'match': 'Appliance Dealers Cooperative'}","{'raw': {'diameter': None, 'thickness': None, 'arbor': None, 'product_type': None, 'pack_quantity': None}, 'normalized': {'diameter': None, 'thickness': None, 'arbor': None, 'product_type': None, 'pack_quantity': None}, 'confidence': {}, 'evidence': [], 'status': 'accepted'}",0
C7CEBBS2RS3,C7CEBBS2RS3 Cafe Auto Espresso Machine SS,accepted,"{'mpn': 'C7CEBBS2RS3', 'manufacturer': 'Appliance Dealers Cooperative (APPDE)', 'manufacturer_candidate': 'Appliance Dealers Cooperative', 'brand_candidate': None, 'identity_query': 'C7CEBBS2RS3 Appliance Dealers Cooperative', 'brands': [], 'description': 'C7CEBBS2RS3 Cafe Auto Espresso Machine SS'}","{'brand': None, 'source': None, 'confidence': 0.0, 'candidates': []}","{'value': 'Appliance Dealers Cooperative', 'score': 100.0, 'match': 'Appliance Dealers Cooperative'}","{'raw': {'diameter': None, 'thickness': None, 'arbor': None, 'product_type': None, 'pack_quantity': None}, 'normalized': {'diameter': None, 'thickness': None, 'arbor': None, 'product_type': None, 'pack_quantity': None}, 'confidence': {}, 'evidence': [], 'status': 'accepted'}",0
C7CEBBS4RW3,C7CEBBS4RW3 Café Auto Espresso Machine Wh,accepted,"{'mpn': 'C7CEBBS4RW3', 'manufacturer': 'Appliance Dealers Cooperative (APPDE)', 'manufacturer_candidate': 'Appliance Dealers Cooperative', 'brand_candidate': None, 'identity_query': 'C7CEBBS4RW3 Appliance Dealers Cooperative', 'brands': [], 'description': 'C7CEBBS4RW3 Café Auto Espresso Machine Wh'}","{'brand': None, 'source': None, 'confidence': 0.0, 'candidates': []}","{'value': 'Appliance Dealers Cooperative', 'score': 100.0, 'match': 'Appliance Dealers Cooperative'}","{'raw': {'diameter': None, 'thickness': None, 'arbor': None, 'product_type': None, 'pack_quantity': None}, 'normalized': {'diameter': None, 'thickness': None, 'arbor': None, 'product_type': None, 'pack_quantity': None}, 'confidence': {}, 'evidence': [], 'status': 'accepted'}",0
C7CESAS2RS3,C7CESAS2RS3 Café Espresso SS,accepted,"{'mpn': 'C7CESAS2RS3', 'manufacturer': 'Appliance Dealers Cooperative (APPDE)', 'manufacturer_candidate': 'Appliance Dealers Cooperative', 'brand_candidate': None, 'identity_query': 'C7CESAS2RS3 Appliance Dealers Cooperative', 'brands': [], 'description': 'C7CESAS2RS3 Café Espresso SS'}","{'brand': None, 'source': None, 'confidence': 0.0, 'candidates': []}","{'value': 'Appliance Dealers Cooperative', 'score': 100.0, 'match': 'Appliance Dealers Cooperative'}","{'raw': {'diameter': None, 'thickness': None, 'arbor': None, 'product_type': None, 'pack_quantity': None}, 'normalized': {'diameter': None, 'thickness': None, 'arbor': None, 'product_type': None, 'pack_quantity': None}, 'confidence': {}, 'evidence': [], 'status': 'accepted'}",0
C7CESAS3RD3,C7CESAS3RD3 Café Espresso Machine MB,accepted,"{'mpn': 'C7CESAS3RD3', 'manufacturer': 'Appliance Dealers Cooperative (APPDE)', 'manufacturer_candidate': 'Appliance Dealers Cooperative', 'brand_candidate': None, 'identity_query': 'C7CESAS3RD3 Appliance Dealers Cooperative', 'brands': [], 'description': 'C7CESAS3RD3 Café Espresso Machine MB'}","{'brand': None, 'source': None, 'confidence': 0.0, 'candidates': []}","{'value': 'Appliance Dealers Cooperative', 'score': 100.0, 'match': 'Appliance Dealers Cooperative'}","{'raw': {'diameter': None, 'thickness': None, 'arbor': None, 'product_type': None, 'pack_quantity': None}, 'normalized': {'diameter': None, 'thickness': None, 'arbor': None, 'product_type': None, 'pack_quantity': None}, 'confidence': {}, 'evidence': [], 'status': 'accepted'}",0
C7CESAS4RW3,C7CESAS4RW3 Cafe Espresso Wh,accepted,"{'mpn': 'C7CESAS4RW3', 'manufacturer': 'Appliance Dealers Cooperative (APPDE)', 'manufacturer_candidate': 'Appliance Dealers Cooperative', 'brand_candidate': None, 'identity_query': 'C7CESAS4RW3 Appliance Dealers Cooperative', 'brands': [], 'description': 'C7CESAS4RW3 Cafe Espresso Wh'}","{'brand': None, 'source': None, 'confidence': 0.0, 'candidates': []}","{'value': 'Appliance Dealers Cooperative', 'score': 100.0, 'match': 'Appliance Dealers Cooperative'}","{'raw': {'diameter': None, 'thickness': None, 'arbor': None, 'product_type': None, 'pack_quantity': None}, 'normalized': {'diameter': None, 'thickness': None, 'arbor': None, 'product_type': None, 'pack_quantity': None}, 'confidence': {}, 'evidence': [], 'status': 'accepted'}",0
WOSP30100SS,WOSP30100SS Beko Wall Oven SS,accepted,"{'mpn': 'WOSP30100SS', 'manufacturer': 'Appliance Dealers Cooperative (APPDE)', 'manufacturer_candidate': 'Appliance Dealers Cooperative', 'brand_candidate': None, 'identity_query': 'WOSP30100SS Appliance Dealers Cooperative', 'brands': [], 'description': 'WOSP30100SS Beko Wall Oven SS'}","{'brand': None, 'source': None, 'confidence': 0.0, 'candidates': []}","{'value': 'Appliance Dealers Cooperative', 'score': 100.0, 'match': 'Appliance Dealers Cooperative'}","{'raw': {'diameter': None, 'thickness': None, 'arbor': None, 'product_type': None, 'pack_quantity': None}, 'normalized': {'diameter': None, 'thickness': None, 'arbor': None, 'product_type': None, 'pack_quantity': None}, 'confidence': {}, 'evidence': [], 'status': 'accepted'}",0
MSER2090S,MSER2090S LG Microwave SS,accepted,"{'mpn': 'MSER2090S', 'manufacturer': 'Appliance Dealers Cooperative (APPDE)', 'manufacturer_candidate': 'Appliance Dealers Cooperative', 'brand_candidate': None, 'identity_query': 'MSER2090S Appliance Dealers Cooperative', 'brands': [], 'description': 'MSER2090S LG Microwave SS'}","{'brand': None, 'source': None, 'confidence': 0.0, 'candidates': []}","{'value': 'Appliance Dealers Cooperative', 'score': 100.0, 'match': 'Appliance Dealers Cooperative'}","{'raw': {'diameter': None, 'thickness': None, 'arbor': None, 'product_type': None, 'pack_quantity': None}, 'normalized': {'diameter': None, 'thickness': None, 'arbor': None, 'product_type': None, 'pack_quantity': None}, 'confidence': {}, 'evidence': [], 'status': 'accepted'}",0
GCST16S1WSS,GCST16S1WSS GE Microwave SS,accepted,"{'mpn': 'GCST16S1WSS', 'manufacturer': 'Appliance Dealers Cooperative (APPDE)', 'manufacturer_candidate': 'Appliance Dealers Cooperative', 'brand_candidate': None, 'identity_query': 'GCST16S1WSS Appliance Dealers Cooperative', 'brands': [], 'description': 'GCST16S1WSS GE Microwave SS'}","{'brand': None, 'source': None, 'confidence': 0.0, 'candidates': []}","{'value': 'Appliance Dealers Cooperative', 'score': 100.0, 'match': 'Appliance Dealers Cooperative'}","{'raw': {'diameter': None, 'thickness': None, 'arbor': None, 'product_type': None, 'pack_quantity': None}, 'normalized': {'diameter': None, 'thickness': None, 'arbor': None, 'product_type': None, 'pack_quantity': None}, 'confidence': {}, 'evidence': [], 'status': 'accepted'}",0
PCWK15C1WSS,PCWK15C1WSS GE Microwave,accepted,"{'mpn': 'PCWK15C1WSS', 'manufacturer': 'Appliance Dealers Cooperative (APPDE)', 'manufacturer_candidate': 'Appliance Dealers Cooperative', 'brand_candidate': None, 'identity_query': 'PCWK15C1WSS Appliance Dealers Cooperative', 'brands': [], 'description': 'PCWK15C1WSS GE Microwave'}","{'brand': None, 'source': None, 'confidence': 0.0, 'candidates': []}","{'value': 'Appliance Dealers Cooperative', 'score': 100.0, 'match': 'Appliance Dealers Cooperative'}","{'raw': {'diameter': None, 'thickness': None, 'arbor': None, 'product_type': None, 'pack_quantity': None}, 'normalized': {'diameter': None, 'thickness': None, 'arbor': None, 'product_type': None, 'pack_quantity': None}, 'confidence': {}, 'evidence': [], 'status': 'accepted'}",0
SMC2266KS,SMC2266KS Microwave SS Display Only,accepted,"{'mpn': 'SMC2266KS', 'manufacturer': 'Appliance Dealers Cooperative (APPDE)', 'manufacturer_candidate': 'Appliance Dealers Cooperative', 'brand_candidate': None, 'identity_query': 'SMC2266KS Appliance Dealers Cooperative', 'brands': [], 'description': 'SMC2266KS Microwave SS Display Only'}","{'brand': None, 'source': None, 'confidence': 0.0, 'candidates': []}","{'value': 'Appliance Dealers Cooperative', 'score': 100.0, 'match': 'Appliance Dealers Cooperative'}","{'raw': {'diameter': None, 'thickness': None, 'arbor': None, 'product_type': None, 'pack_quantity': None}, 'normalized': {'diameter': None, 'thickness': None, 'arbor': None, 'product_type': None, 'pack_quantity': None}, 'confidence': {}, 'evidence': [], 'status': 'accepted'}",0
SMD2479JS,SMD2479JS Microwave Drawer SS Display Only,accepted,"{'mpn': 'SMD2479JS', 'manufacturer': 'Appliance Dealers Cooperative (APPDE)', 'manufacturer_candidate': 'Appliance Dealers Cooperative', 'brand_candidate': None, 'identity_query': 'SMD2479JS Appliance Dealers Cooperative', 'brands': [], 'description': 'SMD2479JS Microwave Drawer SS Display Only'}","{'brand': None, 'source': None, 'confidence': 0.0, 'candidates': []}","{'value': 'Appliance Dealers Cooperative', 'score': 100.0, 'match': 'Appliance Dealers Cooperative'}","{'raw': {'diameter': None, 'thickness': None, 'arbor': None, 'product_type': None, 'pack_quantity': None}, 'normalized': {'diameter': None, 'thickness': None, 'arbor': None, 'product_type': None, 'pack_quantity': None}, 'confidence': {}, 'evidence': [], 'status': 'accepted'}",0
PEP9030DTBB,"PEP9030DTBB 30"" GE Cooktop Bk",accepted,"{'mpn': 'PEP9030DTBB', 'manufacturer': 'Appliance Dealers Cooperative (APPDE)', 'manufacturer_candidate': 'Appliance Dealers Cooperative', 'brand_candidate': None, 'identity_query': 'PEP9030DTBB Appliance Dealers Cooperative', 'brands': [], 'description': 'PEP9030DTBB 30"" GE Cooktop Bk'}","{'brand': None, 'source': None, 'confidence': 0.0, 'candidates': []}","{'value': 'Appliance Dealers Cooperative', 'score': 100.0, 'match': 'Appliance Dealers Cooperative'}","{'raw': {'diameter': None, 'thickness': None, 'arbor': None, 'product_type': None, 'pack_quantity': None}, 'normalized': {'diameter': None, 'thickness': None, 'arbor': None, 'product_type': None, 'pack_quantity': None}, 'confidence': {}, 'evidence': [], 'status': 'accepted'}",0
CES700P3MD1,"CES700P3MD1 Cafe 30"" Range Bk - Display",accepted,"{'mpn': 'CES700P3MD1', 'manufacturer': 'Appliance Dealers Cooperative (APPDE)', 'manufacturer_candidate': 'Appliance Dealers Cooperative', 'brand_candidate': None, 'identity_query': 'CES700P3MD1 Appliance Dealers Cooperative', 'brands': [], 'description': 'CES700P3MD1 Cafe 30"" Range Bk - Display'}","{'brand': None, 'source': None, 'confidence': 0.0, 'candidates': []}","{'value': 'Appliance Dealers Cooperative', 'score': 100.0, 'match': 'Appliance Dealers Cooperative'}","{'raw': {'diameter': None, 'thickness': None, 'arbor': None, 'product_type': None, 'pack_quantity': None}, 'normalized': {'diameter': None, 'thickness': None, 'arbor': None, 'product_type': None, 'pack_quantity': None}, 'confidence': {}, 'evidence': [], 'status': 'accepted'}",0
PS960YPFS,"PS960YPFS 30"" GE Electric Range SS - Display Only",accepted,"{'mpn': 'PS960YPFS', 'manufacturer': 'Appliance Dealers Cooperative (APPDE)', 'manufacturer_candidate': 'Appliance Dealers Cooperative', 'brand_candidate': None, 'identity_query': 'PS960YPFS Appliance Dealers Cooperative', 'brands': [], 'description': 'PS960YPFS 30"" GE Electric Range SS - Display Only'}","{'brand': None, 'source': None, 'confidence': 0.0, 'candidates': []}","{'value': 'Appliance Dealers Cooperative', 'score': 100.0, 'match': 'Appliance Dealers Cooperative'}","{'raw': {'diameter': None, 'thickness': None, 'arbor': None, 'product_type': None, 'pack_quantity': None}, 'normalized': {'diameter': None, 'thickness': None, 'arbor': None, 'product_type': None, 'pack_quantity': None}, 'confidence': {}, 'evidence': [], 'status': 'accepted'}",0
PB900YVFS,"PB900YVFS Elect 30"" Range SS",accepted,"{'mpn': 'PB900YVFS', 'manufacturer': 'Appliance Dealers Cooperative (APPDE)', 'manufacturer_candidate': 'Appliance Dealers Cooperative', 'brand_candidate': None, 'identity_query': 'PB900YVFS Appliance Dealers Cooperative', 'brands': [], 'description': 'PB900YVFS Elect 30"" Range SS'}","{'brand': None, 'source': None, 'confidence': 0.0, 'candidates': []}","{'value': 'Appliance Dealers Cooperative', 'score': 100.0, 'match': 'Appliance Dealers Cooperative'}","{'raw': {'diameter': None, 'thickness': None, 'arbor': None, 'product_type': None, 'pack_quantity': None}, 'normalized': {'diameter': None, 'thickness': None, 'arbor': None, 'product_type': None, 'pack_quantity': None}, 'confidence': {}, 'evidence': [], 'status': 'accepted'}",0
PCFE3080AF,"PCFE3080AF 30"" Elect Range SS - Display Only",accepted,"{'mpn': 'PCFE3080AF', 'manufacturer': 'Appliance Dealers Cooperative (APPDE)', 'manufacturer_candidate': 'Appliance Dealers Cooperative', 'brand_candidate': None, 'identity_query': 'PCFE3080AF Appliance Dealers Cooperative', 'brands': [], 'description': 'PCFE3080AF 30"" Elect Range SS - Display Only'}","{'brand': None, 'source': None, 'confidence': 0.0, 'candidates': []}","{'value': 'Appliance Dealers Cooperative', 'score': 100.0, 'match': 'Appliance Dealers Cooperative'}","{'raw': {'diameter': None, 'thickness': None, 'arbor': None, 'product_type': None, 'pack_quantity': None}, 'normalized': {'diameter': None, 'thickness': None, 'arbor': None, 'product_type': None, 'pack_quantity': None}, 'confidence': {}, 'evidence': [], 'status': 'accepted'}",0
SLER30524SS,"SLER30524SS 30"" Elect Range SS",accepted,"{'mpn': 'SLER30524SS', 'manufacturer': 'Appliance Dealers Cooperative (APPDE)', 'manufacturer_candidate': 'Appliance Dealers Cooperative', 'brand_candidate': None, 'identity_query': 'SLER30524SS Appliance Dealers Cooperative', 'brands': [], 'description': 'SLER30524SS 30"" Elect Range SS'}","{'brand': None, 'source': None, 'confidence': 0.0, 'candidates': []}","{'value': 'Appliance Dealers Cooperative', 'score': 100.0, 'match': 'Appliance Dealers Cooperative'}","{'raw': {'diameter': None, 'thickness': None, 'arbor': None, 'product_type': None, 'pack_quantity': None}, 'normalized': {'diameter': None, 'thickness': None, 'arbor': None, 'product_type': None, 'pack_quantity': None}, 'confidence': {}, 'evidence': [], 'status': 'accepted'}",0
LSEL6333ZE,"LSEL6333ZE LG 30"" Elec Range BS-Display Only",accepted,"{'mpn': 'LSEL6333ZE', 'manufacturer': 'Appliance Dealers Cooperative (APPDE)', 'manufacturer_candidate': 'Appliance Dealers Cooperative', 'brand_candidate': None, 'identity_query': 'LSEL6333ZE Appliance Dealers Cooperative', 'brands': [], 'description': 'LSEL6333ZE LG 30"" Elec Range BS-Display Only'}","{'brand': None, 'source': None, 'confidence': 0.0, 'candidates': []}","{'value': 'Appliance Dealers Cooperative', 'score': 100.0, 'match': 'Appliance Dealers Cooperative'}","{'raw': {'diameter': None, 'thickness': None, 'arbor': None, 'product_type': None, 'pack_quantity': None}, 'normalized': {'diameter': None, 'thickness': None, 'arbor': None, 'product_type': None, 'pack_quantity': None}, 'confidence': {}, 'evidence': [], 'status': 'accepted'}",0
KSES530SBE,"KSES530SBE 30"" Elect Range BO Display Only",accepted,"{'mpn': 'KSES530SBE', 'manufacturer': 'Appliance Dealers Cooperative (APPDE)', 'manufacturer_candidate': 'Appliance Dealers Cooperative', 'brand_candidate': None, 'identity_query': 'KSES530SBE Appliance Dealers Cooperative', 'brands': [], 'description': 'KSES530SBE 30"" Elect Range BO Display Only'}","{'brand': None, 'source': None, 'confidence': 0.0, 'candidates': []}","{'value': 'Appliance Dealers Cooperative', 'score': 100.0, 'match': 'Appliance Dealers Cooperative'}","{'raw': {'diameter': None, 'thickness': None, 'arbor': None, 'product_type': None, 'pack_quantity': None}, 'normalized': {'diameter': None, 'thickness': None, 'arbor': None, 'product_type': None, 'pack_quantity': None}, 'confidence': {}, 'evidence': [], 'status': 'accepted'}",0
GCFG3661AF,"GCFG3661AF 36"" Frigidaire Gas Range SS",accepted,"{'mpn': 'GCFG3661AF', 'manufacturer': 'Appliance Dealers Cooperative (APPDE)', 'manufacturer_candidate': 'Appliance Dealers Cooperative', 'brand_candidate': None, 'identity_query': 'GCFG3661AF Appliance Dealers Cooperative', 'brands': [], 'description': 'GCFG3661AF 36"" Frigidaire Gas Range SS'}","{'brand': None, 'source': None, 'confidence': 0.0, 'candidates': []}","{'value': 'Appliance Dealers Cooperative', 'score': 100.0, 'match': 'Appliance Dealers Cooperative'}","{'raw': {'diameter': None, 'thickness': None, 'arbor': None, 'product_type': None, 'pack_quantity': None}, 'normalized': {'diameter': None, 'thickness': None, 'arbor': None, 'product_type': None, 'pack_quantity': None}, 'confidence': {}, 'evidence': [], 'status': 'accepted'}",0
WSGS7530RZ,"WSGS7530RZ 30"" Gas Range SS - Display Only",accepted,"{'mpn': 'WSGS7530RZ', 'manufacturer': 'Appliance Dealers Cooperative (APPDE)', 'manufacturer_candidate': 'Appliance Dealers Cooperative', 'brand_candidate': None, 'identity_query': 'WSGS7530RZ Appliance Dealers Cooperative', 'brands': [], 'description': 'WSGS7530RZ 30"" Gas Range SS - Display Only'}","{'brand': None, 'source': None, 'confidence': 0.0, 'candidates': []}","{'value': 'Appliance Dealers Cooperative', 'score': 100.0, 'match': 'Appliance Dealers Cooperative'}","{'raw': {'diameter': None, 'thickness': None, 'arbor': None, 'product_type': None, 'pack_quantity': None}, 'normalized': {'diameter': None, 'thickness': None, 'arbor': None, 'product_type': None, 'pack_quantity': None}, 'confidence': {}, 'evidence': [], 'status': 'accepted'}",0
CHP90301TBB,CHP90301TBB Café Cooktop Bk,accepted,"{'mpn': 'CHP90301TBB', 'manufacturer': 'Appliance Dealers Cooperative (APPDE)', 'manufacturer_candidate': 'Appliance Dealers Cooperative', 'brand_candidate': None, 'identity_query': 'CHP90301TBB Appliance Dealers Cooperative', 'brands': [], 'description': 'CHP90301TBB Café Cooktop Bk'}","{'brand': None, 'source': None, 'confidence': 0.0, 'candidates': []}","{'value': 'Appliance Dealers Cooperative', 'score': 100.0, 'match': 'Appliance Dealers Cooperative'}","{'raw': {'diameter': None, 'thickness': None, 'arbor': None, 'product_type': None, 'pack_quantity': None}, 'normalized': {'diameter': None, 'thickness': None, 'arbor': None, 'product_type': None, 'pack_quantity': None}, 'confidence': {}, 'evidence': [], 'status': 'accepted'}",0
CVM517P3RD1,CVM517P3RD1 Cafe Microwave Bk - Display,accepted,"{'mpn': 'CVM517P3RD1', 'manufacturer': 'Appliance Dealers Cooperative (APPDE)', 'manufacturer_candidate': 'Appliance Dealers Cooperative', 'brand_candidate': None, 'identity_query': 'CVM517P3RD1 Appliance Dealers Cooperative', 'brands': [], 'description': 'CVM517P3RD1 Cafe Microwave Bk - Display'}","{'brand': None, 'source': None, 'confidence': 0.0, 'candidates': []}","{'value': 'Appliance Dealers Cooperative', 'score': 100.0, 'match': 'Appliance Dealers Cooperative'}","{'raw': {'diameter': None, 'thickness': None, 'arbor': None, 'product_type': None, 'pack_quantity': None}, 'normalized': {'diameter': None, 'thickness': None, 'arbor': None, 'product_type': None, 'pack_quantity': None}, 'confidence': {}, 'evidence': [], 'status': 'accepted'}",0
PMOS1980AF,PMOS1980AF OTR Microwave SS - Display Only,accepted,"{'mpn': 'PMOS1980AF', 'manufacturer': 'Appliance Dealers Cooperative (APPDE)', 'manufacturer_candidate': 'Appliance Dealers Cooperative', 'brand_candidate': None, 'identity_query': 'PMOS1980AF Appliance Dealers Cooperative', 'brands': [], 'description': 'PMOS1980AF OTR Microwave SS - Display Only'}","{'brand': None, 'source': None, 'confidence': 0.0, 'candidates': []}","{'value': 'Appliance Dealers Cooperative', 'score': 100.0, 'match': 'Appliance Dealers Cooperative'}","{'raw': {'diameter': None, 'thickness': None, 'arbor': None, 'product_type': None, 'pack_quantity': None}, 'normalized': {'diameter': None, 'thickness': None, 'arbor': None, 'product_type': None, 'pack_quantity': None}, 'confidence': {}, 'evidence': [], 'status': 'accepted'}",0
WMMS3330RZ,WMMS3330RZ OTR Mocrowave SS - Display Only,accepted,"{'mpn': 'WMMS3330RZ', 'manufacturer': 'Appliance Dealers Cooperative (APPDE)', 'manufacturer_candidate': 'Appliance Dealers Cooperative', 'brand_candidate': None, 'identity_query': 'WMMS3330RZ Appliance Dealers Cooperative', 'brands': [], 'description': 'WMMS3330RZ OTR Mocrowave SS - Display Only'}","{'brand': None, 'source': None, 'confidence': 0.0, 'candidates': []}","{'value': 'Appliance Dealers Cooperative', 'score': 100.0, 'match': 'Appliance Dealers Cooperative'}","{'raw': {'diameter': None, 'thickness': None, 'arbor': None, 'product_type': None, 'pack_quantity': None}, 'normalized': {'diameter': None, 'thickness': None, 'arbor': None, 'product_type': None, 'pack_quantity': None}, 'confidence': {}, 'evidence': [], 'status': 'accepted'}",0
KMMF530PBE,KMMF530PBE OTR Microwave BO Display Only,accepted,"{'mpn': 'KMMF530PBE', 'manufacturer': 'Appliance Dealers Cooperative (APPDE)', 'manufacturer_candidate': 'Appliance Dealers Cooperative', 'brand_candidate': None, 'identity_query': 'KMMF530PBE Appliance Dealers Cooperative', 'brands': [], 'description': 'KMMF530PBE OTR Microwave BO Display Only'}","{'brand': None, 'source': None, 'confidence': 0.0, 'candidates': []}","{'value': 'Appliance Dealers Cooperative', 'score': 100.0, 'match': 'Appliance Dealers Cooperative'}","{'raw': {'diameter': None, 'thickness': None, 'arbor': None, 'product_type': None, 'pack_quantity': None}, 'normalized': {'diameter': None, 'thickness': None, 'arbor': None, 'product_type': None, 'pack_quantity': None}, 'confidence': {}, 'evidence': [], 'status': 'accepted'}",0
JXGRILL1,JXGRILL1 GE Range Grill,accepted,"{'mpn': 'JXGRILL1', 'manufacturer': 'Appliance Dealers Cooperative (APPDE)', 'manufacturer_candidate': 'Appliance Dealers Cooperative', 'brand_candidate': None, 'identity_query': 'JXGRILL1 Appliance Dealers Cooperative', 'brands': [], 'description': 'JXGRILL1 GE Range Grill'}","{'brand': None, 'source': None, 'confidence': 0.0, 'candidates': []}","{'value': 'Appliance Dealers Cooperative', 'score': 100.0, 'match': 'Appliance Dealers Cooperative'}","{'raw': {'diameter': None, 'thickness': None, 'arbor': None, 'product_type': None, 'pack_quantity': None}, 'normalized': {'diameter': None, 'thickness': None, 'arbor': None, 'product_type': None, 'pack_quantity': None}, 'confidence': {}, 'evidence': [], 'status': 'accepted'}",0
C9TMA2S3PD3,C9TMA2S3PD3 Café Toaster MB,accepted,"{'mpn': 'C9TMA2S3PD3', 'manufacturer': 'Appliance Dealers Cooperative (APPDE)', 'manufacturer_candidate': 'Appliance Dealers Cooperative', 'brand_candidate': None, 'identity_query': 'C9TMA2S3PD3 Appliance Dealers Cooperative', 'brands': [], 'description': 'C9TMA2S3PD3 Café Toaster MB'}","{'brand': None, 'source': None, 'confidence': 0.0, 'candidates': []}","{'value': 'Appliance Dealers Cooperative', 'score': 100.0, 'match': 'Appliance Dealers Cooperative'}","{'raw': {'diameter': None, 'thickness': None, 'arbor': None, 'product_type': None, 'pack_quantity': None}, 'normalized': {'diameter': None, 'thickness': None, 'arbor': None, 'product_type': None, 'pack_quantity': None}, 'confidence': {}, 'evidence': [], 'status': 'accepted'}",0
C9TMA2S4PW3,C9TMA2S4PW3 Café Toaster MW,accepted,"{'mpn': 'C9TMA2S4PW3', 'manufacturer': 'Appliance Dealers Cooperative (APPDE)', 'manufacturer_candidate': 'Appliance Dealers Cooperative', 'brand_candidate': None, 'identity_query': 'C9TMA2S4PW3 Appliance Dealers Cooperative', 'brands': [], 'description': 'C9TMA2S4PW3 Café Toaster MW'}","{'brand': None, 'source': None, 'confidence': 0.0, 'candidates': []}","{'value': 'Appliance Dealers Cooperative', 'score': 100.0, 'match': 'Appliance Dealers Cooperative'}","{'raw': {'diameter': None, 'thickness': None, 'arbor': None, 'product_type': None, 'pack_quantity': None}, 'normalized': {'diameter': None, 'thickness': None, 'arbor': None, 'product_type': None, 'pack_quantity': None}, 'confidence': {}, 'evidence': [], 'status': 'accepted'}",0
C90AAAS2RS3,C90AAAS2RS3 Cafe Toast Oven SS,accepted,"{'mpn': 'C90AAAS2RS3', 'manufacturer': 'Appliance Dealers Cooperative (APPDE)', 'manufacturer_candidate': 'Appliance Dealers Cooperative', 'brand_candidate': None, 'identity_query': 'C90AAAS2RS3 Appliance Dealers Cooperative', 'brands': [], 'description': 'C90AAAS2RS3 Cafe Toast Oven SS'}","{'brand': None, 'source': None, 'confidence': 0.0, 'candidates': []}","{'value': 'Appliance Dealers Cooperative', 'score': 100.0, 'match': 'Appliance Dealers Cooperative'}","{'raw': {'diameter': None, 'thickness': None, 'arbor': None, 'product_type': None, 'pack_quantity': None}, 'normalized': {'diameter': None, 'thickness': None, 'arbor': None, 'product_type': None, 'pack_quantity': None}, 'confidence': {}, 'evidence': [], 'status': 'accepted'}",0
C9TMA2SP2PS3,C9TMA2S2PS3 Cafe Toaster SS,accepted,"{'mpn': 'C9TMA2SP2PS3', 'manufacturer': 'Appliance Dealers Cooperative (APPDE)', 'manufacturer_candidate': 'Appliance Dealers Cooperative', 'brand_candidate': None, 'identity_query': 'C9TMA2SP2PS3 Appliance Dealers Cooperative', 'brands': [], 'description': 'C9TMA2S2PS3 Cafe Toaster SS'}","{'brand': None, 'source': None, 'confidence': 0.0, 'candidates': []}","{'value': 'Appliance Dealers Cooperative', 'score': 100.0, 'match': 'Appliance Dealers Cooperative'}","{'raw': {'diameter': None, 'thickness': None, 'arbor': None, 'product_type': None, 'pack_quantity': None}, 'normalized': {'diameter': None, 'thickness': None, 'arbor': None, 'product_type': None, 'pack_quantity': None}, 'confidence': {}, 'evidence': [], 'status': 'accepted'}",0
GDE21EMKES,GDE21EMKES GE 21CF Fridge SL Display Only,accepted,"{'mpn': 'GDE21EMKES', 'manufacturer': 'Appliance Dealers Cooperative (APPDE)', 'manufacturer_candidate': 'Appliance Dealers Cooperative', 'brand_candidate': None, 'identity_query': 'GDE21EMKES Appliance Dealers Cooperative', 'brands': [], 'description': 'GDE21EMKES GE 21CF Fridge SL Display Only'}","{'brand': None, 'source': None, 'confidence': 0.0, 'candidates': []}","{'value': 'Appliance Dealers Cooperative', 'score': 100.0, 'match': 'Appliance Dealers Cooperative'}","{'raw': {'diameter': None, 'thickness': None, 'arbor': None, 'product_type': None, 'pack_quantity': None}, 'normalized': {'diameter': None, 'thickness': None, 'arbor': None, 'product_type': None, 'pack_quantity': None}, 'confidence': {}, 'evidence': [], 'status': 'accepted'}",0
FCM16SLWW,FCM16SLWW 16CF GE Freezer Chest MH,accepted,"{'mpn': 'FCM16SLWW', 'manufacturer': 'Appliance Dealers Cooperative (APPDE)', 'manufacturer_candidate': 'Appliance Dealers Cooperative', 'brand_candidate': None, 'identity_query': 'FCM16SLWW Appliance Dealers Cooperative', 'brands': [], 'description': 'FCM16SLWW 16CF GE Freezer Chest MH'}","{'brand': None, 'source': None, 'confidence': 0.0, 'candidates': []}","{'value': 'Appliance Dealers Cooperative', 'score': 100.0, 'match': 'Appliance Dealers Cooperative'}","{'raw': {'diameter': None, 'thickness': None, 'arbor': None, 'product_type': None, 'pack_quantity': None}, 'normalized': {'diameter': None, 'thickness': None, 'arbor': None, 'product_type': None, 'pack_quantity': None}, 'confidence': {}, 'evidence': [], 'status': 'accepted'}",0
GNE27JYMFS,GNE27JYMFS GE Fridge SS,accepted,"{'mpn': 'GNE27JYMFS', 'manufacturer': 'Appliance Dealers Cooperative (APPDE)', 'manufacturer_candidate': 'Appliance Dealers Cooperative', 'brand_candidate': None, 'identity_query': 'GNE27JYMFS Appliance Dealers Cooperative', 'brands': [], 'description': 'GNE27JYMFS GE Fridge SS'}","{'brand': None, 'source': None, 'confidence': 0.0, 'candidates': []}","{'value': 'Appliance Dealers Cooperative', 'score': 100.0, 'match': 'Appliance Dealers Cooperative'}","{'raw': {'diameter': None, 'thickness': None, 'arbor': None, 'product_type': None, 'pack_quantity': None}, 'normalized': {'diameter': None, 'thickness': None, 'arbor': None, 'product_type': None, 'pack_quantity': None}, 'confidence': {}, 'evidence': [], 'status': 'accepted'}",0
CVE28DP3ND1,CVE28DP3ND1 Cafe Fridge Bk,accepted,"{'mpn': 'CVE28DP3ND1', 'manufacturer': 'Appliance Dealers Cooperative (APPDE)', 'manufacturer_candidate': 'Appliance Dealers Cooperative', 'brand_candidate': None, 'identity_query': 'CVE28DP3ND1 Appliance Dealers Cooperative', 'brands': [], 'description': 'CVE28DP3ND1 Cafe Fridge Bk'}","{'brand': None, 'source': None, 'confidence': 0.0, 'candidates': []}","{'value': 'Appliance Dealers Cooperative', 'score': 100.0, 'match': 'Appliance Dealers Cooperative'}","{'raw': {'diameter': None, 'thickness': None, 'arbor': None, 'product_type': None, 'pack_quantity': None}, 'normalized': {'diameter': None, 'thickness': None, 'arbor': None, 'product_type': None, 'pack_quantity': None}, 'confidence': {}, 'evidence': [], 'status': 'accepted'}",0
GNE25JMKES,GNE25JMKES GE Fridge Slate - Display,accepted,"{'mpn': 'GNE25JMKES', 'manufacturer': 'Appliance Dealers Cooperative (APPDE)', 'manufacturer_candidate': 'Appliance Dealers Cooperative', 'brand_candidate': None, 'identity_query': 'GNE25JMKES Appliance Dealers Cooperative', 'brands': [], 'description': 'GNE25JMKES GE Fridge Slate - Display'}","{'brand': None, 'source': None, 'confidence': 0.0, 'candidates': []}","{'value': 'Appliance Dealers Cooperative', 'score': 100.0, 'match': 'Appliance Dealers Cooperative'}","{'raw': {'diameter': None, 'thickness': None, 'arbor': None, 'product_type': None, 'pack_quantity': None}, 'normalized': {'diameter': None, 'thickness': None, 'arbor': None, 'product_type': None, 'pack_quantity': None}, 'confidence': {}, 'evidence': [], 'status': 'accepted'}",0
PRFS2883AF,"PRFS2883AF 36"" Fridge SS - Display Only",accepted,"{'mpn': 'PRFS2883AF', 'manufacturer': 'Appliance Dealers Cooperative (APPDE)', 'manufacturer_candidate': 'Appliance Dealers Cooperative', 'brand_candidate': None, 'identity_query': 'PRFS2883AF Appliance Dealers Cooperative', 'brands': [], 'description': 'PRFS2883AF 36"" Fridge SS - Display Only'}","{'brand': None, 'source': None, 'confidence': 0.0, 'candidates': []}","{'value': 'Appliance Dealers Cooperative', 'score': 100.0, 'match': 'Appliance Dealers Cooperative'}","{'raw': {'diameter': None, 'thickness': None, 'arbor': None, 'product_type': None, 'pack_quantity': None}, 'normalized': {'diameter': None, 'thickness': None, 'arbor': None, 'product_type': None, 'pack_quantity': None}, 'confidence': {}, 'evidence': [], 'status': 'accepted'}",0
PAD28BYTFS,PAD28BYTFS GE Fridge SS,accepted,"{'mpn': 'PAD28BYTFS', 'manufacturer': 'Appliance Dealers Cooperative (APPDE)', 'manufacturer_candidate': 'Appliance Dealers Cooperative', 'brand_candidate': None, 'identity_query': 'PAD28BYTFS Appliance Dealers Cooperative', 'brands': [], 'description': 'PAD28BYTFS GE Fridge SS'}","{'brand': None, 'source': None, 'confidence': 0.0, 'candidates': []}","{'value': 'Appliance Dealers Cooperative', 'score': 100.0, 'match': 'Appliance Dealers Cooperative'}","{'raw': {'diameter': None, 'thickness': None, 'arbor': None, 'product_type': None, 'pack_quantity': None}, 'normalized': {'diameter': None, 'thickness': None, 'arbor': None, 'product_type': None, 'pack_quantity': None}, 'confidence': {}, 'evidence': [], 'status': 'accepted'}",0
PGE29BYTFS,PGE29BYTFS GE Fridge SS,accepted,"{'mpn': 'PGE29BYTFS', 'manufacturer': 'Appliance Dealers Cooperative (APPDE)', 'manufacturer_candidate': 'Appliance Dealers Cooperative', 'brand_candidate': None, 'identity_query': 'PGE29BYTFS Appliance Dealers Cooperative', 'brands': [], 'description': 'PGE29BYTFS GE Fridge SS'}","{'brand': None, 'source': None, 'confidence': 0.0, 'candidates': []}","{'value': 'Appliance Dealers Cooperative', 'score': 100.0, 'match': 'Appliance Dealers Cooperative'}","{'raw': {'diameter': None, 'thickness': None, 'arbor': None, 'product_type': None, 'pack_quantity': None}, 'normalized': {'diameter': None, 'thickness': None, 'arbor': None, 'product_type': None, 'pack_quantity': None}, 'confidence': {}, 'evidence': [], 'status': 'accepted'}",0
ERFD19CGCS,ERFD19CGCS Element Fridge SS,accepted,"{'mpn': 'ERFD19CGCS', 'manufacturer': 'Appliance Dealers Cooperative (APPDE)', 'manufacturer_candidate': 'Appliance Dealers Cooperative', 'brand_candidate': None, 'identity_query': 'ERFD19CGCS Appliance Dealers Cooperative', 'brands': [], 'description': 'ERFD19CGCS Element Fridge SS'}","{'brand': None, 'source': None, 'confidence': 0.0, 'candidates': []}","{'value': 'Appliance Dealers Cooperative', 'score': 100.0, 'match': 'Appliance Dealers Cooperative'}","{'raw': {'diameter': None, 'thickness': None, 'arbor': None, 'product_type': None, 'pack_quantity': None}, 'normalized': {'diameter': None, 'thickness': None, 'arbor': None, 'product_type': None, 'pack_quantity': None}, 'confidence': {}, 'evidence': [], 'status': 'accepted'}",0
LT18S2100W,LT18S2100W LG Fridge Wh,accepted,"{'mpn': 'LT18S2100W', 'manufacturer': 'Appliance Dealers Cooperative (APPDE)', 'manufacturer_candidate': 'Appliance Dealers Cooperative', 'brand_candidate': None, 'identity_query': 'LT18S2100W Appliance Dealers Cooperative', 'brands': [], 'description': 'LT18S2100W LG Fridge Wh'}","{'brand': None, 'source': None, 'confidence': 0.0, 'candidates': []}","{'value': 'Appliance Dealers Cooperative', 'score': 100.0, 'match': 'Appliance Dealers Cooperative'}","{'raw': {'diameter': None, 'thickness': None, 'arbor': None, 'product_type': None, 'pack_quantity': None}, 'normalized': {'diameter': None, 'thickness': None, 'arbor': None, 'product_type': None, 'pack_quantity': None}, 'confidence': {}, 'evidence': [], 'status': 'accepted'}",0
LT18S2100SS,LT18S2100S 18CF LG Fridge SS,accepted,"{'mpn': 'LT18S2100SS', 'manufacturer': 'Appliance Dealers Cooperative (APPDE)', 'manufacturer_candidate': 'Appliance Dealers Cooperative', 'brand_candidate': None, 'identity_query': 'LT18S2100SS Appliance Dealers Cooperative', 'brands': [], 'description': 'LT18S2100S 18CF LG Fridge SS'}","{'brand': None, 'source': None, 'confidence': 0.0, 'candidates': []}","{'value': 'Appliance Dealers Cooperative', 'score': 100.0, 'match': 'Appliance Dealers Cooperative'}","{'raw': {'diameter': None, 'thickness': None, 'arbor': None, 'product_type': None, 'pack_quantity': None}, 'normalized': {'diameter': None, 'thickness': None, 'arbor': None, 'product_type': None, 'pack_quantity': None}, 'confidence': {}, 'evidence': [], 'status': 'accepted'}",0
EUF17CDBW,EUF17CDBW Element 17CF Freezer - Upright,accepted,"{'mpn': 'EUF17CDBW', 'manufacturer': 'Appliance Dealers Cooperative (APPDE)', 'manufacturer_candidate': 'Appliance Dealers Cooperative', 'brand_candidate': None, 'identity_query': 'EUF17CDBW Appliance Dealers Cooperative', 'brands': [], 'description': 'EUF17CDBW Element 17CF Freezer - Upright'}","{'brand': None, 'source': None, 'confidence': 0.0, 'candidates': []}","{'value': 'Appliance Dealers Cooperative', 'score': 100.0, 'match': 'Appliance Dealers Cooperative'}","{'raw': {'diameter': None, 'thickness': None, 'arbor': None, 'product_type': None, 'pack_quantity': None}, 'normalized': {'diameter': None, 'thickness': None, 'arbor': None, 'product_type': None, 'pack_quantity': None}, 'confidence': {}, 'evidence': [], 'status': 'accepted'}",0
EUF21CDBW,EUF21CDBW Element 21CF Freezer - Upright,accepted,"{'mpn': 'EUF21CDBW', 'manufacturer': 'Appliance Dealers Cooperative (APPDE)', 'manufacturer_candidate': 'Appliance Dealers Cooperative', 'brand_candidate': None, 'identity_query': 'EUF21CDBW Appliance Dealers Cooperative', 'brands': [], 'description': 'EUF21CDBW Element 21CF Freezer - Upright'}","{'brand': None, 'source': None, 'confidence': 0.0, 'candidates': []}","{'value': 'Appliance Dealers Cooperative', 'score': 100.0, 'match': 'Appliance Dealers Cooperative'}","{'raw': {'diameter': None, 'thickness': None, 'arbor': None, 'product_type': None, 'pack_quantity': None}, 'normalized': {'diameter': None, 'thickness': None, 'arbor': None, 'product_type': None, 'pack_quantity': None}, 'confidence': {}, 'evidence': [], 'status': 'accepted'}",0
TP-1935,TP-1935 Hole Drilling System,accepted,"{'mpn': 'TP-1935', 'manufacturer': '-', 'manufacturer_candidate': '-', 'brand_candidate': None, 'identity_query': 'TP-1935 -', 'brands': [], 'description': 'TP-1935 Hole Drilling System'}","{'brand': None, 'source': None, 'confidence': 0.0, 'candidates': []}","{'value': 'First Alert - B R K Brands', 'score': 100.0, 'match': 'First Alert - B R K Brands'}","{'raw': {'diameter': None, 'thickness': None, 'arbor': None, 'product_type': None, 'pack_quantity': None}, 'normalized': {'diameter': None, 'thickness': None, 'arbor': None, 'product_type': None, 'pack_quantity': None}, 'confidence': {}, 'evidence': [], 'status': 'accepted'}",0
K527APBXR,"K527APBXR Senco .131x3"" SM BB - 500CT",accepted,"{'mpn': 'K527APBXR', 'manufacturer': 'Senco Products Inc (4650)', 'manufacturer_candidate': 'Senco Products Inc', 'brand_candidate': None, 'identity_query': 'K527APBXR Senco Products Inc', 'brands': [], 'description': 'K527APBXR Senco .131x3"" SM BB - 500CT'}","{'brand': None, 'source': None, 'confidence': 0.0, 'candidates': []}","{'value': 'Senco Products Inc', 'score': 100.0, 'match': 'Senco Products Inc'}","{'raw': {'diameter': None, 'thickness': None, 'arbor': None, 'product_type': None, 'pack_quantity': None}, 'normalized': {'diameter': None, 'thickness': None, 'arbor': None, 'product_type': None, 'pack_quantity': None}, 'confidence': {}, 'evidence': [], 'status': 'accepted'}",0
603150,"603150 2-1/2"" Finish Nail 15GA - 4M",accepted,"{'mpn': '603150', 'manufacturer': 'National Nail Corp (7439)', 'manufacturer_candidate': 'National Nail Corp', 'brand_candidate': None, 'identity_query': '603150 National Nail Corp', 'brands': [], 'description': '603150 2-1/2"" Finish Nail 15GA - 4M'}","{'brand': None, 'source': None, 'confidence': 0.0, 'candidates': []}","{'value': 'National Nail Corp', 'score': 100.0, 'match': 'National Nail Corp'}","{'raw': {'diameter': None, 'thickness': None, 'arbor': None, 'product_type': None, 'pack_quantity': None}, 'normalized': {'diameter': None, 'thickness': None, 'arbor': None, 'product_type': None, 'pack_quantity': None}, 'confidence': {}, 'evidence': [], 'status': 'accepted'}",0
d10cnk,"D10CNK Prebena 1/2""x3/8"" - Staple",accepted,"{'mpn': 'd10cnk', 'manufacturer': 'Prebena (PREBE)', 'manufacturer_candidate': 'Prebena', 'brand_candidate': None, 'identity_query': 'd10cnk Prebena', 'brands': [], 'description': 'D10CNK Prebena 1/2""x3/8"" - Staple'}","{'brand': None, 'source': None, 'confidence': 0.0, 'candidates': []}","{'value': 'Prebena', 'score': 100.0, 'match': 'Prebena'}","{'raw': {'diameter': None, 'thickness': None, 'arbor': None, 'product_type': None, 'pack_quantity': None}, 'normalized': {'diameter': None, 'thickness': None, 'arbor': None, 'product_type': None, 'pack_quantity': None}, 'confidence': {}, 'evidence': [], 'status': 'accepted'}",0
e28cnkha,"E28CNKHA Prebena 2/4""x1 1/8"" - Staple",accepted,"{'mpn': 'e28cnkha', 'manufacturer': 'Prebena (PREBE)', 'manufacturer_candidate': 'Prebena', 'brand_candidate': None, 'identity_query': 'e28cnkha Prebena', 'brands': [], 'description': 'E28CNKHA Prebena 2/4""x1 1/8"" - Staple'}","{'brand': None, 'source': None, 'confidence': 0.0, 'candidates': []}","{'value': 'Prebena', 'score': 100.0, 'match': 'Prebena'}","{'raw': {'diameter': None, 'thickness': None, 'arbor': None, 'product_type': None, 'pack_quantity': None}, 'normalized': {'diameter': None, 'thickness': None, 'arbor': None, 'product_type': None, 'pack_quantity': None}, 'confidence': {}, 'evidence': [], 'status': 'accepted'}",0
51334,"51334 44"" Wh Gilmour Fan",accepted,"{'mpn': '51334', 'manufacturer': 'Hunter Fan Co (4381)', 'manufacturer_candidate': 'Hunter Fan Co', 'brand_candidate': None, 'identity_query': '51334 Hunter Fan Co', 'brands': [], 'description': '51334 44"" Wh Gilmour Fan'}","{'brand': None, 'source': None, 'confidence': 0.0, 'candidates': []}","{'value': 'Hunter Fan Co', 'score': 100.0, 'match': 'Hunter Fan Co'}","{'raw': {'diameter': None, 'thickness': None, 'arbor': None, 'product_type': None, 'pack_quantity': None}, 'normalized': {'diameter': None, 'thickness': None, 'arbor': None, 'product_type': None, 'pack_quantity': None}, 'confidence': {}, 'evidence': [], 'status': 'accepted'}",0
59210,"59210 52"" BZ Sent Hunter Fan",accepted,"{'mpn': '59210', 'manufacturer': 'Hunter Fan Co (4381)', 'manufacturer_candidate': 'Hunter Fan Co', 'brand_candidate': 'Hunter', 'identity_query': '59210 Hunter Fan Co Hunter', 'brands': ['Hunter'], 'description': '59210 52"" BZ Sent Hunter Fan'}","{'brand': 'Hunter', 'source': 'structured_field', 'confidence': 0.99, 'candidates': ['Hunter']}","{'value': 'Hunter Fan Co', 'score': 100.0, 'match': 'Hunter Fan Co'}","{'raw': {'diameter': None, 'thickness': None, 'arbor': None, 'product_type': None, 'pack_quantity': None}, 'normalized': {'diameter': None, 'thickness': None, 'arbor': None, 'product_type': None, 'pack_quantity': None}, 'confidence': {}, 'evidence': [], 'status': 'accepted'}",0
52485,"52485 52"" MB Anisten Fan",accepted,"{'mpn': '52485', 'manufacturer': 'Hunter Fan Co (4381)', 'manufacturer_candidate': 'Hunter Fan Co', 'brand_candidate': None, 'identity_query': '52485 Hunter Fan Co', 'brands': [], 'description': '52485 52"" MB Anisten Fan'}","{'brand': None, 'source': None, 'confidence': 0.0, 'candidates': []}","{'value': 'Hunter Fan Co', 'score': 100.0, 'match': 'Hunter Fan Co'}","{'raw': {'diameter': None, 'thickness': None, 'arbor': None, 'product_type': None, 'pack_quantity': None}, 'normalized': {'diameter': None, 'thickness': None, 'arbor': None, 'product_type': None, 'pack_quantity': None}, 'confidence': {}, 'evidence': [], 'status': 'accepted'}",0
52486,"52486 44"" MB Anisten Fan",accepted,"{'mpn': '52486', 'manufacturer': 'Hunter Fan Co (4381)', 'manufacturer_candidate': 'Hunter Fan Co', 'brand_candidate': None, 'identity_query': '52486 Hunter Fan Co', 'brands': [], 'description': '52486 44"" MB Anisten Fan'}","{'brand': None, 'source': None, 'confidence': 0.0, 'candidates': []}","{'value': 'Hunter Fan Co', 'score': 100.0, 'match': 'Hunter Fan Co'}","{'raw': {'diameter': None, 'thickness': None, 'arbor': None, 'product_type': None, 'pack_quantity': None}, 'normalized': {'diameter': None, 'thickness': None, 'arbor': None, 'product_type': None, 'pack_quantity': None}, 'confidence': {}, 'evidence': [], 'status': 'accepted'}",0
52487,"52487 52"" WH Anisten Fan",accepted,"{'mpn': '52487', 'manufacturer': 'Hunter Fan Co (4381)', 'manufacturer_candidate': 'Hunter Fan Co', 'brand_candidate': None, 'identity_query': '52487 Hunter Fan Co', 'brands': [], 'description': '52487 52"" WH Anisten Fan'}","{'brand': None, 'source': None, 'confidence': 0.0, 'candidates': []}","{'value': 'Hunter Fan Co', 'score': 100.0, 'match': 'Hunter Fan Co'}","{'raw': {'diameter': None, 'thickness': None, 'arbor': None, 'product_type': None, 'pack_quantity': None}, 'normalized': {'diameter': None, 'thickness': None, 'arbor': None, 'product_type': None, 'pack_quantity': None}, 'confidence': {}, 'evidence': [], 'status': 'accepted'}",0
52488,"52488 44"" WH Anisten Fan",accepted,"{'mpn': '52488', 'manufacturer': 'Hunter Fan Co (4381)', 'manufacturer_candidate': 'Hunter Fan Co', 'brand_candidate': None, 'identity_query': '52488 Hunter Fan Co', 'brands': [], 'description': '52488 44"" WH Anisten Fan'}","{'brand': None, 'source': None, 'confidence': 0.0, 'candidates': []}","{'value': 'Hunter Fan Co', 'score': 100.0, 'match': 'Hunter Fan Co'}","{'raw': {'diameter': None, 'thickness': None, 'arbor': None, 'product_type': None, 'pack_quantity': None}, 'normalized': {'diameter': None, 'thickness': None, 'arbor': None, 'product_type': None, 'pack_quantity': None}, 'confidence': {}, 'evidence': [], 'status': 'accepted'}",0
52655,"52655 52"" MB Xidane Hunter Fan",accepted,"{'mpn': '52655', 'manufacturer': 'Hunter Fan Co (4381)', 'manufacturer_candidate': 'Hunter Fan Co', 'brand_candidate': None, 'identity_query': '52655 Hunter Fan Co', 'brands': [], 'description': '52655 52"" MB Xidane Hunter Fan'}","{'brand': None, 'source': None, 'confidence': 0.0, 'candidates': []}","{'value': 'Hunter Fan Co', 'score': 100.0, 'match': 'Hunter Fan Co'}","{'raw': {'diameter': None, 'thickness': None, 'arbor': None, 'product_type': None, 'pack_quantity': None}, 'normalized': {'diameter': None, 'thickness': None, 'arbor': None, 'product_type': None, 'pack_quantity': None}, 'confidence': {}, 'evidence': [], 'status': 'accepted'}",0
59261,"59261 52"" PB Cassius Fan",accepted,"{'mpn': '59261', 'manufacturer': 'Hunter Fan Co (4381)', 'manufacturer_candidate': 'Hunter Fan Co', 'brand_candidate': None, 'identity_query': '59261 Hunter Fan Co', 'brands': [], 'description': '59261 52"" PB Cassius Fan'}","{'brand': None, 'source': None, 'confidence': 0.0, 'candidates': []}","{'value': 'Hunter Fan Co', 'score': 100.0, 'match': 'Hunter Fan Co'}","{'raw': {'diameter': None, 'thickness': None, 'arbor': None, 'product_type': None, 'pack_quantity': None}, 'normalized': {'diameter': None, 'thickness': None, 'arbor': None, 'product_type': None, 'pack_quantity': None}, 'confidence': {}, 'evidence': [], 'status': 'accepted'}",0
51731,"51731 52"" MB Jetty Hunter Fan",accepted,"{'mpn': '51731', 'manufacturer': 'Hunter Fan Co (4381)', 'manufacturer_candidate': 'Hunter Fan Co', 'brand_candidate': None, 'identity_query': '51731 Hunter Fan Co', 'brands': [], 'description': '51731 52"" MB Jetty Hunter Fan'}","{'brand': None, 'source': None, 'confidence': 0.0, 'candidates': []}","{'value': 'Hunter Fan Co', 'score': 100.0, 'match': 'Hunter Fan Co'}","{'raw': {'diameter': None, 'thickness': None, 'arbor': None, 'product_type': None, 'pack_quantity': None}, 'normalized': {'diameter': None, 'thickness': None, 'arbor': None, 'product_type': None, 'pack_quantity': None}, 'confidence': {}, 'evidence': [], 'status': 'accepted'}",0
XLC10ZW,XLC10ZW Makita 18V Cordless Vacuum (Bare),accepted,"{'mpn': 'XLC10ZW', 'manufacturer': 'Makita Usa Inc (5142)', 'manufacturer_candidate': 'Makita Usa Inc', 'brand_candidate': None, 'identity_query': 'XLC10ZW Makita Usa Inc', 'brands': [], 'description': 'XLC10ZW Makita 18V Cordless Vacuum (Bare)'}","{'brand': None, 'source': None, 'confidence': 0.0, 'candidates': []}","{'value': 'Makita Usa Inc', 'score': 100.0, 'match': 'Makita Usa Inc'}","{'raw': {'diameter': None, 'thickness': None, 'arbor': None, 'product_type': None, 'pack_quantity': None}, 'normalized': {'diameter': None, 'thickness': None, 'arbor': None, 'product_type': None, 'pack_quantity': None}, 'confidence': {}, 'evidence': [], 'status': 'accepted'}",0
HS-DA,HS-DA Motion Driveway Alert,accepted,"{'mpn': 'HS-DA', 'manufacturer': 'Sabre (9195)', 'manufacturer_candidate': 'Sabre', 'brand_candidate': None, 'identity_query': 'HS-DA Sabre', 'brands': [], 'description': 'HS-DA Motion Driveway Alert'}","{'brand': None, 'source': None, 'confidence': 0.0, 'candidates': []}","{'value': 'Sabre', 'score': 100.0, 'match': 'Sabre'}","{'raw': {'diameter': None, 'thickness': None, 'arbor': None, 'product_type': None, 'pack_quantity': None}, 'normalized': {'diameter': None, 'thickness': None, 'arbor': None, 'product_type': None, 'pack_quantity': None}, 'confidence': {}, 'evidence': [], 'status': 'accepted'}",0
73002252,Black Gate Gravity Latch RDI,accepted,"{'mpn': '73002252', 'manufacturer': '-', 'manufacturer_candidate': '-', 'brand_candidate': None, 'identity_query': '73002252 -', 'brands': [], 'description': 'Black Gate Gravity Latch RDI'}","{'brand': None, 'source': None, 'confidence': 0.0, 'candidates': []}","{'value': 'First Alert - B R K Brands', 'score': 100.0, 'match': 'First Alert - B R K Brands'}","{'raw': {'diameter': None, 'thickness': None, 'arbor': None, 'product_type': None, 'pack_quantity': None}, 'normalized': {'diameter': None, 'thickness': None, 'arbor': None, 'product_type': None, 'pack_quantity': None}, 'confidence': {}, 'evidence': [], 'status': 'accepted'}",0
48-22-8396R,48-22-8396R Milw 24oz Bottle - Insulated,accepted,"{'mpn': '48-22-8396R', 'manufacturer': 'Milwaukee Accessory (4031)', 'manufacturer_candidate': 'Milwaukee Accessory', 'brand_candidate': None, 'identity_query': '48-22-8396R Milwaukee Accessory', 'brands': [], 'description': '48-22-8396R Milw 24oz Bottle - Insulated'}","{'brand': None, 'source': None, 'confidence': 0.0, 'candidates': []}","{'value': 'Milwaukee Accessory', 'score': 100.0, 'match': 'Milwaukee Accessory'}","{'raw': {'diameter': None, 'thickness': None, 'arbor': None, 'product_type': None, 'pack_quantity': None}, 'normalized': {'diameter': None, 'thickness': None, 'arbor': None, 'product_type': None, 'pack_quantity': None}, 'confidence': {}, 'evidence': [], 'status': 'accepted'}",0
48-22-8397R,48-22-8397R Milw 36oz Bottle - Insulated,accepted,"{'mpn': '48-22-8397R', 'manufacturer': 'Milwaukee Accessory (4031)', 'manufacturer_candidate': 'Milwaukee Accessory', 'brand_candidate': None, 'identity_query': '48-22-8397R Milwaukee Accessory', 'brands': [], 'description': '48-22-8397R Milw 36oz Bottle - Insulated'}","{'brand': None, 'source': None, 'confidence': 0.0, 'candidates': []}","{'value': 'Milwaukee Accessory', 'score': 100.0, 'match': 'Milwaukee Accessory'}","{'raw': {'diameter': None, 'thickness': None, 'arbor': None, 'product_type': None, 'pack_quantity': None}, 'normalized': {'diameter': None, 'thickness': None, 'arbor': None, 'product_type': None, 'pack_quantity': None}, 'confidence': {}, 'evidence': [], 'status': 'accepted'}",0
DCGG581B,DCGG581B Dewalt 20V Grease Gun 2-Speed,accepted,"{'mpn': 'DCGG581B', 'manufacturer': 'Black & Decker/dewlt (2585)', 'manufacturer_candidate': 'Black & Decker/dewlt', 'brand_candidate': None, 'identity_query': 'DCGG581B Black & Decker/dewlt', 'brands': [], 'description': 'DCGG581B Dewalt 20V Grease Gun 2-Speed'}","{'brand': 'DEWALT', 'source': 'description', 'confidence': 0.85, 'candidates': ['DEWALT']}","{'value': 'Black & Decker/dewlt', 'score': 100.0, 'match': 'Black & Decker/dewlt'}","{'raw': {'diameter': None, 'thickness': None, 'arbor': None, 'product_type': None, 'pack_quantity': None}, 'normalized': {'diameter': None, 'thickness': None, 'arbor': None, 'product_type': None, 'pack_quantity': None}, 'confidence': {}, 'evidence': [], 'status': 'accepted'}",0
DCGG581GD1,DCGG581GD1 Dewalt 20V Grease Gun 2-Speed Kit,accepted,"{'mpn': 'DCGG581GD1', 'manufacturer': 'Black & Decker/dewlt (2585)', 'manufacturer_candidate': 'Black & Decker/dewlt', 'brand_candidate': None, 'identity_query': 'DCGG581GD1 Black & Decker/dewlt', 'brands': [], 'description': 'DCGG581GD1 Dewalt 20V Grease Gun 2-Speed Kit'}","{'brand': 'DEWALT', 'source': 'description', 'confidence': 0.85, 'candidates': ['DEWALT']}","{'value': 'Black & Decker/dewlt', 'score': 100.0, 'match': 'Black & Decker/dewlt'}","{'raw': {'diameter': None, 'thickness': None, 'arbor': None, 'product_type': None, 'pack_quantity': None}, 'normalized': {'diameter': None, 'thickness': None, 'arbor': None, 'product_type': None, 'pack_quantity': None}, 'confidence': {}, 'evidence': [], 'status': 'accepted'}",0
DWST41092,"DWST41092 Dewalt Tool Chest 41"" Bottom",accepted,"{'mpn': 'DWST41092', 'manufacturer': 'Black & Decker/dewlt (2585)', 'manufacturer_candidate': 'Black & Decker/dewlt', 'brand_candidate': None, 'identity_query': 'DWST41092 Black & Decker/dewlt', 'brands': [], 'description': 'DWST41092 Dewalt Tool Chest 41"" Bottom'}","{'brand': 'DEWALT', 'source': 'description', 'confidence': 0.85, 'candidates': ['DEWALT']}","{'value': 'Black & Decker/dewlt', 'score': 100.0, 'match': 'Black & Decker/dewlt'}","{'raw': {'diameter': None, 'thickness': None, 'arbor': None, 'product_type': None, 'pack_quantity': None}, 'normalized': {'diameter': None, 'thickness': None, 'arbor': None, 'product_type': None, 'pack_quantity': None}, 'confidence': {}, 'evidence': [], 'status': 'accepted'}",0
156436WHT,156436 Wh 4x4x120 Post Wrap,accepted,"{'mpn': '156436WHT', 'manufacturer': 'Palmer Donavin Mfg Company (PALDO)', 'manufacturer_candidate': 'Palmer Donavin Mfg Company', 'brand_candidate': 'DSI Westbury', 'identity_query': '156436WHT Palmer Donavin Mfg Company DSI Westbury', 'brands': ['DSI Westbury'], 'description': '156436 Wh 4x4x120 Post Wrap'}","{'brand': 'DSI Westbury', 'source': 'structured_field', 'confidence': 0.99, 'candidates': ['DSI Westbury']}","{'value': 'Palmer Donavin Mfg Company', 'score': 100.0, 'match': 'Palmer Donavin Mfg Company'}","{'raw': {'diameter': '4', 'thickness': '4', 'arbor': '120', 'product_type': None, 'pack_quantity': None}, 'normalized': {'diameter': 4.0, 'thickness': 4.0, 'arbor': 120.0, 'product_type': None, 'pack_quantity': None}, 'confidence': {'diameter': 0.7, 'thickness': 0.7, 'arbor': 0.7}, 'evidence': [{'attribute': 'diameter', 'raw_value': '4', 'normalized_value': 4.0, 'source': 'ai_extraction'}, {'attribute': 'thickness', 'raw_value': '4', 'normalized_value': 4.0, 'source': 'ai_extraction'}, {'attribute': 'arbor', 'raw_value': '120', 'normalized_value': 120.0, 'source': 'ai_extraction'}], 'status': 'accepted'}",3
173950TBK,"4""x8'-6"" DSI SQ Black Alum Post Wrap",accepted,"{'mpn': '173950TBK', 'manufacturer': 'Palmer Donavin Mfg Company (PALDO)', 'manufacturer_candidate': 'Palmer Donavin Mfg Company', 'brand_candidate': None, 'identity_query': '173950TBK Palmer Donavin Mfg Company', 'brands': [], 'description': '4""x8\'-6"" DSI SQ Black Alum Post Wrap'}","{'brand': None, 'source': None, 'confidence': 0.0, 'candidates': []}","{'value': 'Palmer Donavin Mfg Company', 'score': 100.0, 'match': 'Palmer Donavin Mfg Company'}","{'raw': {'diameter': None, 'thickness': None, 'arbor': None, 'product_type': None, 'pack_quantity': None}, 'normalized': {'diameter': None, 'thickness': None, 'arbor': None, 'product_type': None, 'pack_quantity': None}, 'confidence': {}, 'evidence': [], 'status': 'accepted'}",0
173951TBK,"6""x8'-6"" DSI SQ Black Alum Post Wrap",accepted,"{'mpn': '173951TBK', 'manufacturer': 'Palmer Donavin Mfg Company (PALDO)', 'manufacturer_candidate': 'Palmer Donavin Mfg Company', 'brand_candidate': None, 'identity_query': '173951TBK Palmer Donavin Mfg Company', 'brands': [], 'description': '6""x8\'-6"" DSI SQ Black Alum Post Wrap'}","{'brand': None, 'source': None, 'confidence': 0.0, 'candidates': []}","{'value': 'Palmer Donavin Mfg Company', 'score': 100.0, 'match': 'Palmer Donavin Mfg Company'}","{'raw': {'diameter': None, 'thickness': None, 'arbor': None, 'product_type': None, 'pack_quantity': None}, 'normalized': {'diameter': None, 'thickness': None, 'arbor': None, 'product_type': None, 'pack_quantity': None}, 'confidence': {}, 'evidence': [], 'status': 'accepted'}",0
173952TBK,"6""x10' DSI SQ Black Alum Post Wrap",accepted,"{'mpn': '173952TBK', 'manufacturer': 'Palmer Donavin Mfg Company (PALDO)', 'manufacturer_candidate': 'Palmer Donavin Mfg Company', 'brand_candidate': None, 'identity_query': '173952TBK Palmer Donavin Mfg Company', 'brands': [], 'description': '6""x10\' DSI SQ Black Alum Post Wrap'}","{'brand': None, 'source': None, 'confidence': 0.0, 'candidates': []}","{'value': 'Palmer Donavin Mfg Company', 'score': 100.0, 'match': 'Palmer Donavin Mfg Company'}","{'raw': {'diameter': None, 'thickness': None, 'arbor': None, 'product_type': None, 'pack_quantity': None}, 'normalized': {'diameter': None, 'thickness': None, 'arbor': None, 'product_type': None, 'pack_quantity': None}, 'confidence': {}, 'evidence': [], 'status': 'accepted'}",0
1624157,TW52 WH INSIDE CAS VIN WRAPPED,accepted,"{'mpn': '1624157', 'manufacturer': '-', 'manufacturer_candidate': '-', 'brand_candidate': 'ANDERSEN', 'identity_query': '1624157 - ANDERSEN', 'brands': ['ANDERSEN'], 'description': 'TW52 WH INSIDE CAS VIN WRAPPED'}","{'brand': 'ANDERSEN', 'source': 'structured_field', 'confidence': 0.99, 'candidates': ['ANDERSEN']}","{'value': 'First Alert - B R K Brands', 'score': 100.0, 'match': 'First Alert - B R K Brands'}","{'raw': {'diameter': None, 'thickness': None, 'arbor': None, 'product_type': None, 'pack_quantity': None}, 'normalized': {'diameter': None, 'thickness': None, 'arbor': None, 'product_type': None, 'pack_quantity': None}, 'confidence': {}, 'evidence': [], 'status': 'accepted'}",0
40025,40025 TS-54 Wal-Board T-Square 009-008,accepted,"{'mpn': '40025', 'manufacturer': 'Marshalltown Trowel (5155)', 'manufacturer_candidate': 'Marshalltown Trowel', 'brand_candidate': None, 'identity_query': '40025 Marshalltown Trowel', 'brands': [], 'description': '40025 TS-54 Wal-Board T-Square 009-008'}","{'brand': None, 'source': None, 'confidence': 0.0, 'candidates': []}","{'value': 'Marshalltown Trowel', 'score': 100.0, 'match': 'Marshalltown Trowel'}","{'raw': {'diameter': None, 'thickness': None, 'arbor': None, 'product_type': None, 'pack_quantity': None}, 'normalized': {'diameter': None, 'thickness': None, 'arbor': None, 'product_type': None, 'pack_quantity': None}, 'confidence': {}, 'evidence': [], 'status': 'accepted'}",0
48-22-3301,48-22-3301 Milw Mechanical Pencil w/ Lead Pack,accepted,"{'mpn': '48-22-3301', 'manufacturer': 'Milwaukee Accessory (4031)', 'manufacturer_candidate': 'Milwaukee Accessory', 'brand_candidate': None, 'identity_query': '48-22-3301 Milwaukee Accessory', 'brands': [], 'description': '48-22-3301 Milw Mechanical Pencil w/ Lead Pack'}","{'brand': None, 'source': None, 'confidence': 0.0, 'candidates': []}","{'value': 'Milwaukee Accessory', 'score': 100.0, 'match': 'Milwaukee Accessory'}","{'raw': {'diameter': None, 'thickness': None, 'arbor': None, 'product_type': None, 'pack_quantity': None}, 'normalized': {'diameter': None, 'thickness': None, 'arbor': None, 'product_type': None, 'pack_quantity': None}, 'confidence': {}, 'evidence': [], 'status': 'accepted'}",0
48-22-3302,48-22-3302 Milw Mechanical Pencil Replacement Lead,accepted,"{'mpn': '48-22-3302', 'manufacturer': 'Milwaukee Accessory (4031)', 'manufacturer_candidate': 'Milwaukee Accessory', 'brand_candidate': None, 'identity_query': '48-22-3302 Milwaukee Accessory', 'brands': [], 'description': '48-22-3302 Milw Mechanical Pencil Replacement Lead'}","{'brand': None, 'source': None, 'confidence': 0.0, 'candidates': []}","{'value': 'Milwaukee Accessory', 'score': 100.0, 'match': 'Milwaukee Accessory'}","{'raw': {'diameter': None, 'thickness': None, 'arbor': None, 'product_type': None, 'pack_quantity': None}, 'normalized': {'diameter': None, 'thickness': None, 'arbor': None, 'product_type': None, 'pack_quantity': None}, 'confidence': {}, 'evidence': [], 'status': 'accepted'}",0
48-22-3303,48-22-3303 Milw Mechanical Pencil Replacement Lead-Color,accepted,"{'mpn': '48-22-3303', 'manufacturer': 'Milwaukee Accessory (4031)', 'manufacturer_candidate': 'Milwaukee Accessory', 'brand_candidate': None, 'identity_query': '48-22-3303 Milwaukee Accessory', 'brands': [], 'description': '48-22-3303 Milw Mechanical Pencil Replacement Lead-Color'}","{'brand': None, 'source': None, 'confidence': 0.0, 'candidates': []}","{'value': 'Milwaukee Accessory', 'score': 100.0, 'match': 'Milwaukee Accessory'}","{'raw': {'diameter': None, 'thickness': None, 'arbor': None, 'product_type': None, 'pack_quantity': None}, 'normalized': {'diameter': None, 'thickness': None, 'arbor': None, 'product_type': None, 'pack_quantity': None}, 'confidence': {}, 'evidence': [], 'status': 'accepted'}",0
TSDKAP218-G2,TSDKAP218-G2 Edge Safety - Khor Black Frame Polarized,accepted,"{'mpn': 'TSDKAP218-G2', 'manufacturer': 'Edge Eyewear Inc (EDGSA)', 'manufacturer_candidate': 'Edge Eyewear Inc', 'brand_candidate': None, 'identity_query': 'TSDKAP218-G2 Edge Eyewear Inc', 'brands': [], 'description': 'TSDKAP218-G2 Edge Safety - Khor Black Frame Polarized'}","{'brand': None, 'source': None, 'confidence': 0.0, 'candidates': []}","{'value': 'Edge Eyewear Inc', 'score': 100.0, 'match': 'Edge Eyewear Inc'}","{'raw': {'diameter': None, 'thickness': None, 'arbor': None, 'product_type': None, 'pack_quantity': None}, 'normalized': {'diameter': None, 'thickness': None, 'arbor': None, 'product_type': None, 'pack_quantity': None}, 'confidence': {}, 'evidence': [], 'status': 'accepted'}",0
XPAP418,XPAP418 Edge Safety Glasses - Pumori Black Frame,accepted,"{'mpn': 'XPAP418', 'manufacturer': 'Edge Eyewear Inc (EDGSA)', 'manufacturer_candidate': 'Edge Eyewear Inc', 'brand_candidate': None, 'identity_query': 'XPAP418 Edge Eyewear Inc', 'brands': [], 'description': 'XPAP418 Edge Safety Glasses - Pumori Black Frame'}","{'brand': None, 'source': None, 'confidence': 0.0, 'candidates': []}","{'value': 'Edge Eyewear Inc', 'score': 100.0, 'match': 'Edge Eyewear Inc'}","{'raw': {'diameter': None, 'thickness': None, 'arbor': None, 'product_type': None, 'pack_quantity': None}, 'normalized': {'diameter': None, 'thickness': None, 'arbor': None, 'product_type': None, 'pack_quantity': None}, 'confidence': {}, 'evidence': [], 'status': 'accepted'}",0
XDAP419,XDAP419 Edge Safety Glasses - Dawson Black Frame Red Lenses,accepted,"{'mpn': 'XDAP419', 'manufacturer': 'Edge Eyewear Inc (EDGSA)', 'manufacturer_candidate': 'Edge Eyewear Inc', 'brand_candidate': None, 'identity_query': 'XDAP419 Edge Eyewear Inc', 'brands': [], 'description': 'XDAP419 Edge Safety Glasses - Dawson Black Frame Red Lenses'}","{'brand': None, 'source': None, 'confidence': 0.0, 'candidates': []}","{'value': 'Edge Eyewear Inc', 'score': 100.0, 'match': 'Edge Eyewear Inc'}","{'raw': {'diameter': None, 'thickness': None, 'arbor': None, 'product_type': None, 'pack_quantity': None}, 'normalized': {'diameter': None, 'thickness': None, 'arbor': None, 'product_type': None, 'pack_quantity': None}, 'confidence': {}, 'evidence': [], 'status': 'accepted'}",0
XB11PCVS,XB11PCVS Edge Safety Glasses - Photochromic Lense,accepted,"{'mpn': 'XB11PCVS', 'manufacturer': 'Edge Eyewear Inc (EDGSA)', 'manufacturer_candidate': 'Edge Eyewear Inc', 'brand_candidate': None, 'identity_query': 'XB11PCVS Edge Eyewear Inc', 'brands': [], 'description': 'XB11PCVS Edge Safety Glasses - Photochromic Lense'}","{'brand': None, 'source': None, 'confidence': 0.0, 'candidates': []}","{'value': 'Edge Eyewear Inc', 'score': 100.0, 'match': 'Edge Eyewear Inc'}","{'raw': {'diameter': None, 'thickness': None, 'arbor': None, 'product_type': None, 'pack_quantity': 11}, 'normalized': {'diameter': None, 'thickness': None, 'arbor': None, 'product_type': None, 'pack_quantity': 11}, 'confidence': {'pack_quantity': 0.7}, 'evidence': [{'attribute': 'pack_quantity', 'raw_value': 11, 'normalized_value': 11, 'source': 'ai_extraction'}], 'status': 'accepted'}",1
KB121VS,KB121VS Edge Safety Glasses - Kabru Black Frame,accepted,"{'mpn': 'KB121VS', 'manufacturer': 'Edge Eyewear Inc (EDGSA)', 'manufacturer_candidate': 'Edge Eyewear Inc', 'brand_candidate': None, 'identity_query': 'KB121VS Edge Eyewear Inc', 'brands': [], 'description': 'KB121VS Edge Safety Glasses - Kabru Black Frame'}","{'brand': None, 'source': None, 'confidence': 0.0, 'candidates': []}","{'value': 'Edge Eyewear Inc', 'score': 100.0, 'match': 'Edge Eyewear Inc'}","{'raw': {'diameter': None, 'thickness': None, 'arbor': None, 'product_type': None, 'pack_quantity': None}, 'normalized': {'diameter': None, 'thickness': None, 'arbor': None, 'product_type': None, 'pack_quantity': None}, 'confidence': {}, 'evidence': [], 'status': 'accepted'}",0
KB126VS,KB126VS Edge Safety Glasses - Kabru Black Frame,accepted,"{'mpn': 'KB126VS', 'manufacturer': 'Edge Eyewear Inc (EDGSA)', 'manufacturer_candidate': 'Edge Eyewear Inc', 'brand_candidate': None, 'identity_query': 'KB126VS Edge Eyewear Inc', 'brands': [], 'description': 'KB126VS Edge Safety Glasses - Kabru Black Frame'}","{'brand': None, 'source': None, 'confidence': 0.0, 'candidates': []}","{'value': 'Edge Eyewear Inc', 'score': 100.0, 'match': 'Edge Eyewear Inc'}","{'raw': {'diameter': None, 'thickness': None, 'arbor': None, 'product_type': None, 'pack_quantity': None}, 'normalized': {'diameter': None, 'thickness': None, 'arbor': None, 'product_type': None, 'pack_quantity': None}, 'confidence': {}, 'evidence': [], 'status': 'accepted'}",0
TC121VS,TC121VS Edge Safety Glasses - Tacana Black Frame,accepted,"{'mpn': 'TC121VS', 'manufacturer': 'Edge Eyewear Inc (EDGSA)', 'manufacturer_candidate': 'Edge Eyewear Inc', 'brand_candidate': None, 'identity_query': 'TC121VS Edge Eyewear Inc', 'brands': [], 'description': 'TC121VS Edge Safety Glasses - Tacana Black Frame'}","{'brand': None, 'source': None, 'confidence': 0.0, 'candidates': []}","{'value': 'Edge Eyewear Inc', 'score': 100.0, 'match': 'Edge Eyewear Inc'}","{'raw': {'diameter': None, 'thickness': None, 'arbor': None, 'product_type': None, 'pack_quantity': None}, 'normalized': {'diameter': None, 'thickness': None, 'arbor': None, 'product_type': None, 'pack_quantity': None}, 'confidence': {}, 'evidence': [], 'status': 'accepted'}",0
TC126VS,TC126VS Edge Safety Glasses - Tacana Black Frame,accepted,"{'mpn': 'TC126VS', 'manufacturer': 'Edge Eyewear Inc (EDGSA)', 'manufacturer_candidate': 'Edge Eyewear Inc', 'brand_candidate': None, 'identity_query': 'TC126VS Edge Eyewear Inc', 'brands': [], 'description': 'TC126VS Edge Safety Glasses - Tacana Black Frame'}","{'brand': None, 'source': None, 'confidence': 0.0, 'candidates': []}","{'value': 'Edge Eyewear Inc', 'score': 100.0, 'match': 'Edge Eyewear Inc'}","{'raw': {'diameter': None, 'thickness': None, 'arbor': None, 'product_type': None, 'pack_quantity': None}, 'normalized': {'diameter': None, 'thickness': None, 'arbor': None, 'product_type': None, 'pack_quantity': None}, 'confidence': {}, 'evidence': [], 'status': 'accepted'}",0
MK113MPAP,MK113MPAP Edge Safety Glasses - Makalu Black Frame Polarized,accepted,"{'mpn': 'MK113MPAP', 'manufacturer': 'Edge Eyewear Inc (EDGSA)', 'manufacturer_candidate': 'Edge Eyewear Inc', 'brand_candidate': None, 'identity_query': 'MK113MPAP Edge Eyewear Inc', 'brands': [], 'description': 'MK113MPAP Edge Safety Glasses - Makalu Black Frame Polarized'}","{'brand': None, 'source': None, 'confidence': 0.0, 'candidates': []}","{'value': 'Edge Eyewear Inc', 'score': 100.0, 'match': 'Edge Eyewear Inc'}","{'raw': {'diameter': None, 'thickness': None, 'arbor': None, 'product_type': None, 'pack_quantity': None}, 'normalized': {'diameter': None, 'thickness': None, 'arbor': None, 'product_type': None, 'pack_quantity': None}, 'confidence': {}, 'evidence': [], 'status': 'accepted'}",0
LS117MPAP,LS117MPAP Edge Safety Glasses - Lassen Black Frame Polarized,accepted,"{'mpn': 'LS117MPAP', 'manufacturer': 'Edge Eyewear Inc (EDGSA)', 'manufacturer_candidate': 'Edge Eyewear Inc', 'brand_candidate': None, 'identity_query': 'LS117MPAP Edge Eyewear Inc', 'brands': [], 'description': 'LS117MPAP Edge Safety Glasses - Lassen Black Frame Polarized'}","{'brand': None, 'source': None, 'confidence': 0.0, 'candidates': []}","{'value': 'Edge Eyewear Inc', 'score': 100.0, 'match': 'Edge Eyewear Inc'}","{'raw': {'diameter': None, 'thickness': None, 'arbor': None, 'product_type': None, 'pack_quantity': None}, 'normalized': {'diameter': None, 'thickness': None, 'arbor': None, 'product_type': None, 'pack_quantity': None}, 'confidence': {}, 'evidence': [], 'status': 'accepted'}",0
FE-EFX-6L,FEEFX6L Lith Fire Extinguisher,accepted,"{'mpn': 'FE-EFX-6L', 'manufacturer': 'Ohio Firewatch Protection Inc (HOLFS)', 'manufacturer_candidate': 'Ohio Firewatch Protection Inc', 'brand_candidate': None, 'identity_query': 'FE-EFX-6L Ohio Firewatch Protection Inc', 'brands': [], 'description': 'FEEFX6L Lith Fire Extinguisher'}","{'brand': None, 'source': None, 'confidence': 0.0, 'candidates': []}","{'value': 'Ohio Firewatch Protection Inc', 'score': 100.0, 'match': 'Ohio Firewatch Protection Inc'}","{'raw': {'diameter': None, 'thickness': None, 'arbor': None, 'product_type': None, 'pack_quantity': None}, 'normalized': {'diameter': None, 'thickness': None, 'arbor': None, 'product_type': None, 'pack_quantity': None}, 'confidence': {}, 'evidence': [], 'status': 'accepted'}",0
FE-EFX-9L,FEEFX9L Lith Fire Extinguisher,accepted,"{'mpn': 'FE-EFX-9L', 'manufacturer': 'Ohio Firewatch Protection Inc (HOLFS)', 'manufacturer_candidate': 'Ohio Firewatch Protection Inc', 'brand_candidate': None, 'identity_query': 'FE-EFX-9L Ohio Firewatch Protection Inc', 'brands': [], 'description': 'FEEFX9L Lith Fire Extinguisher'}","{'brand': None, 'source': None, 'confidence': 0.0, 'candidates': []}","{'value': 'Ohio Firewatch Protection Inc', 'score': 100.0, 'match': 'Ohio Firewatch Protection Inc'}","{'raw': {'diameter': None, 'thickness': None, 'arbor': None, 'product_type': None, 'pack_quantity': None}, 'normalized': {'diameter': None, 'thickness': None, 'arbor': None, 'product_type': None, 'pack_quantity': None}, 'confidence': {}, 'evidence': [], 'status': 'accepted'}",0
1046793,1046793 Smoke & CO Alarm,accepted,"{'mpn': '1046793', 'manufacturer': 'First Alert - B R K Brands (2754)', 'manufacturer_candidate': 'First Alert - B R K Brands', 'brand_candidate': 'First Alert', 'identity_query': '1046793 First Alert - B R K Brands First Alert', 'brands': ['First Alert'], 'description': '1046793 Smoke & CO Alarm'}","{'brand': 'First Alert', 'source': 'structured_field', 'confidence': 0.99, 'candidates': ['First Alert']}","{'value': 'First Alert - B R K Brands', 'score': 100.0, 'match': 'First Alert - B R K Brands'}","{'raw': {'diameter': None, 'thickness': None, 'arbor': None, 'product_type': None, 'pack_quantity': None}, 'normalized': {'diameter': None, 'thickness': None, 'arbor': None, 'product_type': None, 'pack_quantity': None}, 'confidence': {}, 'evidence': [], 'status': 'accepted'}",0
1046870,1046870 Smoke & CO Alarm,accepted,"{'mpn': '1046870', 'manufacturer': 'First Alert - B R K Brands (2754)', 'manufacturer_candidate': 'First Alert - B R K Brands', 'brand_candidate': 'BRK', 'identity_query': '1046870 First Alert - B R K Brands BRK', 'brands': ['BRK'], 'description': '1046870 Smoke & CO Alarm'}","{'brand': 'BRK', 'source': 'structured_field', 'confidence': 0.99, 'candidates': ['BRK']}","{'value': 'First Alert - B R K Brands', 'score': 100.0, 'match': 'First Alert - B R K Brands'}","{'raw': {'diameter': None, 'thickness': None, 'arbor': None, 'product_type': None, 'pack_quantity': None}, 'normalized': {'diameter': None, 'thickness': None, 'arbor': None, 'product_type': None, 'pack_quantity': None}, 'confidence': {}, 'evidence': [], 'status': 'accepted'}",0
M701B-21L,M701B-21L Milw L Black Heated Work Glove Liners,accepted,"{'mpn': 'M701B-21L', 'manufacturer': 'Milwaukee Accessory (4031)', 'manufacturer_candidate': 'Milwaukee Accessory', 'brand_candidate': None, 'identity_query': 'M701B-21L Milwaukee Accessory', 'brands': [], 'description': 'M701B-21L Milw L Black Heated Work Glove Liners'}","{'brand': None, 'source': None, 'confidence': 0.0, 'candidates': []}","{'value': 'Milwaukee Accessory', 'score': 100.0, 'match': 'Milwaukee Accessory'}","{'raw': {'diameter': None, 'thickness': None, 'arbor': None, 'product_type': None, 'pack_quantity': None}, 'normalized': {'diameter': None, 'thickness': None, 'arbor': None, 'product_type': None, 'pack_quantity': None}, 'confidence': {}, 'evidence': [], 'status': 'accepted'}",0
M701B-21M,M701B-21M Milw M Black Heated Work Glove Liners,accepted,"{'mpn': 'M701B-21M', 'manufacturer': 'Milwaukee Accessory (4031)', 'manufacturer_candidate': 'Milwaukee Accessory', 'brand_candidate': None, 'identity_query': 'M701B-21M Milwaukee Accessory', 'brands': [], 'description': 'M701B-21M Milw M Black Heated Work Glove Liners'}","{'brand': None, 'source': None, 'confidence': 0.0, 'candidates': []}","{'value': 'Milwaukee Accessory', 'score': 100.0, 'match': 'Milwaukee Accessory'}","{'raw': {'diameter': None, 'thickness': None, 'arbor': None, 'product_type': None, 'pack_quantity': None}, 'normalized': {'diameter': None, 'thickness': None, 'arbor': None, 'product_type': None, 'pack_quantity': None}, 'confidence': {}, 'evidence': [], 'status': 'accepted'}",0
M701B-21S,M701B-21S Milw S Black Heated Work Glove Liners,accepted,"{'mpn': 'M701B-21S', 'manufacturer': 'Milwaukee Accessory (4031)', 'manufacturer_candidate': 'Milwaukee Accessory', 'brand_candidate': None, 'identity_query': 'M701B-21S Milwaukee Accessory', 'brands': [], 'description': 'M701B-21S Milw S Black Heated Work Glove Liners'}","{'brand': None, 'source': None, 'confidence': 0.0, 'candidates': []}","{'value': 'Milwaukee Accessory', 'score': 100.0, 'match': 'Milwaukee Accessory'}","{'raw': {'diameter': None, 'thickness': None, 'arbor': None, 'product_type': None, 'pack_quantity': None}, 'normalized': {'diameter': None, 'thickness': None, 'arbor': None, 'product_type': None, 'pack_quantity': None}, 'confidence': {}, 'evidence': [], 'status': 'accepted'}",0
M701B-21XL,M701B-21XL Milw XL Black Heated Work Glove Liners,accepted,"{'mpn': 'M701B-21XL', 'manufacturer': 'Milwaukee Accessory (4031)', 'manufacturer_candidate': 'Milwaukee Accessory', 'brand_candidate': None, 'identity_query': 'M701B-21XL Milwaukee Accessory', 'brands': [], 'description': 'M701B-21XL Milw XL Black Heated Work Glove Liners'}","{'brand': None, 'source': None, 'confidence': 0.0, 'candidates': []}","{'value': 'Milwaukee Accessory', 'score': 100.0, 'match': 'Milwaukee Accessory'}","{'raw': {'diameter': None, 'thickness': None, 'arbor': None, 'product_type': None, 'pack_quantity': None}, 'normalized': {'diameter': None, 'thickness': None, 'arbor': None, 'product_type': None, 'pack_quantity': None}, 'confidence': {}, 'evidence': [], 'status': 'accepted'}",0
MWUG42010124,UTW Pro Heated Glove Blk XS,accepted,"{'mpn': 'MWUG42010124', 'manufacturer': 'Tech Gear 5.7 Inc (TECGE)', 'manufacturer_candidate': 'Tech Gear 5.7 Inc', 'brand_candidate': None, 'identity_query': 'MWUG42010124 Tech Gear 5.7 Inc', 'brands': [], 'description': 'UTW Pro Heated Glove Blk XS'}","{'brand': None, 'source': None, 'confidence': 0.0, 'candidates': []}","{'value': 'Tech Gear 5.7 Inc', 'score': 100.0, 'match': 'Tech Gear 5.7 Inc'}","{'raw': {'diameter': None, 'thickness': None, 'arbor': None, 'product_type': None, 'pack_quantity': None}, 'normalized': {'diameter': None, 'thickness': None, 'arbor': None, 'product_type': None, 'pack_quantity': None}, 'confidence': {}, 'evidence': [], 'status': 'accepted'}",0
MWUG42010224,UTW Pro Heated Glove Blk SM,accepted,"{'mpn': 'MWUG42010224', 'manufacturer': 'Tech Gear 5.7 Inc (TECGE)', 'manufacturer_candidate': 'Tech Gear 5.7 Inc', 'brand_candidate': None, 'identity_query': 'MWUG42010224 Tech Gear 5.7 Inc', 'brands': [], 'description': 'UTW Pro Heated Glove Blk SM'}","{'brand': None, 'source': None, 'confidence': 0.0, 'candidates': []}","{'value': 'Tech Gear 5.7 Inc', 'score': 100.0, 'match': 'Tech Gear 5.7 Inc'}","{'raw': {'diameter': None, 'thickness': None, 'arbor': None, 'product_type': None, 'pack_quantity': None}, 'normalized': {'diameter': None, 'thickness': None, 'arbor': None, 'product_type': None, 'pack_quantity': None}, 'confidence': {}, 'evidence': [], 'status': 'accepted'}",0
MWUG42010324,UTW Pro Heated Glove Blk MD,accepted,"{'mpn': 'MWUG42010324', 'manufacturer': 'Tech Gear 5.7 Inc (TECGE)', 'manufacturer_candidate': 'Tech Gear 5.7 Inc', 'brand_candidate': None, 'identity_query': 'MWUG42010324 Tech Gear 5.7 Inc', 'brands': [], 'description': 'UTW Pro Heated Glove Blk MD'}","{'brand': None, 'source': None, 'confidence': 0.0, 'candidates': []}","{'value': 'Tech Gear 5.7 Inc', 'score': 100.0, 'match': 'Tech Gear 5.7 Inc'}","{'raw': {'diameter': None, 'thickness': None, 'arbor': None, 'product_type': None, 'pack_quantity': None}, 'normalized': {'diameter': None, 'thickness': None, 'arbor': None, 'product_type': None, 'pack_quantity': None}, 'confidence': {}, 'evidence': [], 'status': 'accepted'}",0
MWUG42010424,UTW Pro Heated Glove Blk LG,accepted,"{'mpn': 'MWUG42010424', 'manufacturer': 'Tech Gear 5.7 Inc (TECGE)', 'manufacturer_candidate': 'Tech Gear 5.7 Inc', 'brand_candidate': None, 'identity_query': 'MWUG42010424 Tech Gear 5.7 Inc', 'brands': [], 'description': 'UTW Pro Heated Glove Blk LG'}","{'brand': None, 'source': None, 'confidence': 0.0, 'candidates': []}","{'value': 'Tech Gear 5.7 Inc', 'score': 100.0, 'match': 'Tech Gear 5.7 Inc'}","{'raw': {'diameter': None, 'thickness': None, 'arbor': None, 'product_type': None, 'pack_quantity': None}, 'normalized': {'diameter': None, 'thickness': None, 'arbor': None, 'product_type': None, 'pack_quantity': None}, 'confidence': {}, 'evidence': [], 'status': 'accepted'}",0
MWUG42010524,UTW Pro Heated Glove Blk XL,accepted,"{'mpn': 'MWUG42010524', 'manufacturer': 'Tech Gear 5.7 Inc (TECGE)', 'manufacturer_candidate': 'Tech Gear 5.7 Inc', 'brand_candidate': None, 'identity_query': 'MWUG42010524 Tech Gear 5.7 Inc', 'brands': [], 'description': 'UTW Pro Heated Glove Blk XL'}","{'brand': None, 'source': None, 'confidence': 0.0, 'candidates': []}","{'value': 'Tech Gear 5.7 Inc', 'score': 100.0, 'match': 'Tech Gear 5.7 Inc'}","{'raw': {'diameter': None, 'thickness': None, 'arbor': None, 'product_type': None, 'pack_quantity': None}, 'normalized': {'diameter': None, 'thickness': None, 'arbor': None, 'product_type': None, 'pack_quantity': None}, 'confidence': {}, 'evidence': [], 'status': 'accepted'}",0
MWUG42010624,UTW Pro Heated Glove Blk 2X,accepted,"{'mpn': 'MWUG42010624', 'manufacturer': 'Tech Gear 5.7 Inc (TECGE)', 'manufacturer_candidate': 'Tech Gear 5.7 Inc', 'brand_candidate': None, 'identity_query': 'MWUG42010624 Tech Gear 5.7 Inc', 'brands': [], 'description': 'UTW Pro Heated Glove Blk 2X'}","{'brand': None, 'source': None, 'confidence': 0.0, 'candidates': []}","{'value': 'Tech Gear 5.7 Inc', 'score': 100.0, 'match': 'Tech Gear 5.7 Inc'}","{'raw': {'diameter': None, 'thickness': None, 'arbor': None, 'product_type': None, 'pack_quantity': None}, 'normalized': {'diameter': None, 'thickness': None, 'arbor': None, 'product_type': None, 'pack_quantity': None}, 'confidence': {}, 'evidence': [], 'status': 'accepted'}",0
MWUG36010225,MWUG36010225 BLK SM Aerial Snow Heated Glove,accepted,"{'mpn': 'MWUG36010225', 'manufacturer': 'Tech Gear 5.7 Inc (TECGE)', 'manufacturer_candidate': 'Tech Gear 5.7 Inc', 'brand_candidate': None, 'identity_query': 'MWUG36010225 Tech Gear 5.7 Inc', 'brands': [], 'description': 'MWUG36010225 BLK SM Aerial Snow Heated Glove'}","{'brand': None, 'source': None, 'confidence': 0.0, 'candidates': []}","{'value': 'Tech Gear 5.7 Inc', 'score': 100.0, 'match': 'Tech Gear 5.7 Inc'}","{'raw': {'diameter': None, 'thickness': None, 'arbor': None, 'product_type': None, 'pack_quantity': None}, 'normalized': {'diameter': None, 'thickness': None, 'arbor': None, 'product_type': None, 'pack_quantity': None}, 'confidence': {}, 'evidence': [], 'status': 'accepted'}",0
MWUG36010325,MWUG36010325 BLK MD Aerial Snow Heated Glove,accepted,"{'mpn': 'MWUG36010325', 'manufacturer': 'Tech Gear 5.7 Inc (TECGE)', 'manufacturer_candidate': 'Tech Gear 5.7 Inc', 'brand_candidate': None, 'identity_query': 'MWUG36010325 Tech Gear 5.7 Inc', 'brands': [], 'description': 'MWUG36010325 BLK MD Aerial Snow Heated Glove'}","{'brand': None, 'source': None, 'confidence': 0.0, 'candidates': []}","{'value': 'Tech Gear 5.7 Inc', 'score': 100.0, 'match': 'Tech Gear 5.7 Inc'}","{'raw': {'diameter': None, 'thickness': None, 'arbor': None, 'product_type': None, 'pack_quantity': None}, 'normalized': {'diameter': None, 'thickness': None, 'arbor': None, 'product_type': None, 'pack_quantity': None}, 'confidence': {}, 'evidence': [], 'status': 'accepted'}",0
MWUG36010425,MWUG36010425 BLK LG Aerial Snow Heated Glove,accepted,"{'mpn': 'MWUG36010425', 'manufacturer': 'Tech Gear 5.7 Inc (TECGE)', 'manufacturer_candidate': 'Tech Gear 5.7 Inc', 'brand_candidate': None, 'identity_query': 'MWUG36010425 Tech Gear 5.7 Inc', 'brands': [], 'description': 'MWUG36010425 BLK LG Aerial Snow Heated Glove'}","{'brand': None, 'source': None, 'confidence': 0.0, 'candidates': []}","{'value': 'Tech Gear 5.7 Inc', 'score': 100.0, 'match': 'Tech Gear 5.7 Inc'}","{'raw': {'diameter': None, 'thickness': None, 'arbor': None, 'product_type': None, 'pack_quantity': None}, 'normalized': {'diameter': None, 'thickness': None, 'arbor': None, 'product_type': None, 'pack_quantity': None}, 'confidence': {}, 'evidence': [], 'status': 'accepted'}",0
MWUG36010525,MWUG36010525 BLK XL Aerial Snow Heated Glove,accepted,"{'mpn': 'MWUG36010525', 'manufacturer': 'Tech Gear 5.7 Inc (TECGE)', 'manufacturer_candidate': 'Tech Gear 5.7 Inc', 'brand_candidate': None, 'identity_query': 'MWUG36010525 Tech Gear 5.7 Inc', 'brands': [], 'description': 'MWUG36010525 BLK XL Aerial Snow Heated Glove'}","{'brand': None, 'source': None, 'confidence': 0.0, 'candidates': []}","{'value': 'Tech Gear 5.7 Inc', 'score': 100.0, 'match': 'Tech Gear 5.7 Inc'}","{'raw': {'diameter': None, 'thickness': None, 'arbor': None, 'product_type': None, 'pack_quantity': None}, 'normalized': {'diameter': None, 'thickness': None, 'arbor': None, 'product_type': None, 'pack_quantity': None}, 'confidence': {}, 'evidence': [], 'status': 'accepted'}",0
MWUG36010625,MWUG36010625 BLK 2X Aerial Snow Heated Glove,accepted,"{'mpn': 'MWUG36010625', 'manufacturer': 'Tech Gear 5.7 Inc (TECGE)', 'manufacturer_candidate': 'Tech Gear 5.7 Inc', 'brand_candidate': None, 'identity_query': 'MWUG36010625 Tech Gear 5.7 Inc', 'brands': [], 'description': 'MWUG36010625 BLK 2X Aerial Snow Heated Glove'}","{'brand': None, 'source': None, 'confidence': 0.0, 'candidates': []}","{'value': 'Tech Gear 5.7 Inc', 'score': 100.0, 'match': 'Tech Gear 5.7 Inc'}","{'raw': {'diameter': None, 'thickness': None, 'arbor': None, 'product_type': None, 'pack_quantity': None}, 'normalized': {'diameter': None, 'thickness': None, 'arbor': None, 'product_type': None, 'pack_quantity': None}, 'confidence': {}, 'evidence': [], 'status': 'accepted'}",0
DPG15,DPG15 Dewalt AM/FM Hearing Protector,accepted,"{'mpn': 'DPG15', 'manufacturer': 'Radians (7363)', 'manufacturer_candidate': 'Radians', 'brand_candidate': None, 'identity_query': 'DPG15 Radians', 'brands': [], 'description': 'DPG15 Dewalt AM/FM Hearing Protector'}","{'brand': 'DEWALT', 'source': 'description', 'confidence': 0.85, 'candidates': ['DEWALT']}","{'value': 'Radians', 'score': 100.0, 'match': 'Radians'}","{'raw': {'diameter': None, 'thickness': None, 'arbor': None, 'product_type': None, 'pack_quantity': None}, 'normalized': {'diameter': None, 'thickness': None, 'arbor': None, 'product_type': None, 'pack_quantity': None}, 'confidence': {}, 'evidence': [], 'status': 'accepted'}",0
F200B-21L,F200B-21L Milw M12 Womens - BLK Heated Hoodie Kit L,accepted,"{'mpn': 'F200B-21L', 'manufacturer': 'Milwaukee Accessory (4031)', 'manufacturer_candidate': 'Milwaukee Accessory', 'brand_candidate': None, 'identity_query': 'F200B-21L Milwaukee Accessory', 'brands': [], 'description': 'F200B-21L Milw M12 Womens - BLK Heated Hoodie Kit L'}","{'brand': None, 'source': None, 'confidence': 0.0, 'candidates': []}","{'value': 'Milwaukee Accessory', 'score': 100.0, 'match': 'Milwaukee Accessory'}","{'raw': {'diameter': None, 'thickness': None, 'arbor': None, 'product_type': None, 'pack_quantity': None}, 'normalized': {'diameter': None, 'thickness': None, 'arbor': None, 'product_type': None, 'pack_quantity': None}, 'confidence': {}, 'evidence': [], 'status': 'accepted'}",0
F200B-21M,F200B-21M Milw M12 Womens - BLK Heated Hoodie Kit M,accepted,"{'mpn': 'F200B-21M', 'manufacturer': 'Milwaukee Accessory (4031)', 'manufacturer_candidate': 'Milwaukee Accessory', 'brand_candidate': None, 'identity_query': 'F200B-21M Milwaukee Accessory', 'brands': [], 'description': 'F200B-21M Milw M12 Womens - BLK Heated Hoodie Kit M'}","{'brand': None, 'source': None, 'confidence': 0.0, 'candidates': []}","{'value': 'Milwaukee Accessory', 'score': 100.0, 'match': 'Milwaukee Accessory'}","{'raw': {'diameter': None, 'thickness': None, 'arbor': None, 'product_type': None, 'pack_quantity': None}, 'normalized': {'diameter': None, 'thickness': None, 'arbor': None, 'product_type': None, 'pack_quantity': None}, 'confidence': {}, 'evidence': [], 'status': 'accepted'}",0
M200B-21L,M200B-21L Milw M12 BLK - Heated Hoodie Kit L,accepted,"{'mpn': 'M200B-21L', 'manufacturer': 'Milwaukee Accessory (4031)', 'manufacturer_candidate': 'Milwaukee Accessory', 'brand_candidate': None, 'identity_query': 'M200B-21L Milwaukee Accessory', 'brands': [], 'description': 'M200B-21L Milw M12 BLK - Heated Hoodie Kit L'}","{'brand': None, 'source': None, 'confidence': 0.0, 'candidates': []}","{'value': 'Milwaukee Accessory', 'score': 100.0, 'match': 'Milwaukee Accessory'}","{'raw': {'diameter': None, 'thickness': None, 'arbor': None, 'product_type': None, 'pack_quantity': None}, 'normalized': {'diameter': None, 'thickness': None, 'arbor': None, 'product_type': None, 'pack_quantity': None}, 'confidence': {}, 'evidence': [], 'status': 'accepted'}",0
M200B-21M,M200B-21M Milw M12 BLK - Heated Hoodie Kit M,accepted,"{'mpn': 'M200B-21M', 'manufacturer': 'Milwaukee Accessory (4031)', 'manufacturer_candidate': 'Milwaukee Accessory', 'brand_candidate': None, 'identity_query': 'M200B-21M Milwaukee Accessory', 'brands': [], 'description': 'M200B-21M Milw M12 BLK - Heated Hoodie Kit M'}","{'brand': None, 'source': None, 'confidence': 0.0, 'candidates': []}","{'value': 'Milwaukee Accessory', 'score': 100.0, 'match': 'Milwaukee Accessory'}","{'raw': {'diameter': None, 'thickness': None, 'arbor': None, 'product_type': None, 'pack_quantity': None}, 'normalized': {'diameter': None, 'thickness': None, 'arbor': None, 'product_type': None, 'pack_quantity': None}, 'confidence': {}, 'evidence': [], 'status': 'accepted'}",0
M200B-21XL,M200B-21XL Milw M12 BLK - Heated Hoodie Kit XL,accepted,"{'mpn': 'M200B-21XL', 'manufacturer': 'Milwaukee Accessory (4031)', 'manufacturer_candidate': 'Milwaukee Accessory', 'brand_candidate': None, 'identity_query': 'M200B-21XL Milwaukee Accessory', 'brands': [], 'description': 'M200B-21XL Milw M12 BLK - Heated Hoodie Kit XL'}","{'brand': None, 'source': None, 'confidence': 0.0, 'candidates': []}","{'value': 'Milwaukee Accessory', 'score': 100.0, 'match': 'Milwaukee Accessory'}","{'raw': {'diameter': None, 'thickness': None, 'arbor': None, 'product_type': None, 'pack_quantity': None}, 'normalized': {'diameter': None, 'thickness': None, 'arbor': None, 'product_type': None, 'pack_quantity': None}, 'confidence': {}, 'evidence': [], 'status': 'accepted'}",0
M200G-21L,M200G-21L Milw M12 Gray - Heated Hoodie Kit L,accepted,"{'mpn': 'M200G-21L', 'manufacturer': 'Milwaukee Accessory (4031)', 'manufacturer_candidate': 'Milwaukee Accessory', 'brand_candidate': None, 'identity_query': 'M200G-21L Milwaukee Accessory', 'brands': [], 'description': 'M200G-21L Milw M12 Gray - Heated Hoodie Kit L'}","{'brand': None, 'source': None, 'confidence': 0.0, 'candidates': []}","{'value': 'Milwaukee Accessory', 'score': 100.0, 'match': 'Milwaukee Accessory'}","{'raw': {'diameter': None, 'thickness': None, 'arbor': None, 'product_type': None, 'pack_quantity': None}, 'normalized': {'diameter': None, 'thickness': None, 'arbor': None, 'product_type': None, 'pack_quantity': None}, 'confidence': {}, 'evidence': [], 'status': 'accepted'}",0
M200G-21M,M200G-21M Milw M12 Gray - Heated Hoodie Kit M,accepted,"{'mpn': 'M200G-21M', 'manufacturer': 'Milwaukee Accessory (4031)', 'manufacturer_candidate': 'Milwaukee Accessory', 'brand_candidate': None, 'identity_query': 'M200G-21M Milwaukee Accessory', 'brands': [], 'description': 'M200G-21M Milw M12 Gray - Heated Hoodie Kit M'}","{'brand': None, 'source': None, 'confidence': 0.0, 'candidates': []}","{'value': 'Milwaukee Accessory', 'score': 100.0, 'match': 'Milwaukee Accessory'}","{'raw': {'diameter': None, 'thickness': None, 'arbor': None, 'product_type': None, 'pack_quantity': None}, 'normalized': {'diameter': None, 'thickness': None, 'arbor': None, 'product_type': None, 'pack_quantity': None}, 'confidence': {}, 'evidence': [], 'status': 'accepted'}",0
M200G-21XL,M200G-21XL Milw M12 Gray - Heated Hoodie Kit XL,accepted,"{'mpn': 'M200G-21XL', 'manufacturer': 'Milwaukee Accessory (4031)', 'manufacturer_candidate': 'Milwaukee Accessory', 'brand_candidate': None, 'identity_query': 'M200G-21XL Milwaukee Accessory', 'brands': [], 'description': 'M200G-21XL Milw M12 Gray - Heated Hoodie Kit XL'}","{'brand': None, 'source': None, 'confidence': 0.0, 'candidates': []}","{'value': 'Milwaukee Accessory', 'score': 100.0, 'match': 'Milwaukee Accessory'}","{'raw': {'diameter': None, 'thickness': None, 'arbor': None, 'product_type': None, 'pack_quantity': None}, 'normalized': {'diameter': None, 'thickness': None, 'arbor': None, 'product_type': None, 'pack_quantity': None}, 'confidence': {}, 'evidence': [], 'status': 'accepted'}",0
48-11-2330,48-11-2330 Milw Heated Gear Power Source,accepted,"{'mpn': '48-11-2330', 'manufacturer': 'Milwaukee Accessory (4031)', 'manufacturer_candidate': 'Milwaukee Accessory', 'brand_candidate': None, 'identity_query': '48-11-2330 Milwaukee Accessory', 'brands': [], 'description': '48-11-2330 Milw Heated Gear Power Source'}","{'brand': None, 'source': None, 'confidence': 0.0, 'candidates': []}","{'value': 'Milwaukee Accessory', 'score': 100.0, 'match': 'Milwaukee Accessory'}","{'raw': {'diameter': None, 'thickness': None, 'arbor': None, 'product_type': None, 'pack_quantity': None}, 'normalized': {'diameter': None, 'thickness': None, 'arbor': None, 'product_type': None, 'pack_quantity': None}, 'confidence': {}, 'evidence': [], 'status': 'accepted'}",0
DCBP250C,DCBP520C Dewalt Starter Kit,accepted,"{'mpn': 'DCBP250C', 'manufacturer': 'Black & Decker/dewlt (2585)', 'manufacturer_candidate': 'Black & Decker/dewlt', 'brand_candidate': 'DEWALT', 'identity_query': 'DCBP250C Black & Decker/dewlt DEWALT', 'brands': ['DEWALT'], 'description': 'DCBP520C Dewalt Starter Kit'}","{'brand': 'DEWALT', 'source': 'structured_field', 'confidence': 0.99, 'candidates': ['DEWALT']}","{'value': 'Black & Decker/dewlt', 'score': 100.0, 'match': 'Black & Decker/dewlt'}","{'raw': {'diameter': None, 'thickness': None, 'arbor': None, 'product_type': None, 'pack_quantity': None}, 'normalized': {'diameter': None, 'thickness': None, 'arbor': None, 'product_type': None, 'pack_quantity': None}, 'confidence': {}, 'evidence': [], 'status': 'accepted'}",0
5328,5328 Lg. Leather Phone Holster - Clip-on,accepted,"{'mpn': '5328', 'manufacturer': '-', 'manufacturer_candidate': '-', 'brand_candidate': None, 'identity_query': '5328 -', 'brands': [], 'description': '5328 Lg. Leather Phone Holster - Clip-on'}","{'brand': None, 'source': None, 'confidence': 0.0, 'candidates': []}","{'value': 'First Alert - B R K Brands', 'score': 100.0, 'match': 'First Alert - B R K Brands'}","{'raw': {'diameter': None, 'thickness': None, 'arbor': None, 'product_type': None, 'pack_quantity': None}, 'normalized': {'diameter': None, 'thickness': None, 'arbor': None, 'product_type': None, 'pack_quantity': None}, 'confidence': {}, 'evidence': [], 'status': 'accepted'}",0
3200-20,3200-20 Milw Voltage Detector,accepted,"{'mpn': '3200-20', 'manufacturer': 'Milwaukee Accessory (4031)', 'manufacturer_candidate': 'Milwaukee Accessory', 'brand_candidate': None, 'identity_query': '3200-20 Milwaukee Accessory', 'brands': [], 'description': '3200-20 Milw Voltage Detector'}","{'brand': None, 'source': None, 'confidence': 0.0, 'candidates': []}","{'value': 'Milwaukee Accessory', 'score': 100.0, 'match': 'Milwaukee Accessory'}","{'raw': {'diameter': None, 'thickness': None, 'arbor': None, 'product_type': None, 'pack_quantity': None}, 'normalized': {'diameter': None, 'thickness': None, 'arbor': None, 'product_type': None, 'pack_quantity': None}, 'confidence': {}, 'evidence': [], 'status': 'accepted'}",0
3202-20,3202-20 Milw Voltage Detector w/ LED,accepted,"{'mpn': '3202-20', 'manufacturer': 'Milwaukee Accessory (4031)', 'manufacturer_candidate': 'Milwaukee Accessory', 'brand_candidate': None, 'identity_query': '3202-20 Milwaukee Accessory', 'brands': [], 'description': '3202-20 Milw Voltage Detector w/ LED'}","{'brand': None, 'source': None, 'confidence': 0.0, 'candidates': []}","{'value': 'Milwaukee Accessory', 'score': 100.0, 'match': 'Milwaukee Accessory'}","{'raw': {'diameter': None, 'thickness': None, 'arbor': None, 'product_type': None, 'pack_quantity': None}, 'normalized': {'diameter': None, 'thickness': None, 'arbor': None, 'product_type': None, 'pack_quantity': None}, 'confidence': {}, 'evidence': [], 'status': 'accepted'}",0
3203-20,3203-20 Milw Dual Range Voltage Detector w/ LED,accepted,"{'mpn': '3203-20', 'manufacturer': 'Milwaukee Accessory (4031)', 'manufacturer_candidate': 'Milwaukee Accessory', 'brand_candidate': None, 'identity_query': '3203-20 Milwaukee Accessory', 'brands': [], 'description': '3203-20 Milw Dual Range Voltage Detector w/ LED'}","{'brand': None, 'source': None, 'confidence': 0.0, 'candidates': []}","{'value': 'Milwaukee Accessory', 'score': 100.0, 'match': 'Milwaukee Accessory'}","{'raw': {'diameter': None, 'thickness': None, 'arbor': None, 'product_type': None, 'pack_quantity': None}, 'normalized': {'diameter': None, 'thickness': None, 'arbor': None, 'product_type': None, 'pack_quantity': None}, 'confidence': {}, 'evidence': [], 'status': 'accepted'}",0
BC-12300,"BC-12300 BigCal 12""/300mm",accepted,"{'mpn': 'BC-12300', 'manufacturer': 'Woodpeckers Inc (WOODP)', 'manufacturer_candidate': 'Woodpeckers Inc', 'brand_candidate': None, 'identity_query': 'BC-12300 Woodpeckers Inc', 'brands': [], 'description': 'BC-12300 BigCal 12""/300mm'}","{'brand': None, 'source': None, 'confidence': 0.0, 'candidates': []}","{'value': 'Woodpeckers Inc', 'score': 100.0, 'match': 'Woodpeckers Inc'}","{'raw': {'diameter': None, 'thickness': None, 'arbor': None, 'product_type': None, 'pack_quantity': None}, 'normalized': {'diameter': None, 'thickness': None, 'arbor': None, 'product_type': None, 'pack_quantity': None}, 'confidence': {}, 'evidence': [], 'status': 'accepted'}",0
BC-24600,"BC-24600 BigCal 24""/600mm",accepted,"{'mpn': 'BC-24600', 'manufacturer': 'Woodpeckers Inc (WOODP)', 'manufacturer_candidate': 'Woodpeckers Inc', 'brand_candidate': None, 'identity_query': 'BC-24600 Woodpeckers Inc', 'brands': [], 'description': 'BC-24600 BigCal 24""/600mm'}","{'brand': None, 'source': None, 'confidence': 0.0, 'candidates': []}","{'value': 'Woodpeckers Inc', 'score': 100.0, 'match': 'Woodpeckers Inc'}","{'raw': {'diameter': None, 'thickness': None, 'arbor': None, 'product_type': None, 'pack_quantity': None}, 'normalized': {'diameter': None, 'thickness': None, 'arbor': None, 'product_type': None, 'pack_quantity': None}, 'confidence': {}, 'evidence': [], 'status': 'accepted'}",0
DW08302CG,DW08302CG Dewalt Laser - Green 3 Spot,accepted,"{'mpn': 'DW08302CG', 'manufacturer': 'Black & Decker/dewlt (2585)', 'manufacturer_candidate': 'Black & Decker/dewlt', 'brand_candidate': 'DEWALT', 'identity_query': 'DW08302CG Black & Decker/dewlt DEWALT', 'brands': ['DEWALT'], 'description': 'DW08302CG Dewalt Laser - Green 3 Spot'}","{'brand': 'DEWALT', 'source': 'structured_field', 'confidence': 0.99, 'candidates': ['DEWALT']}","{'value': 'Black & Decker/dewlt', 'score': 100.0, 'match': 'Black & Decker/dewlt'}","{'raw': {'diameter': None, 'thickness': None, 'arbor': None, 'product_type': None, 'pack_quantity': None}, 'normalized': {'diameter': None, 'thickness': None, 'arbor': None, 'product_type': None, 'pack_quantity': None}, 'confidence': {}, 'evidence': [], 'status': 'accepted'}",0
GCL165-42GL,GCL165--42GL Cross Line Laser,accepted,"{'mpn': 'GCL165-42GL', 'manufacturer': 'Robt Bosch Tool Corp (6564)', 'manufacturer_candidate': 'Robt Bosch Tool Corp', 'brand_candidate': None, 'identity_query': 'GCL165-42GL Robt Bosch Tool Corp', 'brands': [], 'description': 'GCL165--42GL Cross Line Laser'}","{'brand': None, 'source': None, 'confidence': 0.0, 'candidates': []}","{'value': 'Robt Bosch Tool Corp', 'score': 100.0, 'match': 'Robt Bosch Tool Corp'}","{'raw': {'diameter': None, 'thickness': None, 'arbor': None, 'product_type': None, 'pack_quantity': None}, 'normalized': {'diameter': None, 'thickness': None, 'arbor': None, 'product_type': None, 'pack_quantity': None}, 'confidence': {}, 'evidence': [], 'status': 'accepted'}",0
DW08802CG,DW08802CG Dewalt Laser Green - Self-Level Cross Line,accepted,"{'mpn': 'DW08802CG', 'manufacturer': 'Black & Decker/dewlt (2585)', 'manufacturer_candidate': 'Black & Decker/dewlt', 'brand_candidate': 'DEWALT', 'identity_query': 'DW08802CG Black & Decker/dewlt DEWALT', 'brands': ['DEWALT'], 'description': 'DW08802CG Dewalt Laser Green - Self-Level Cross Line'}","{'brand': 'DEWALT', 'source': 'structured_field', 'confidence': 0.99, 'candidates': ['DEWALT']}","{'value': 'Black & Decker/dewlt', 'score': 100.0, 'match': 'Black & Decker/dewlt'}","{'raw': {'diameter': None, 'thickness': None, 'arbor': None, 'product_type': None, 'pack_quantity': None}, 'normalized': {'diameter': None, 'thickness': None, 'arbor': None, 'product_type': None, 'pack_quantity': None}, 'confidence': {}, 'evidence': [], 'status': 'accepted'}",0
DW088CG,DW088CG Dewalt Laser - Green Cross Line,accepted,"{'mpn': 'DW088CG', 'manufacturer': 'Black & Decker/dewlt (2585)', 'manufacturer_candidate': 'Black & Decker/dewlt', 'brand_candidate': 'DEWALT', 'identity_query': 'DW088CG Black & Decker/dewlt DEWALT', 'brands': ['DEWALT'], 'description': 'DW088CG Dewalt Laser - Green Cross Line'}","{'brand': 'DEWALT', 'source': 'structured_field', 'confidence': 0.99, 'candidates': ['DEWALT']}","{'value': 'Black & Decker/dewlt', 'score': 100.0, 'match': 'Black & Decker/dewlt'}","{'raw': {'diameter': None, 'thickness': None, 'arbor': None, 'product_type': None, 'pack_quantity': None}, 'normalized': {'diameter': None, 'thickness': None, 'arbor': None, 'product_type': None, 'pack_quantity': None}, 'confidence': {}, 'evidence': [], 'status': 'accepted'}",0
DW089CG,DW089CG Dewalt Laser Level - 3 Line 30ft Range,accepted,"{'mpn': 'DW089CG', 'manufacturer': 'Black & Decker/dewlt (2585)', 'manufacturer_candidate': 'Black & Decker/dewlt', 'brand_candidate': 'DEWALT', 'identity_query': 'DW089CG Black & Decker/dewlt DEWALT', 'brands': ['DEWALT'], 'description': 'DW089CG Dewalt Laser Level - 3 Line 30ft Range'}","{'brand': 'DEWALT', 'source': 'structured_field', 'confidence': 0.99, 'candidates': ['DEWALT']}","{'value': 'Black & Decker/dewlt', 'score': 100.0, 'match': 'Black & Decker/dewlt'}","{'raw': {'diameter': None, 'thickness': None, 'arbor': None, 'product_type': None, 'pack_quantity': None}, 'normalized': {'diameter': None, 'thickness': None, 'arbor': None, 'product_type': None, 'pack_quantity': None}, 'confidence': {}, 'evidence': [], 'status': 'accepted'}",0
DCLE34520GB,DCLE34520GB Dewalt Laser 20V - Cross Line 5 Spot (Bare),accepted,"{'mpn': 'DCLE34520GB', 'manufacturer': 'Black & Decker/dewlt (2585)', 'manufacturer_candidate': 'Black & Decker/dewlt', 'brand_candidate': 'DEWALT', 'identity_query': 'DCLE34520GB Black & Decker/dewlt DEWALT', 'brands': ['DEWALT'], 'description': 'DCLE34520GB Dewalt Laser 20V - Cross Line 5 Spot (Bare)'}","{'brand': 'DEWALT', 'source': 'structured_field', 'confidence': 0.99, 'candidates': ['DEWALT']}","{'value': 'Black & Decker/dewlt', 'score': 100.0, 'match': 'Black & Decker/dewlt'}","{'raw': {'diameter': None, 'thickness': None, 'arbor': None, 'product_type': None, 'pack_quantity': None}, 'normalized': {'diameter': None, 'thickness': None, 'arbor': None, 'product_type': None, 'pack_quantity': None}, 'confidence': {}, 'evidence': [], 'status': 'accepted'}",0
DCLE34031B,DCLE34031B Dewalt Line Laser - 20V Self-Leveling (Bare),accepted,"{'mpn': 'DCLE34031B', 'manufacturer': 'Black & Decker/dewlt (2585)', 'manufacturer_candidate': 'Black & Decker/dewlt', 'brand_candidate': 'DEWALT', 'identity_query': 'DCLE34031B Black & Decker/dewlt DEWALT', 'brands': ['DEWALT'], 'description': 'DCLE34031B Dewalt Line Laser - 20V Self-Leveling (Bare)'}","{'brand': 'DEWALT', 'source': 'structured_field', 'confidence': 0.99, 'candidates': ['DEWALT']}","{'value': 'Black & Decker/dewlt', 'score': 100.0, 'match': 'Black & Decker/dewlt'}","{'raw': {'diameter': None, 'thickness': None, 'arbor': None, 'product_type': None, 'pack_quantity': None}, 'normalized': {'diameter': None, 'thickness': None, 'arbor': None, 'product_type': None, 'pack_quantity': None}, 'confidence': {}, 'evidence': [], 'status': 'accepted'}",0
DW0822CG,DW0822CG Dewalt Cross Line - Plumb Spots Laser-Green,accepted,"{'mpn': 'DW0822CG', 'manufacturer': 'Black & Decker/dewlt (2585)', 'manufacturer_candidate': 'Black & Decker/dewlt', 'brand_candidate': 'DEWALT', 'identity_query': 'DW0822CG Black & Decker/dewlt DEWALT', 'brands': ['DEWALT'], 'description': 'DW0822CG Dewalt Cross Line - Plumb Spots Laser-Green'}","{'brand': 'DEWALT', 'source': 'structured_field', 'confidence': 0.99, 'candidates': ['DEWALT']}","{'value': 'Black & Decker/dewlt', 'score': 100.0, 'match': 'Black & Decker/dewlt'}","{'raw': {'diameter': None, 'thickness': None, 'arbor': None, 'product_type': None, 'pack_quantity': None}, 'normalized': {'diameter': None, 'thickness': None, 'arbor': None, 'product_type': None, 'pack_quantity': None}, 'confidence': {}, 'evidence': [], 'status': 'accepted'}",0
25459,25459 Mason Line Brd Orange - 500',accepted,"{'mpn': '25459', 'manufacturer': 'U S Tape Company (6694)', 'manufacturer_candidate': 'U S Tape Company', 'brand_candidate': None, 'identity_query': '25459 U S Tape Company', 'brands': [], 'description': ""25459 Mason Line Brd Orange - 500'""}","{'brand': None, 'source': None, 'confidence': 0.0, 'candidates': []}","{'value': 'U S Tape Company', 'score': 100.0, 'match': 'U S Tape Company'}","{'raw': {'diameter': None, 'thickness': None, 'arbor': None, 'product_type': None, 'pack_quantity': None}, 'normalized': {'diameter': None, 'thickness': None, 'arbor': None, 'product_type': None, 'pack_quantity': None}, 'confidence': {}, 'evidence': [], 'status': 'accepted'}",0
35459,35459 Mason Line Brd Orange - 500' Replacement,accepted,"{'mpn': '35459', 'manufacturer': 'U S Tape Company (6694)', 'manufacturer_candidate': 'U S Tape Company', 'brand_candidate': None, 'identity_query': '35459 U S Tape Company', 'brands': [], 'description': ""35459 Mason Line Brd Orange - 500' Replacement""}","{'brand': None, 'source': None, 'confidence': 0.0, 'candidates': []}","{'value': 'U S Tape Company', 'score': 100.0, 'match': 'U S Tape Company'}","{'raw': {'diameter': None, 'thickness': None, 'arbor': None, 'product_type': None, 'pack_quantity': None}, 'normalized': {'diameter': None, 'thickness': None, 'arbor': None, 'product_type': None, 'pack_quantity': None}, 'confidence': {}, 'evidence': [], 'status': 'accepted'}",0
25759,25759 Mason Line Brd Orange - 1000',accepted,"{'mpn': '25759', 'manufacturer': 'U S Tape Company (6694)', 'manufacturer_candidate': 'U S Tape Company', 'brand_candidate': None, 'identity_query': '25759 U S Tape Company', 'brands': [], 'description': ""25759 Mason Line Brd Orange - 1000'""}","{'brand': None, 'source': None, 'confidence': 0.0, 'candidates': []}","{'value': 'U S Tape Company', 'score': 100.0, 'match': 'U S Tape Company'}","{'raw': {'diameter': None, 'thickness': None, 'arbor': None, 'product_type': None, 'pack_quantity': None}, 'normalized': {'diameter': None, 'thickness': None, 'arbor': None, 'product_type': None, 'pack_quantity': None}, 'confidence': {}, 'evidence': [], 'status': 'accepted'}",0
35112,35112 Mason Line Twist Yellow - 270',accepted,"{'mpn': '35112', 'manufacturer': 'U S Tape Company (6694)', 'manufacturer_candidate': 'U S Tape Company', 'brand_candidate': None, 'identity_query': '35112 U S Tape Company', 'brands': [], 'description': ""35112 Mason Line Twist Yellow - 270'""}","{'brand': None, 'source': None, 'confidence': 0.0, 'candidates': []}","{'value': 'U S Tape Company', 'score': 100.0, 'match': 'U S Tape Company'}","{'raw': {'diameter': None, 'thickness': None, 'arbor': None, 'product_type': None, 'pack_quantity': None}, 'normalized': {'diameter': None, 'thickness': None, 'arbor': None, 'product_type': None, 'pack_quantity': None}, 'confidence': {}, 'evidence': [], 'status': 'accepted'}",0
35115,35115 Mason Line Twist Green - 270',accepted,"{'mpn': '35115', 'manufacturer': 'U S Tape Company (6694)', 'manufacturer_candidate': 'U S Tape Company', 'brand_candidate': None, 'identity_query': '35115 U S Tape Company', 'brands': [], 'description': ""35115 Mason Line Twist Green - 270'""}","{'brand': None, 'source': None, 'confidence': 0.0, 'candidates': []}","{'value': 'U S Tape Company', 'score': 100.0, 'match': 'U S Tape Company'}","{'raw': {'diameter': None, 'thickness': None, 'arbor': None, 'product_type': None, 'pack_quantity': None}, 'normalized': {'diameter': None, 'thickness': None, 'arbor': None, 'product_type': None, 'pack_quantity': None}, 'confidence': {}, 'evidence': [], 'status': 'accepted'}",0
25168,25168 Mason Line Brd Green - 250',accepted,"{'mpn': '25168', 'manufacturer': 'U S Tape Company (6694)', 'manufacturer_candidate': 'U S Tape Company', 'brand_candidate': 'CENTURY COMPONENTS', 'identity_query': '25168 U S Tape Company CENTURY COMPONENTS', 'brands': ['CENTURY COMPONENTS'], 'description': ""25168 Mason Line Brd Green - 250'""}","{'brand': 'CENTURY COMPONENTS', 'source': 'structured_field', 'confidence': 0.99, 'candidates': ['CENTURY COMPONENTS']}","{'value': 'U S Tape Company', 'score': 100.0, 'match': 'U S Tape Company'}","{'raw': {'diameter': None, 'thickness': None, 'arbor': None, 'product_type': None, 'pack_quantity': None}, 'normalized': {'diameter': None, 'thickness': None, 'arbor': None, 'product_type': None, 'pack_quantity': None}, 'confidence': {}, 'evidence': [], 'status': 'accepted'}",0
35468,35468 Mason Line Brd Green - 500' Replacement,accepted,"{'mpn': '35468', 'manufacturer': 'U S Tape Company (6694)', 'manufacturer_candidate': 'U S Tape Company', 'brand_candidate': None, 'identity_query': '35468 U S Tape Company', 'brands': [], 'description': ""35468 Mason Line Brd Green - 500' Replacement""}","{'brand': None, 'source': None, 'confidence': 0.0, 'candidates': []}","{'value': 'U S Tape Company', 'score': 100.0, 'match': 'U S Tape Company'}","{'raw': {'diameter': None, 'thickness': None, 'arbor': None, 'product_type': None, 'pack_quantity': None}, 'normalized': {'diameter': None, 'thickness': None, 'arbor': None, 'product_type': None, 'pack_quantity': None}, 'confidence': {}, 'evidence': [], 'status': 'accepted'}",0
35494,35494 Mason Line Brd Blk/Yellw - 500' Replacement,accepted,"{'mpn': '35494', 'manufacturer': 'U S Tape Company (6694)', 'manufacturer_candidate': 'U S Tape Company', 'brand_candidate': None, 'identity_query': '35494 U S Tape Company', 'brands': [], 'description': ""35494 Mason Line Brd Blk/Yellw - 500' Replacement""}","{'brand': None, 'source': None, 'confidence': 0.0, 'candidates': []}","{'value': 'U S Tape Company', 'score': 100.0, 'match': 'U S Tape Company'}","{'raw': {'diameter': None, 'thickness': None, 'arbor': None, 'product_type': None, 'pack_quantity': None}, 'normalized': {'diameter': None, 'thickness': None, 'arbor': None, 'product_type': None, 'pack_quantity': None}, 'confidence': {}, 'evidence': [], 'status': 'accepted'}",0
MLSQ0120,"MLSQ0120 Milw 12"" RafterSquare",accepted,"{'mpn': 'MLSQ0120', 'manufacturer': 'Milwaukee Accessory (4031)', 'manufacturer_candidate': 'Milwaukee Accessory', 'brand_candidate': None, 'identity_query': 'MLSQ0120 Milwaukee Accessory', 'brands': [], 'description': 'MLSQ0120 Milw 12"" RafterSquare'}","{'brand': None, 'source': None, 'confidence': 0.0, 'candidates': []}","{'value': 'Milwaukee Accessory', 'score': 100.0, 'match': 'Milwaukee Accessory'}","{'raw': {'diameter': None, 'thickness': None, 'arbor': None, 'product_type': None, 'pack_quantity': None}, 'normalized': {'diameter': None, 'thickness': None, 'arbor': None, 'product_type': None, 'pack_quantity': None}, 'confidence': {}, 'evidence': [], 'status': 'accepted'}",0
MLSQ1120,MLSQ1120 Milw 300mm Rafter - Square (Metric),accepted,"{'mpn': 'MLSQ1120', 'manufacturer': 'Milwaukee Accessory (4031)', 'manufacturer_candidate': 'Milwaukee Accessory', 'brand_candidate': None, 'identity_query': 'MLSQ1120 Milwaukee Accessory', 'brands': [], 'description': 'MLSQ1120 Milw 300mm Rafter - Square (Metric)'}","{'brand': None, 'source': None, 'confidence': 0.0, 'candidates': []}","{'value': 'Milwaukee Accessory', 'score': 100.0, 'match': 'Milwaukee Accessory'}","{'raw': {'diameter': None, 'thickness': None, 'arbor': None, 'product_type': None, 'pack_quantity': None}, 'normalized': {'diameter': None, 'thickness': None, 'arbor': None, 'product_type': None, 'pack_quantity': None}, 'confidence': {}, 'evidence': [], 'status': 'accepted'}",0
55227,"55227 Amana Countersink/Stop 1/8"" Drill TB",accepted,"{'mpn': '55227', 'manufacturer': 'Amana Tool Corp (AMATO)', 'manufacturer_candidate': 'Amana Tool Corp', 'brand_candidate': None, 'identity_query': '55227 Amana Tool Corp', 'brands': [], 'description': '55227 Amana Countersink/Stop 1/8"" Drill TB'}","{'brand': None, 'source': None, 'confidence': 0.0, 'candidates': []}","{'value': 'Amana Tool Corp', 'score': 100.0, 'match': 'Amana Tool Corp'}","{'raw': {'diameter': None, 'thickness': None, 'arbor': None, 'product_type': None, 'pack_quantity': None}, 'normalized': {'diameter': None, 'thickness': None, 'arbor': None, 'product_type': None, 'pack_quantity': None}, 'confidence': {}, 'evidence': [], 'status': 'accepted'}",0
37300952,"095842 Fisch Plug Cutter 3/8""",accepted,"{'mpn': '37300952', 'manufacturer': '-', 'manufacturer_candidate': '-', 'brand_candidate': None, 'identity_query': '37300952 -', 'brands': [], 'description': '095842 Fisch Plug Cutter 3/8""'}","{'brand': None, 'source': None, 'confidence': 0.0, 'candidates': []}","{'value': 'First Alert - B R K Brands', 'score': 100.0, 'match': 'First Alert - B R K Brands'}","{'raw': {'diameter': None, 'thickness': None, 'arbor': None, 'product_type': None, 'pack_quantity': None}, 'normalized': {'diameter': None, 'thickness': None, 'arbor': None, 'product_type': None, 'pack_quantity': None}, 'confidence': {}, 'evidence': [], 'status': 'accepted'}",0
6008,6008 Whiteside Router Bit,accepted,"{'mpn': '6008', 'manufacturer': 'Whiteside Machine & Repair Co (WHIMA)', 'manufacturer_candidate': 'Whiteside Machine & Repair Co', 'brand_candidate': None, 'identity_query': '6008 Whiteside Machine & Repair Co', 'brands': [], 'description': '6008 Whiteside Router Bit'}","{'brand': None, 'source': None, 'confidence': 0.0, 'candidates': []}","{'value': 'Whiteside Machine & Repair Co', 'score': 100.0, 'match': 'Whiteside Machine & Repair Co'}","{'raw': {'diameter': None, 'thickness': None, 'arbor': None, 'product_type': None, 'pack_quantity': None}, 'normalized': {'diameter': None, 'thickness': None, 'arbor': None, 'product_type': None, 'pack_quantity': None}, 'confidence': {}, 'evidence': [], 'status': 'accepted'}",0
6009,6009 Whiteside Router Bit,accepted,"{'mpn': '6009', 'manufacturer': 'Whiteside Machine & Repair Co (WHIMA)', 'manufacturer_candidate': 'Whiteside Machine & Repair Co', 'brand_candidate': None, 'identity_query': '6009 Whiteside Machine & Repair Co', 'brands': [], 'description': '6009 Whiteside Router Bit'}","{'brand': None, 'source': None, 'confidence': 0.0, 'candidates': []}","{'value': 'Whiteside Machine & Repair Co', 'score': 100.0, 'match': 'Whiteside Machine & Repair Co'}","{'raw': {'diameter': None, 'thickness': None, 'arbor': None, 'product_type': None, 'pack_quantity': None}, 'normalized': {'diameter': None, 'thickness': None, 'arbor': None, 'product_type': None, 'pack_quantity': None}, 'confidence': {}, 'evidence': [], 'status': 'accepted'}",0
3000A,3000A Whiteside Router Bit,accepted,"{'mpn': '3000A', 'manufacturer': 'Whiteside Machine & Repair Co (WHIMA)', 'manufacturer_candidate': 'Whiteside Machine & Repair Co', 'brand_candidate': None, 'identity_query': '3000A Whiteside Machine & Repair Co', 'brands': [], 'description': '3000A Whiteside Router Bit'}","{'brand': None, 'source': None, 'confidence': 0.0, 'candidates': []}","{'value': 'Whiteside Machine & Repair Co', 'score': 100.0, 'match': 'Whiteside Machine & Repair Co'}","{'raw': {'diameter': None, 'thickness': None, 'arbor': None, 'product_type': None, 'pack_quantity': None}, 'normalized': {'diameter': None, 'thickness': None, 'arbor': None, 'product_type': None, 'pack_quantity': None}, 'confidence': {}, 'evidence': [], 'status': 'accepted'}",0
MID6630201US,MID6630201US Deos663XCV Sander,accepted,"{'mpn': 'MID6630201US', 'manufacturer': 'Mirka Abrasives Inc (MIRUS)', 'manufacturer_candidate': 'Mirka Abrasives Inc', 'brand_candidate': None, 'identity_query': 'MID6630201US Mirka Abrasives Inc', 'brands': [], 'description': 'MID6630201US Deos663XCV Sander'}","{'brand': None, 'source': None, 'confidence': 0.0, 'candidates': []}","{'value': 'Mirka Abrasives Inc', 'score': 100.0, 'match': 'Mirka Abrasives Inc'}","{'raw': {'diameter': None, 'thickness': None, 'arbor': None, 'product_type': None, 'pack_quantity': None}, 'normalized': {'diameter': None, 'thickness': None, 'arbor': None, 'product_type': None, 'pack_quantity': None}, 'confidence': {}, 'evidence': [], 'status': 'accepted'}",0
DCF6202,DCF6202 Dewalt Collated Attach,accepted,"{'mpn': 'DCF6202', 'manufacturer': 'Black & Decker/dewlt (2585)', 'manufacturer_candidate': 'Black & Decker/dewlt', 'brand_candidate': 'DEWALT', 'identity_query': 'DCF6202 Black & Decker/dewlt DEWALT', 'brands': ['DEWALT'], 'description': 'DCF6202 Dewalt Collated Attach'}","{'brand': 'DEWALT', 'source': 'structured_field', 'confidence': 0.99, 'candidates': ['DEWALT']}","{'value': 'Black & Decker/dewlt', 'score': 100.0, 'match': 'Black & Decker/dewlt'}","{'raw': {'diameter': None, 'thickness': None, 'arbor': None, 'product_type': None, 'pack_quantity': None}, 'normalized': {'diameter': None, 'thickness': None, 'arbor': None, 'product_type': None, 'pack_quantity': None}, 'confidence': {}, 'evidence': [], 'status': 'accepted'}",0
25468,25468 Mason Line Brd Green - 500',accepted,"{'mpn': '25468', 'manufacturer': 'U S Tape Company (6694)', 'manufacturer_candidate': 'U S Tape Company', 'brand_candidate': None, 'identity_query': '25468 U S Tape Company', 'brands': [], 'description': ""25468 Mason Line Brd Green - 500'""}","{'brand': None, 'source': None, 'confidence': 0.0, 'candidates': []}","{'value': 'U S Tape Company', 'score': 100.0, 'match': 'U S Tape Company'}","{'raw': {'diameter': None, 'thickness': None, 'arbor': None, 'product_type': None, 'pack_quantity': None}, 'normalized': {'diameter': None, 'thickness': None, 'arbor': None, 'product_type': None, 'pack_quantity': None}, 'confidence': {}, 'evidence': [], 'status': 'accepted'}",0
25762,25762 Mason Line Brd Pink - 1000',accepted,"{'mpn': '25762', 'manufacturer': 'U S Tape Company (6694)', 'manufacturer_candidate': 'U S Tape Company', 'brand_candidate': None, 'identity_query': '25762 U S Tape Company', 'brands': [], 'description': ""25762 Mason Line Brd Pink - 1000'""}","{'brand': None, 'source': None, 'confidence': 0.0, 'candidates': []}","{'value': 'U S Tape Company', 'score': 100.0, 'match': 'U S Tape Company'}","{'raw': {'diameter': None, 'thickness': None, 'arbor': None, 'product_type': None, 'pack_quantity': None}, 'normalized': {'diameter': None, 'thickness': None, 'arbor': None, 'product_type': None, 'pack_quantity': None}, 'confidence': {}, 'evidence': [], 'status': 'accepted'}",0
21839NN,"21839NN File Bstd Mill 10""",accepted,"{'mpn': '21839NN', 'manufacturer': '-', 'manufacturer_candidate': '-', 'brand_candidate': 'Nicholson', 'identity_query': '21839NN - Nicholson', 'brands': ['Nicholson'], 'description': '21839NN File Bstd Mill 10""'}","{'brand': 'Nicholson', 'source': 'structured_field', 'confidence': 0.99, 'candidates': ['Nicholson']}","{'value': 'First Alert - B R K Brands', 'score': 100.0, 'match': 'First Alert - B R K Brands'}","{'raw': {'diameter': None, 'thickness': None, 'arbor': None, 'product_type': None, 'pack_quantity': None}, 'normalized': {'diameter': None, 'thickness': None, 'arbor': None, 'product_type': None, 'pack_quantity': None}, 'confidence': {}, 'evidence': [], 'status': 'accepted'}",0
VN56920,"VN56920 10 1/2"" Saw Blade",accepted,"{'mpn': 'VN56920', 'manufacturer': 'Marshalltown Trowel (5155)', 'manufacturer_candidate': 'Marshalltown Trowel', 'brand_candidate': None, 'identity_query': 'VN56920 Marshalltown Trowel', 'brands': [], 'description': 'VN56920 10 1/2"" Saw Blade'}","{'brand': None, 'source': None, 'confidence': 0.0, 'candidates': []}","{'value': 'Marshalltown Trowel', 'score': 100.0, 'match': 'Marshalltown Trowel'}","{'raw': {'diameter': None, 'thickness': None, 'arbor': None, 'product_type': None, 'pack_quantity': None}, 'normalized': {'diameter': None, 'thickness': None, 'arbor': None, 'product_type': None, 'pack_quantity': None}, 'confidence': {}, 'evidence': [], 'status': 'accepted'}",0
133164,133164 950/9 Hex Plus Spks - Multicolor,accepted,"{'mpn': '133164', 'manufacturer': 'Wera Tools NA Inc (WERTO)', 'manufacturer_candidate': 'Wera Tools NA Inc', 'brand_candidate': None, 'identity_query': '133164 Wera Tools NA Inc', 'brands': [], 'description': '133164 950/9 Hex Plus Spks - Multicolor'}","{'brand': None, 'source': None, 'confidence': 0.0, 'candidates': []}","{'value': 'Wera Tools NA Inc', 'score': 100.0, 'match': 'Wera Tools NA Inc'}","{'raw': {'diameter': None, 'thickness': None, 'arbor': None, 'product_type': None, 'pack_quantity': None}, 'normalized': {'diameter': None, 'thickness': None, 'arbor': None, 'product_type': None, 'pack_quantity': None}, 'confidence': {}, 'evidence': [], 'status': 'accepted'}",0
DWHT10993,DWHT10993 Folding Knife,accepted,"{'mpn': 'DWHT10993', 'manufacturer': 'Black & Decker/dewlt (2585)', 'manufacturer_candidate': 'Black & Decker/dewlt', 'brand_candidate': 'DEWALT', 'identity_query': 'DWHT10993 Black & Decker/dewlt DEWALT', 'brands': ['DEWALT'], 'description': 'DWHT10993 Folding Knife'}","{'brand': 'DEWALT', 'source': 'structured_field', 'confidence': 0.99, 'candidates': ['DEWALT']}","{'value': 'Black & Decker/dewlt', 'score': 100.0, 'match': 'Black & Decker/dewlt'}","{'raw': {'diameter': None, 'thickness': None, 'arbor': None, 'product_type': None, 'pack_quantity': None}, 'normalized': {'diameter': None, 'thickness': None, 'arbor': None, 'product_type': None, 'pack_quantity': None}, 'confidence': {}, 'evidence': [], 'status': 'accepted'}",0
DWHT10994,DWHT10994 Folding Knife,accepted,"{'mpn': 'DWHT10994', 'manufacturer': 'Black & Decker/dewlt (2585)', 'manufacturer_candidate': 'Black & Decker/dewlt', 'brand_candidate': 'DEWALT', 'identity_query': 'DWHT10994 Black & Decker/dewlt DEWALT', 'brands': ['DEWALT'], 'description': 'DWHT10994 Folding Knife'}","{'brand': 'DEWALT', 'source': 'structured_field', 'confidence': 0.99, 'candidates': ['DEWALT']}","{'value': 'Black & Decker/dewlt', 'score': 100.0, 'match': 'Black & Decker/dewlt'}","{'raw': {'diameter': None, 'thickness': None, 'arbor': None, 'product_type': None, 'pack_quantity': None}, 'normalized': {'diameter': None, 'thickness': None, 'arbor': None, 'product_type': None, 'pack_quantity': None}, 'confidence': {}, 'evidence': [], 'status': 'accepted'}",0
QB22RU,QB22RU Vessel Carrying Bit Holder (Red),accepted,"{'mpn': 'QB22RU', 'manufacturer': 'Vessel Tools USA Inc (VESTO)', 'manufacturer_candidate': 'Vessel Tools USA Inc', 'brand_candidate': None, 'identity_query': 'QB22RU Vessel Tools USA Inc', 'brands': [], 'description': 'QB22RU Vessel Carrying Bit Holder (Red)'}","{'brand': None, 'source': None, 'confidence': 0.0, 'candidates': []}","{'value': 'Vessel Tools USA Inc', 'score': 100.0, 'match': 'Vessel Tools USA Inc'}","{'raw': {'diameter': None, 'thickness': None, 'arbor': None, 'product_type': None, 'pack_quantity': None}, 'normalized': {'diameter': None, 'thickness': None, 'arbor': None, 'product_type': None, 'pack_quantity': None}, 'confidence': {}, 'evidence': [], 'status': 'accepted'}",0
QB22KU,QB22KU Vessel Carrying Bit Holder (Black),accepted,"{'mpn': 'QB22KU', 'manufacturer': 'Vessel Tools USA Inc (VESTO)', 'manufacturer_candidate': 'Vessel Tools USA Inc', 'brand_candidate': None, 'identity_query': 'QB22KU Vessel Tools USA Inc', 'brands': [], 'description': 'QB22KU Vessel Carrying Bit Holder (Black)'}","{'brand': None, 'source': None, 'confidence': 0.0, 'candidates': []}","{'value': 'Vessel Tools USA Inc', 'score': 100.0, 'match': 'Vessel Tools USA Inc'}","{'raw': {'diameter': None, 'thickness': None, 'arbor': None, 'product_type': None, 'pack_quantity': None}, 'normalized': {'diameter': None, 'thickness': None, 'arbor': None, 'product_type': None, 'pack_quantity': None}, 'confidence': {}, 'evidence': [], 'status': 'accepted'}",0
AVM6EV,AVM6 EV Mini Snip Red,accepted,"{'mpn': 'AVM6EV', 'manufacturer': 'Malco Prod (2370)', 'manufacturer_candidate': 'Malco Prod', 'brand_candidate': None, 'identity_query': 'AVM6EV Malco Prod', 'brands': [], 'description': 'AVM6 EV Mini Snip Red'}","{'brand': None, 'source': None, 'confidence': 0.0, 'candidates': []}","{'value': 'Malco Prod', 'score': 100.0, 'match': 'Malco Prod'}","{'raw': {'diameter': None, 'thickness': None, 'arbor': None, 'product_type': None, 'pack_quantity': None}, 'normalized': {'diameter': None, 'thickness': None, 'arbor': None, 'product_type': None, 'pack_quantity': None}, 'confidence': {}, 'evidence': [], 'status': 'accepted'}",0
AVM6EV,AVM7 EV Mini Snip Green,accepted,"{'mpn': 'AVM6EV', 'manufacturer': 'Malco Prod (2370)', 'manufacturer_candidate': 'Malco Prod', 'brand_candidate': None, 'identity_query': 'AVM6EV Malco Prod', 'brands': [], 'description': 'AVM7 EV Mini Snip Green'}","{'brand': None, 'source': None, 'confidence': 0.0, 'candidates': []}","{'value': 'Malco Prod', 'score': 100.0, 'match': 'Malco Prod'}","{'raw': {'diameter': None, 'thickness': None, 'arbor': None, 'product_type': None, 'pack_quantity': None}, 'normalized': {'diameter': None, 'thickness': None, 'arbor': None, 'product_type': None, 'pack_quantity': None}, 'confidence': {}, 'evidence': [], 'status': 'accepted'}",0
DSA0250B,"DSA0250B 1/4"" Square x1/4"" Hex - Socket Adapter",accepted,"{'mpn': 'DSA0250B', 'manufacturer': 'Freud Inc (2435)', 'manufacturer_candidate': 'Freud Inc', 'brand_candidate': 'Diablo', 'identity_query': 'DSA0250B Freud Inc Diablo', 'brands': ['Diablo'], 'description': 'DSA0250B 1/4"" Square x1/4"" Hex - Socket Adapter'}","{'brand': 'Diablo', 'source': 'structured_field', 'confidence': 0.99, 'candidates': ['Diablo']}","{'value': 'Freud Inc', 'score': 100.0, 'match': 'Freud Inc'}","{'raw': {'diameter': None, 'thickness': None, 'arbor': None, 'product_type': None, 'pack_quantity': None}, 'normalized': {'diameter': None, 'thickness': None, 'arbor': None, 'product_type': None, 'pack_quantity': None}, 'confidence': {}, 'evidence': [], 'status': 'accepted'}",0
DSA0375B,"DSA0375B 3/8"" Square x1/4"" Hex - Socket Adapter",accepted,"{'mpn': 'DSA0375B', 'manufacturer': 'Freud Inc (2435)', 'manufacturer_candidate': 'Freud Inc', 'brand_candidate': 'Diablo', 'identity_query': 'DSA0375B Freud Inc Diablo', 'brands': ['Diablo'], 'description': 'DSA0375B 3/8"" Square x1/4"" Hex - Socket Adapter'}","{'brand': 'Diablo', 'source': 'structured_field', 'confidence': 0.99, 'candidates': ['Diablo']}","{'value': 'Freud Inc', 'score': 100.0, 'match': 'Freud Inc'}","{'raw': {'diameter': None, 'thickness': None, 'arbor': None, 'product_type': None, 'pack_quantity': None}, 'normalized': {'diameter': None, 'thickness': None, 'arbor': None, 'product_type': None, 'pack_quantity': None}, 'confidence': {}, 'evidence': [], 'status': 'accepted'}",0
DSA0500B,"DSA0500B 1/2"" Square x1/4"" Hex - Socket Adapter",accepted,"{'mpn': 'DSA0500B', 'manufacturer': 'Freud Inc (2435)', 'manufacturer_candidate': 'Freud Inc', 'brand_candidate': 'Diablo', 'identity_query': 'DSA0500B Freud Inc Diablo', 'brands': ['Diablo'], 'description': 'DSA0500B 1/2"" Square x1/4"" Hex - Socket Adapter'}","{'brand': 'Diablo', 'source': 'structured_field', 'confidence': 0.99, 'candidates': ['Diablo']}","{'value': 'Freud Inc', 'score': 100.0, 'match': 'Freud Inc'}","{'raw': {'diameter': None, 'thickness': None, 'arbor': None, 'product_type': None, 'pack_quantity': None}, 'normalized': {'diameter': None, 'thickness': None, 'arbor': None, 'product_type': None, 'pack_quantity': None}, 'confidence': {}, 'evidence': [], 'status': 'accepted'}",0
42-04-9107,"42-04-9107 Milw 3/8"" Drive Universal Joint",accepted,"{'mpn': '42-04-9107', 'manufacturer': 'Milwaukee Accessory (4031)', 'manufacturer_candidate': 'Milwaukee Accessory', 'brand_candidate': None, 'identity_query': '42-04-9107 Milwaukee Accessory', 'brands': [], 'description': '42-04-9107 Milw 3/8"" Drive Universal Joint'}","{'brand': None, 'source': None, 'confidence': 0.0, 'candidates': []}","{'value': 'Milwaukee Accessory', 'score': 100.0, 'match': 'Milwaukee Accessory'}","{'raw': {'diameter': None, 'thickness': None, 'arbor': None, 'product_type': None, 'pack_quantity': None}, 'normalized': {'diameter': None, 'thickness': None, 'arbor': None, 'product_type': None, 'pack_quantity': None}, 'confidence': {}, 'evidence': [], 'status': 'accepted'}",0
48-22-9491,48-22-9491 Milw 242pc Ratchet & Socket Set 4-Drawer Tool Box,accepted,"{'mpn': '48-22-9491', 'manufacturer': 'Milwaukee Accessory (4031)', 'manufacturer_candidate': 'Milwaukee Accessory', 'brand_candidate': None, 'identity_query': '48-22-9491 Milwaukee Accessory', 'brands': [], 'description': '48-22-9491 Milw 242pc Ratchet & Socket Set 4-Drawer Tool Box'}","{'brand': None, 'source': None, 'confidence': 0.0, 'candidates': []}","{'value': 'Milwaukee Accessory', 'score': 100.0, 'match': 'Milwaukee Accessory'}","{'raw': {'diameter': None, 'thickness': None, 'arbor': None, 'product_type': None, 'pack_quantity': 242}, 'normalized': {'diameter': None, 'thickness': None, 'arbor': None, 'product_type': None, 'pack_quantity': 242}, 'confidence': {'pack_quantity': 0.7}, 'evidence': [{'attribute': 'pack_quantity', 'raw_value': 242, 'normalized_value': 242, 'source': 'ai_extraction'}], 'status': 'accepted'}",1
DWMT45422,"DWMT45422 Dewalt 1/4"" Drive - 50pc Mechanics Set",accepted,"{'mpn': 'DWMT45422', 'manufacturer': 'Black & Decker/dewlt (2585)', 'manufacturer_candidate': 'Black & Decker/dewlt', 'brand_candidate': None, 'identity_query': 'DWMT45422 Black & Decker/dewlt', 'brands': [], 'description': 'DWMT45422 Dewalt 1/4"" Drive - 50pc Mechanics Set'}","{'brand': 'DEWALT', 'source': 'description', 'confidence': 0.85, 'candidates': ['DEWALT']}","{'value': 'Black & Decker/dewlt', 'score': 100.0, 'match': 'Black & Decker/dewlt'}","{'raw': {'diameter': None, 'thickness': None, 'arbor': None, 'product_type': None, 'pack_quantity': 50}, 'normalized': {'diameter': None, 'thickness': None, 'arbor': None, 'product_type': None, 'pack_quantity': 50}, 'confidence': {'pack_quantity': 0.7}, 'evidence': [{'attribute': 'pack_quantity', 'raw_value': 50, 'normalized_value': 50, 'source': 'ai_extraction'}], 'status': 'accepted'}",1
DWMT45424,"DWMT45424 Dewalt 3/8"" Drive - 84pc Mechanics Set",accepted,"{'mpn': 'DWMT45424', 'manufacturer': 'Black & Decker/dewlt (2585)', 'manufacturer_candidate': 'Black & Decker/dewlt', 'brand_candidate': None, 'identity_query': 'DWMT45424 Black & Decker/dewlt', 'brands': [], 'description': 'DWMT45424 Dewalt 3/8"" Drive - 84pc Mechanics Set'}","{'brand': 'DEWALT', 'source': 'description', 'confidence': 0.85, 'candidates': ['DEWALT']}","{'value': 'Black & Decker/dewlt', 'score': 100.0, 'match': 'Black & Decker/dewlt'}","{'raw': {'diameter': None, 'thickness': None, 'arbor': None, 'product_type': None, 'pack_quantity': 84}, 'normalized': {'diameter': None, 'thickness': None, 'arbor': None, 'product_type': None, 'pack_quantity': 84}, 'confidence': {'pack_quantity': 0.7}, 'evidence': [{'attribute': 'pack_quantity', 'raw_value': 84, 'normalized_value': 84, 'source': 'ai_extraction'}], 'status': 'accepted'}",1
48-22-9483,48-22-9483 Milw Packout 15pc - Metric Wrench Set,accepted,"{'mpn': '48-22-9483', 'manufacturer': 'Milwaukee Accessory (4031)', 'manufacturer_candidate': 'Milwaukee Accessory', 'brand_candidate': None, 'identity_query': '48-22-9483 Milwaukee Accessory', 'brands': [], 'description': '48-22-9483 Milw Packout 15pc - Metric Wrench Set'}","{'brand': None, 'source': None, 'confidence': 0.0, 'candidates': []}","{'value': 'Milwaukee Accessory', 'score': 100.0, 'match': 'Milwaukee Accessory'}","{'raw': {'diameter': None, 'thickness': None, 'arbor': None, 'product_type': None, 'pack_quantity': 15}, 'normalized': {'diameter': None, 'thickness': None, 'arbor': None, 'product_type': None, 'pack_quantity': 15}, 'confidence': {'pack_quantity': 0.7}, 'evidence': [{'attribute': 'pack_quantity', 'raw_value': 15, 'normalized_value': 15, 'source': 'ai_extraction'}], 'status': 'accepted'}",1
48-22-9484,48-22-9484 Milw Packout 15pc - SAE Wrench Set,accepted,"{'mpn': '48-22-9484', 'manufacturer': 'Milwaukee Accessory (4031)', 'manufacturer_candidate': 'Milwaukee Accessory', 'brand_candidate': None, 'identity_query': '48-22-9484 Milwaukee Accessory', 'brands': [], 'description': '48-22-9484 Milw Packout 15pc - SAE Wrench Set'}","{'brand': None, 'source': None, 'confidence': 0.0, 'candidates': []}","{'value': 'Milwaukee Accessory', 'score': 100.0, 'match': 'Milwaukee Accessory'}","{'raw': {'diameter': None, 'thickness': None, 'arbor': None, 'product_type': None, 'pack_quantity': 15}, 'normalized': {'diameter': None, 'thickness': None, 'arbor': None, 'product_type': None, 'pack_quantity': 15}, 'confidence': {'pack_quantity': 0.7}, 'evidence': [{'attribute': 'pack_quantity', 'raw_value': 15, 'normalized_value': 15, 'source': 'ai_extraction'}], 'status': 'accepted'}",1
48-22-9485,48-22-9485 Milw Packout 30pc - Metric & SAE Wrench Set,accepted,"{'mpn': '48-22-9485', 'manufacturer': 'Milwaukee Accessory (4031)', 'manufacturer_candidate': 'Milwaukee Accessory', 'brand_candidate': None, 'identity_query': '48-22-9485 Milwaukee Accessory', 'brands': [], 'description': '48-22-9485 Milw Packout 30pc - Metric & SAE Wrench Set'}","{'brand': None, 'source': None, 'confidence': 0.0, 'candidates': []}","{'value': 'Milwaukee Accessory', 'score': 100.0, 'match': 'Milwaukee Accessory'}","{'raw': {'diameter': None, 'thickness': None, 'arbor': None, 'product_type': None, 'pack_quantity': 30}, 'normalized': {'diameter': None, 'thickness': None, 'arbor': None, 'product_type': None, 'pack_quantity': 30}, 'confidence': {'pack_quantity': 0.7}, 'evidence': [{'attribute': 'pack_quantity', 'raw_value': 30, 'normalized_value': 30, 'source': 'ai_extraction'}], 'status': 'accepted'}",1
48-44-2770,48-44-2770 Milw Pole Pruning - Shears Replacement Blade,accepted,"{'mpn': '48-44-2770', 'manufacturer': 'Milwaukee Accessory (4031)', 'manufacturer_candidate': 'Milwaukee Accessory', 'brand_candidate': None, 'identity_query': '48-44-2770 Milwaukee Accessory', 'brands': [], 'description': '48-44-2770 Milw Pole Pruning - Shears Replacement Blade'}","{'brand': None, 'source': None, 'confidence': 0.0, 'candidates': []}","{'value': 'Milwaukee Accessory', 'score': 100.0, 'match': 'Milwaukee Accessory'}","{'raw': {'diameter': None, 'thickness': None, 'arbor': None, 'product_type': None, 'pack_quantity': None}, 'normalized': {'diameter': None, 'thickness': None, 'arbor': None, 'product_type': None, 'pack_quantity': None}, 'confidence': {}, 'evidence': [], 'status': 'accepted'}",0
IWHT48441RC,IWHT48441RC Irwin 100ft - Red Chalk & Reel Set,accepted,"{'mpn': 'IWHT48441RC', 'manufacturer': 'Irwin Industrial Tools (5863)', 'manufacturer_candidate': 'Irwin Industrial Tools', 'brand_candidate': 'Irwin', 'identity_query': 'IWHT48441RC Irwin Industrial Tools Irwin', 'brands': ['Irwin'], 'description': 'IWHT48441RC Irwin 100ft - Red Chalk & Reel Set'}","{'brand': 'Irwin', 'source': 'structured_field', 'confidence': 0.99, 'candidates': ['Irwin']}","{'value': 'Irwin Industrial Tools', 'score': 100.0, 'match': 'Irwin Industrial Tools'}","{'raw': {'diameter': None, 'thickness': None, 'arbor': None, 'product_type': None, 'pack_quantity': None}, 'normalized': {'diameter': None, 'thickness': None, 'arbor': None, 'product_type': None, 'pack_quantity': None}, 'confidence': {}, 'evidence': [], 'status': 'accepted'}",0
XRU23SM1,"XRU23SM1 Makita 18V 13"" - String Trimmer Kit",accepted,"{'mpn': 'XRU23SM1', 'manufacturer': 'Makita Usa Inc (5142)', 'manufacturer_candidate': 'Makita Usa Inc', 'brand_candidate': None, 'identity_query': 'XRU23SM1 Makita Usa Inc', 'brands': [], 'description': 'XRU23SM1 Makita 18V 13"" - String Trimmer Kit'}","{'brand': None, 'source': None, 'confidence': 0.0, 'candidates': []}","{'value': 'Makita Usa Inc', 'score': 100.0, 'match': 'Makita Usa Inc'}","{'raw': {'diameter': None, 'thickness': None, 'arbor': None, 'product_type': None, 'pack_quantity': None}, 'normalized': {'diameter': None, 'thickness': None, 'arbor': None, 'product_type': None, 'pack_quantity': None}, 'confidence': {}, 'evidence': [], 'status': 'accepted'}",0
XRU15PT1,XRU15PT1 Makita String Trimmer,accepted,"{'mpn': 'XRU15PT1', 'manufacturer': 'Makita Usa Inc (5142)', 'manufacturer_candidate': 'Makita Usa Inc', 'brand_candidate': None, 'identity_query': 'XRU15PT1 Makita Usa Inc', 'brands': [], 'description': 'XRU15PT1 Makita String Trimmer'}","{'brand': None, 'source': None, 'confidence': 0.0, 'candidates': []}","{'value': 'Makita Usa Inc', 'score': 100.0, 'match': 'Makita Usa Inc'}","{'raw': {'diameter': None, 'thickness': None, 'arbor': None, 'product_type': None, 'pack_quantity': None}, 'normalized': {'diameter': None, 'thickness': None, 'arbor': None, 'product_type': None, 'pack_quantity': None}, 'confidence': {}, 'evidence': [], 'status': 'accepted'}",0
XRU23Z,XRU23Z Makita 18V Trimmer Tool - Only,accepted,"{'mpn': 'XRU23Z', 'manufacturer': 'Makita Usa Inc (5142)', 'manufacturer_candidate': 'Makita Usa Inc', 'brand_candidate': None, 'identity_query': 'XRU23Z Makita Usa Inc', 'brands': [], 'description': 'XRU23Z Makita 18V Trimmer Tool - Only'}","{'brand': None, 'source': None, 'confidence': 0.0, 'candidates': []}","{'value': 'Makita Usa Inc', 'score': 100.0, 'match': 'Makita Usa Inc'}","{'raw': {'diameter': None, 'thickness': None, 'arbor': None, 'product_type': None, 'pack_quantity': None}, 'normalized': {'diameter': None, 'thickness': None, 'arbor': None, 'product_type': None, 'pack_quantity': None}, 'confidence': {}, 'evidence': [], 'status': 'accepted'}",0
0887-20,0887-20 Milw M18 Brushless Precision Blower,accepted,"{'mpn': '0887-20', 'manufacturer': 'Milwaukee Accessory (4031)', 'manufacturer_candidate': 'Milwaukee Accessory', 'brand_candidate': None, 'identity_query': '0887-20 Milwaukee Accessory', 'brands': [], 'description': '0887-20 Milw M18 Brushless Precision Blower'}","{'brand': None, 'source': None, 'confidence': 0.0, 'candidates': []}","{'value': 'Milwaukee Accessory', 'score': 100.0, 'match': 'Milwaukee Accessory'}","{'raw': {'diameter': None, 'thickness': None, 'arbor': None, 'product_type': None, 'pack_quantity': None}, 'normalized': {'diameter': None, 'thickness': None, 'arbor': None, 'product_type': None, 'pack_quantity': None}, 'confidence': {}, 'evidence': [], 'status': 'accepted'}",0
DCBL724B,DCBL724B Dewalt 20V Max XR Blower (Bare),accepted,"{'mpn': 'DCBL724B', 'manufacturer': 'Black & Decker/dewlt (2585)', 'manufacturer_candidate': 'Black & Decker/dewlt', 'brand_candidate': None, 'identity_query': 'DCBL724B Black & Decker/dewlt', 'brands': [], 'description': 'DCBL724B Dewalt 20V Max XR Blower (Bare)'}","{'brand': 'DEWALT', 'source': 'description', 'confidence': 0.85, 'candidates': ['DEWALT']}","{'value': 'Black & Decker/dewlt', 'score': 100.0, 'match': 'Black & Decker/dewlt'}","{'raw': {'diameter': None, 'thickness': None, 'arbor': None, 'product_type': None, 'pack_quantity': None}, 'normalized': {'diameter': None, 'thickness': None, 'arbor': None, 'product_type': None, 'pack_quantity': None}, 'confidence': {}, 'evidence': [], 'status': 'accepted'}",0
2954-20,2954-20 Milw M18 Bluetooth Jobsite Speaker,accepted,"{'mpn': '2954-20', 'manufacturer': 'Milwaukee Accessory (4031)', 'manufacturer_candidate': 'Milwaukee Accessory', 'brand_candidate': None, 'identity_query': '2954-20 Milwaukee Accessory', 'brands': [], 'description': '2954-20 Milw M18 Bluetooth Jobsite Speaker'}","{'brand': None, 'source': None, 'confidence': 0.0, 'candidates': []}","{'value': 'Milwaukee Accessory', 'score': 100.0, 'match': 'Milwaukee Accessory'}","{'raw': {'diameter': None, 'thickness': None, 'arbor': None, 'product_type': None, 'pack_quantity': None}, 'normalized': {'diameter': None, 'thickness': None, 'arbor': None, 'product_type': None, 'pack_quantity': None}, 'confidence': {}, 'evidence': [], 'status': 'accepted'}",0
2955-20,2955-20 Milw M12 Bluetooth - Jobsite Speaker w/Packout,accepted,"{'mpn': '2955-20', 'manufacturer': 'Milwaukee Accessory (4031)', 'manufacturer_candidate': 'Milwaukee Accessory', 'brand_candidate': None, 'identity_query': '2955-20 Milwaukee Accessory', 'brands': [], 'description': '2955-20 Milw M12 Bluetooth - Jobsite Speaker w/Packout'}","{'brand': None, 'source': None, 'confidence': 0.0, 'candidates': []}","{'value': 'Milwaukee Accessory', 'score': 100.0, 'match': 'Milwaukee Accessory'}","{'raw': {'diameter': None, 'thickness': None, 'arbor': None, 'product_type': None, 'pack_quantity': None}, 'normalized': {'diameter': None, 'thickness': None, 'arbor': None, 'product_type': None, 'pack_quantity': None}, 'confidence': {}, 'evidence': [], 'status': 'accepted'}",0
9A-219-180,9A-219-180 Abranet 4x6x6,accepted,"{'mpn': '9A-219-180', 'manufacturer': 'Mirka Abrasives Inc (MIRUS)', 'manufacturer_candidate': 'Mirka Abrasives Inc', 'brand_candidate': None, 'identity_query': '9A-219-180 Mirka Abrasives Inc', 'brands': [], 'description': '9A-219-180 Abranet 4x6x6'}","{'brand': None, 'source': None, 'confidence': 0.0, 'candidates': []}","{'value': 'Mirka Abrasives Inc', 'score': 100.0, 'match': 'Mirka Abrasives Inc'}","{'raw': {'diameter': '4', 'thickness': '6', 'arbor': '6', 'product_type': None, 'pack_quantity': None}, 'normalized': {'diameter': 4.0, 'thickness': 6.0, 'arbor': 6.0, 'product_type': None, 'pack_quantity': None}, 'confidence': {'diameter': 0.7, 'thickness': 0.7, 'arbor': 0.7}, 'evidence': [{'attribute': 'diameter', 'raw_value': '4', 'normalized_value': 4.0, 'source': 'ai_extraction'}, {'attribute': 'thickness', 'raw_value': '6', 'normalized_value': 6.0, 'source': 'ai_extraction'}, {'attribute': 'arbor', 'raw_value': '6', 'normalized_value': 6.0, 'source': 'ai_extraction'}], 'status': 'accepted'}",3
9A-219-120RP,9A-219-120RP Abranet 4x6x6,accepted,"{'mpn': '9A-219-120RP', 'manufacturer': 'Mirka Abrasives Inc (MIRUS)', 'manufacturer_candidate': 'Mirka Abrasives Inc', 'brand_candidate': None, 'identity_query': '9A-219-120RP Mirka Abrasives Inc', 'brands': [], 'description': '9A-219-120RP Abranet 4x6x6'}","{'brand': None, 'source': None, 'confidence': 0.0, 'candidates': []}","{'value': 'Mirka Abrasives Inc', 'score': 100.0, 'match': 'Mirka Abrasives Inc'}","{'raw': {'diameter': '4', 'thickness': '6', 'arbor': '6', 'product_type': None, 'pack_quantity': None}, 'normalized': {'diameter': 4.0, 'thickness': 6.0, 'arbor': 6.0, 'product_type': None, 'pack_quantity': None}, 'confidence': {'diameter': 0.7, 'thickness': 0.7, 'arbor': 0.7}, 'evidence': [{'attribute': 'diameter', 'raw_value': '4', 'normalized_value': 4.0, 'source': 'ai_extraction'}, {'attribute': 'thickness', 'raw_value': '6', 'normalized_value': 6.0, 'source': 'ai_extraction'}, {'attribute': 'arbor', 'raw_value': '6', 'normalized_value': 6.0, 'source': 'ai_extraction'}], 'status': 'accepted'}",3
3033-20,"3033-20 Milw M18 24"" - Hedge Trimmer",accepted,"{'mpn': '3033-20', 'manufacturer': 'Milwaukee Accessory (4031)', 'manufacturer_candidate': 'Milwaukee Accessory', 'brand_candidate': 'Milwaukee', 'identity_query': '3033-20 Milwaukee Accessory Milwaukee', 'brands': ['Milwaukee'], 'description': '3033-20 Milw M18 24"" - Hedge Trimmer'}","{'brand': 'Milwaukee', 'source': 'structured_field', 'confidence': 0.99, 'candidates': ['Milwaukee']}","{'value': 'Milwaukee Accessory', 'score': 100.0, 'match': 'Milwaukee Accessory'}","{'raw': {'diameter': None, 'thickness': None, 'arbor': None, 'product_type': None, 'pack_quantity': None}, 'normalized': {'diameter': None, 'thickness': None, 'arbor': None, 'product_type': None, 'pack_quantity': None}, 'confidence': {}, 'evidence': [], 'status': 'accepted'}",0
3033-21,"3033-21 Milw M18 24"" - Hedge Trimmer Kit",accepted,"{'mpn': '3033-21', 'manufacturer': 'Milwaukee Accessory (4031)', 'manufacturer_candidate': 'Milwaukee Accessory', 'brand_candidate': None, 'identity_query': '3033-21 Milwaukee Accessory', 'brands': [], 'description': '3033-21 Milw M18 24"" - Hedge Trimmer Kit'}","{'brand': None, 'source': None, 'confidence': 0.0, 'candidates': []}","{'value': 'Milwaukee Accessory', 'score': 100.0, 'match': 'Milwaukee Accessory'}","{'raw': {'diameter': None, 'thickness': None, 'arbor': None, 'product_type': None, 'pack_quantity': None}, 'normalized': {'diameter': None, 'thickness': None, 'arbor': None, 'product_type': None, 'pack_quantity': None}, 'confidence': {}, 'evidence': [], 'status': 'accepted'}",0
3034-20,"3034-20 Milw M18 30"" - Hedge Trimmer",accepted,"{'mpn': '3034-20', 'manufacturer': 'Milwaukee Accessory (4031)', 'manufacturer_candidate': 'Milwaukee Accessory', 'brand_candidate': 'Milwaukee', 'identity_query': '3034-20 Milwaukee Accessory Milwaukee', 'brands': ['Milwaukee'], 'description': '3034-20 Milw M18 30"" - Hedge Trimmer'}","{'brand': 'Milwaukee', 'source': 'structured_field', 'confidence': 0.99, 'candidates': ['Milwaukee']}","{'value': 'Milwaukee Accessory', 'score': 100.0, 'match': 'Milwaukee Accessory'}","{'raw': {'diameter': None, 'thickness': None, 'arbor': None, 'product_type': None, 'pack_quantity': None}, 'normalized': {'diameter': None, 'thickness': None, 'arbor': None, 'product_type': None, 'pack_quantity': None}, 'confidence': {}, 'evidence': [], 'status': 'accepted'}",0
D25333K,D25333K Dewalt Hammer Drill,accepted,"{'mpn': 'D25333K', 'manufacturer': 'Black & Decker/dewlt (2585)', 'manufacturer_candidate': 'Black & Decker/dewlt', 'brand_candidate': None, 'identity_query': 'D25333K Black & Decker/dewlt', 'brands': [], 'description': 'D25333K Dewalt Hammer Drill'}","{'brand': 'DEWALT', 'source': 'description', 'confidence': 0.85, 'candidates': ['DEWALT']}","{'value': 'Black & Decker/dewlt', 'score': 100.0, 'match': 'Black & Decker/dewlt'}","{'raw': {'diameter': None, 'thickness': None, 'arbor': None, 'product_type': None, 'pack_quantity': None}, 'normalized': {'diameter': None, 'thickness': None, 'arbor': None, 'product_type': None, 'pack_quantity': None}, 'confidence': {}, 'evidence': [], 'status': 'accepted'}",0
DCD803B,DCD803B Dewalt Multi-Head Drill Driver,accepted,"{'mpn': 'DCD803B', 'manufacturer': 'Black & Decker/dewlt (2585)', 'manufacturer_candidate': 'Black & Decker/dewlt', 'brand_candidate': None, 'identity_query': 'DCD803B Black & Decker/dewlt', 'brands': [], 'description': 'DCD803B Dewalt Multi-Head Drill Driver'}","{'brand': 'DEWALT', 'source': 'description', 'confidence': 0.85, 'candidates': ['DEWALT']}","{'value': 'Black & Decker/dewlt', 'score': 100.0, 'match': 'Black & Decker/dewlt'}","{'raw': {'diameter': None, 'thickness': None, 'arbor': None, 'product_type': None, 'pack_quantity': None}, 'normalized': {'diameter': None, 'thickness': None, 'arbor': None, 'product_type': None, 'pack_quantity': None}, 'confidence': {}, 'evidence': [], 'status': 'accepted'}",0
DCF860B,DCF860B Dewalt 20V Impact - Driver Drill,accepted,"{'mpn': 'DCF860B', 'manufacturer': 'Black & Decker/dewlt (2585)', 'manufacturer_candidate': 'Black & Decker/dewlt', 'brand_candidate': None, 'identity_query': 'DCF860B Black & Decker/dewlt', 'brands': [], 'description': 'DCF860B Dewalt 20V Impact - Driver Drill'}","{'brand': 'DEWALT', 'source': 'description', 'confidence': 0.85, 'candidates': ['DEWALT']}","{'value': 'Black & Decker/dewlt', 'score': 100.0, 'match': 'Black & Decker/dewlt'}","{'raw': {'diameter': None, 'thickness': None, 'arbor': None, 'product_type': None, 'pack_quantity': None}, 'normalized': {'diameter': None, 'thickness': None, 'arbor': None, 'product_type': None, 'pack_quantity': None}, 'confidence': {}, 'evidence': [], 'status': 'accepted'}",0
3401-20,3401-20 Milw M12 Drill Driver - Brushless Compact (Bare),accepted,"{'mpn': '3401-20', 'manufacturer': 'Milwaukee Accessory (4031)', 'manufacturer_candidate': 'Milwaukee Accessory', 'brand_candidate': None, 'identity_query': '3401-20 Milwaukee Accessory', 'brands': [], 'description': '3401-20 Milw M12 Drill Driver - Brushless Compact (Bare)'}","{'brand': None, 'source': None, 'confidence': 0.0, 'candidates': []}","{'value': 'Milwaukee Accessory', 'score': 100.0, 'match': 'Milwaukee Accessory'}","{'raw': {'diameter': None, 'thickness': None, 'arbor': None, 'product_type': None, 'pack_quantity': None}, 'normalized': {'diameter': None, 'thickness': None, 'arbor': None, 'product_type': None, 'pack_quantity': None}, 'confidence': {}, 'evidence': [], 'status': 'accepted'}",0
KPTDR050A,KPTDR050A Kreg 20V Ionic Compact Drill,accepted,"{'mpn': 'KPTDR050A', 'manufacturer': 'Kreg Tool Company (KRETO)', 'manufacturer_candidate': 'Kreg Tool Company', 'brand_candidate': None, 'identity_query': 'KPTDR050A Kreg Tool Company', 'brands': [], 'description': 'KPTDR050A Kreg 20V Ionic Compact Drill'}","{'brand': None, 'source': None, 'confidence': 0.0, 'candidates': []}","{'value': 'Kreg Tool Company', 'score': 100.0, 'match': 'Kreg Tool Company'}","{'raw': {'diameter': None, 'thickness': None, 'arbor': None, 'product_type': None, 'pack_quantity': None}, 'normalized': {'diameter': None, 'thickness': None, 'arbor': None, 'product_type': None, 'pack_quantity': None}, 'confidence': {}, 'evidence': [], 'status': 'accepted'}",0
DCD1007B,"DCD1007B Dewalt 20V Cordless - 1/2"" Hammer Drill (Bare)",accepted,"{'mpn': 'DCD1007B', 'manufacturer': 'Black & Decker/dewlt (2585)', 'manufacturer_candidate': 'Black & Decker/dewlt', 'brand_candidate': 'DEWALT', 'identity_query': 'DCD1007B Black & Decker/dewlt DEWALT', 'brands': ['DEWALT'], 'description': 'DCD1007B Dewalt 20V Cordless - 1/2"" Hammer Drill (Bare)'}","{'brand': 'DEWALT', 'source': 'structured_field', 'confidence': 0.99, 'candidates': ['DEWALT']}","{'value': 'Black & Decker/dewlt', 'score': 100.0, 'match': 'Black & Decker/dewlt'}","{'raw': {'diameter': None, 'thickness': None, 'arbor': None, 'product_type': None, 'pack_quantity': None}, 'normalized': {'diameter': None, 'thickness': None, 'arbor': None, 'product_type': None, 'pack_quantity': None}, 'confidence': {}, 'evidence': [], 'status': 'accepted'}",0
DCD799B,DCD799B Dewalt Drill,accepted,"{'mpn': 'DCD799B', 'manufacturer': 'Black & Decker/dewlt (2585)', 'manufacturer_candidate': 'Black & Decker/dewlt', 'brand_candidate': None, 'identity_query': 'DCD799B Black & Decker/dewlt', 'brands': [], 'description': 'DCD799B Dewalt Drill'}","{'brand': 'DEWALT', 'source': 'description', 'confidence': 0.85, 'candidates': ['DEWALT']}","{'value': 'Black & Decker/dewlt', 'score': 100.0, 'match': 'Black & Decker/dewlt'}","{'raw': {'diameter': None, 'thickness': None, 'arbor': None, 'product_type': None, 'pack_quantity': None}, 'normalized': {'diameter': None, 'thickness': None, 'arbor': None, 'product_type': None, 'pack_quantity': None}, 'confidence': {}, 'evidence': [], 'status': 'accepted'}",0
58006,58006 Voyager Drill Press,accepted,"{'mpn': '58006', 'manufacturer': 'King Canada Inc (KINCA)', 'manufacturer_candidate': 'King Canada Inc', 'brand_candidate': None, 'identity_query': '58006 King Canada Inc', 'brands': [], 'description': '58006 Voyager Drill Press'}","{'brand': None, 'source': None, 'confidence': 0.0, 'candidates': []}","{'value': 'King Canada Inc', 'score': 100.0, 'match': 'King Canada Inc'}","{'raw': {'diameter': None, 'thickness': None, 'arbor': None, 'product_type': None, 'pack_quantity': None}, 'normalized': {'diameter': None, 'thickness': None, 'arbor': None, 'product_type': None, 'pack_quantity': None}, 'confidence': {}, 'evidence': [], 'status': 'accepted'}",0
2909-20,2909-20 Milw Roofing Nailer - M18,accepted,"{'mpn': '2909-20', 'manufacturer': 'Milwaukee Accessory (4031)', 'manufacturer_candidate': 'Milwaukee Accessory', 'brand_candidate': 'Milwaukee', 'identity_query': '2909-20 Milwaukee Accessory Milwaukee', 'brands': ['Milwaukee'], 'description': '2909-20 Milw Roofing Nailer - M18'}","{'brand': 'Milwaukee', 'source': 'structured_field', 'confidence': 0.99, 'candidates': ['Milwaukee']}","{'value': 'Milwaukee Accessory', 'score': 100.0, 'match': 'Milwaukee Accessory'}","{'raw': {'diameter': None, 'thickness': None, 'arbor': None, 'product_type': None, 'pack_quantity': None}, 'normalized': {'diameter': None, 'thickness': None, 'arbor': None, 'product_type': None, 'pack_quantity': None}, 'confidence': {}, 'evidence': [], 'status': 'accepted'}",0
2909-21,2909-21 Milw M18 Coil Roofing - Nailer Kit,accepted,"{'mpn': '2909-21', 'manufacturer': 'Milwaukee Accessory (4031)', 'manufacturer_candidate': 'Milwaukee Accessory', 'brand_candidate': 'Milwaukee', 'identity_query': '2909-21 Milwaukee Accessory Milwaukee', 'brands': ['Milwaukee'], 'description': '2909-21 Milw M18 Coil Roofing - Nailer Kit'}","{'brand': 'Milwaukee', 'source': 'structured_field', 'confidence': 0.99, 'candidates': ['Milwaukee']}","{'value': 'Milwaukee Accessory', 'score': 100.0, 'match': 'Milwaukee Accessory'}","{'raw': {'diameter': None, 'thickness': None, 'arbor': None, 'product_type': None, 'pack_quantity': None}, 'normalized': {'diameter': None, 'thickness': None, 'arbor': None, 'product_type': None, 'pack_quantity': None}, 'confidence': {}, 'evidence': [], 'status': 'accepted'}",0
918200,918200 Paslode CT200S24 18Ga ST Brad Nailer,accepted,"{'mpn': '918200', 'manufacturer': 'National Nail Corp (7439)', 'manufacturer_candidate': 'National Nail Corp', 'brand_candidate': None, 'identity_query': '918200 National Nail Corp', 'brands': [], 'description': '918200 Paslode CT200S24 18Ga ST Brad Nailer'}","{'brand': None, 'source': None, 'confidence': 0.0, 'candidates': []}","{'value': 'National Nail Corp', 'score': 100.0, 'match': 'National Nail Corp'}","{'raw': {'diameter': None, 'thickness': None, 'arbor': None, 'product_type': None, 'pack_quantity': None}, 'normalized': {'diameter': None, 'thickness': None, 'arbor': None, 'product_type': None, 'pack_quantity': None}, 'confidence': {}, 'evidence': [], 'status': 'accepted'}",0
2541-20,2541-20 Milw M12 - Compact Brad Nailer (Bare),accepted,"{'mpn': '2541-20', 'manufacturer': 'Milwaukee Accessory (4031)', 'manufacturer_candidate': 'Milwaukee Accessory', 'brand_candidate': None, 'identity_query': '2541-20 Milwaukee Accessory', 'brands': [], 'description': '2541-20 Milw M12 - Compact Brad Nailer (Bare)'}","{'brand': None, 'source': None, 'confidence': 0.0, 'candidates': []}","{'value': 'Milwaukee Accessory', 'score': 100.0, 'match': 'Milwaukee Accessory'}","{'raw': {'diameter': None, 'thickness': None, 'arbor': None, 'product_type': None, 'pack_quantity': None}, 'normalized': {'diameter': None, 'thickness': None, 'arbor': None, 'product_type': None, 'pack_quantity': None}, 'confidence': {}, 'evidence': [], 'status': 'accepted'}",0
DCN930B,DCN930B Dewalt 20V 30 Degree - Framing Nailer,accepted,"{'mpn': 'DCN930B', 'manufacturer': 'Black & Decker/dewlt (2585)', 'manufacturer_candidate': 'Black & Decker/dewlt', 'brand_candidate': 'DEWALT', 'identity_query': 'DCN930B Black & Decker/dewlt DEWALT', 'brands': ['DEWALT'], 'description': 'DCN930B Dewalt 20V 30 Degree - Framing Nailer'}","{'brand': 'DEWALT', 'source': 'structured_field', 'confidence': 0.99, 'candidates': ['DEWALT']}","{'value': 'Black & Decker/dewlt', 'score': 100.0, 'match': 'Black & Decker/dewlt'}","{'raw': {'diameter': None, 'thickness': None, 'arbor': None, 'product_type': None, 'pack_quantity': None}, 'normalized': {'diameter': None, 'thickness': None, 'arbor': None, 'product_type': None, 'pack_quantity': None}, 'confidence': {}, 'evidence': [], 'status': 'accepted'}",0
DCN930P1,DCN930P1 Dewalt 20V 30 Degree - Framing Nailer Kit,accepted,"{'mpn': 'DCN930P1', 'manufacturer': 'Black & Decker/dewlt (2585)', 'manufacturer_candidate': 'Black & Decker/dewlt', 'brand_candidate': 'DEWALT', 'identity_query': 'DCN930P1 Black & Decker/dewlt DEWALT', 'brands': ['DEWALT'], 'description': 'DCN930P1 Dewalt 20V 30 Degree - Framing Nailer Kit'}","{'brand': 'DEWALT', 'source': 'structured_field', 'confidence': 0.99, 'candidates': ['DEWALT']}","{'value': 'Black & Decker/dewlt', 'score': 100.0, 'match': 'Black & Decker/dewlt'}","{'raw': {'diameter': None, 'thickness': None, 'arbor': None, 'product_type': None, 'pack_quantity': None}, 'normalized': {'diameter': None, 'thickness': None, 'arbor': None, 'product_type': None, 'pack_quantity': None}, 'confidence': {}, 'evidence': [], 'status': 'accepted'}",0
XNB04Z,"XNB04Z Makita 18V 2"" Brad Nailer 18GA (Bare)",accepted,"{'mpn': 'XNB04Z', 'manufacturer': 'Makita Usa Inc (5142)', 'manufacturer_candidate': 'Makita Usa Inc', 'brand_candidate': None, 'identity_query': 'XNB04Z Makita Usa Inc', 'brands': [], 'description': 'XNB04Z Makita 18V 2"" Brad Nailer 18GA (Bare)'}","{'brand': None, 'source': None, 'confidence': 0.0, 'candidates': []}","{'value': 'Makita Usa Inc', 'score': 100.0, 'match': 'Makita Usa Inc'}","{'raw': {'diameter': None, 'thickness': None, 'arbor': None, 'product_type': None, 'pack_quantity': None}, 'normalized': {'diameter': None, 'thickness': None, 'arbor': None, 'product_type': None, 'pack_quantity': None}, 'confidence': {}, 'evidence': [], 'status': 'accepted'}",0
XNB05Z,"XNB05Z Makita 18V 2-1/2"" Straight Finish Nailer 16GA",accepted,"{'mpn': 'XNB05Z', 'manufacturer': 'Makita Usa Inc (5142)', 'manufacturer_candidate': 'Makita Usa Inc', 'brand_candidate': None, 'identity_query': 'XNB05Z Makita Usa Inc', 'brands': [], 'description': 'XNB05Z Makita 18V 2-1/2"" Straight Finish Nailer 16GA'}","{'brand': None, 'source': None, 'confidence': 0.0, 'candidates': []}","{'value': 'Makita Usa Inc', 'score': 100.0, 'match': 'Makita Usa Inc'}","{'raw': {'diameter': None, 'thickness': None, 'arbor': None, 'product_type': None, 'pack_quantity': None}, 'normalized': {'diameter': None, 'thickness': None, 'arbor': None, 'product_type': None, 'pack_quantity': None}, 'confidence': {}, 'evidence': [], 'status': 'accepted'}",0
XNB06Z,"XNB06Z Makita 18V 2-1/2"" Angled Finish Nailer 16GA",accepted,"{'mpn': 'XNB06Z', 'manufacturer': 'Makita Usa Inc (5142)', 'manufacturer_candidate': 'Makita Usa Inc', 'brand_candidate': None, 'identity_query': 'XNB06Z Makita Usa Inc', 'brands': [], 'description': 'XNB06Z Makita 18V 2-1/2"" Angled Finish Nailer 16GA'}","{'brand': None, 'source': None, 'confidence': 0.0, 'candidates': []}","{'value': 'Makita Usa Inc', 'score': 100.0, 'match': 'Makita Usa Inc'}","{'raw': {'diameter': None, 'thickness': None, 'arbor': None, 'product_type': None, 'pack_quantity': None}, 'normalized': {'diameter': None, 'thickness': None, 'arbor': None, 'product_type': None, 'pack_quantity': None}, 'confidence': {}, 'evidence': [], 'status': 'accepted'}",0
XNB07Z,XNB07Z Makita 18V LXT BL 30 Nailer (Bare),accepted,"{'mpn': 'XNB07Z', 'manufacturer': 'Makita Usa Inc (5142)', 'manufacturer_candidate': 'Makita Usa Inc', 'brand_candidate': None, 'identity_query': 'XNB07Z Makita Usa Inc', 'brands': [], 'description': 'XNB07Z Makita 18V LXT BL 30 Nailer (Bare)'}","{'brand': None, 'source': None, 'confidence': 0.0, 'candidates': []}","{'value': 'Makita Usa Inc', 'score': 100.0, 'match': 'Makita Usa Inc'}","{'raw': {'diameter': None, 'thickness': None, 'arbor': None, 'product_type': None, 'pack_quantity': None}, 'normalized': {'diameter': None, 'thickness': None, 'arbor': None, 'product_type': None, 'pack_quantity': None}, 'confidence': {}, 'evidence': [], 'status': 'accepted'}",0
DZN930,DZN930 Dewalt 30 Degree - Framing Magazine,accepted,"{'mpn': 'DZN930', 'manufacturer': 'Black & Decker/dewlt (2585)', 'manufacturer_candidate': 'Black & Decker/dewlt', 'brand_candidate': None, 'identity_query': 'DZN930 Black & Decker/dewlt', 'brands': [], 'description': 'DZN930 Dewalt 30 Degree - Framing Magazine'}","{'brand': 'DEWALT', 'source': 'description', 'confidence': 0.85, 'candidates': ['DEWALT']}","{'value': 'Black & Decker/dewlt', 'score': 100.0, 'match': 'Black & Decker/dewlt'}","{'raw': {'diameter': None, 'thickness': None, 'arbor': None, 'product_type': None, 'pack_quantity': None}, 'normalized': {'diameter': None, 'thickness': None, 'arbor': None, 'product_type': None, 'pack_quantity': None}, 'confidence': {}, 'evidence': [], 'status': 'accepted'}",0
220USB25U,220USB25U Vessel Screwdriver w/25pc Bit Set,accepted,"{'mpn': '220USB25U', 'manufacturer': 'Vessel Tools USA Inc (VESTO)', 'manufacturer_candidate': 'Vessel Tools USA Inc', 'brand_candidate': None, 'identity_query': '220USB25U Vessel Tools USA Inc', 'brands': [], 'description': '220USB25U Vessel Screwdriver w/25pc Bit Set'}","{'brand': None, 'source': None, 'confidence': 0.0, 'candidates': []}","{'value': 'Vessel Tools USA Inc', 'score': 100.0, 'match': 'Vessel Tools USA Inc'}","{'raw': {'diameter': None, 'thickness': None, 'arbor': None, 'product_type': None, 'pack_quantity': 25}, 'normalized': {'diameter': None, 'thickness': None, 'arbor': None, 'product_type': None, 'pack_quantity': 25}, 'confidence': {'pack_quantity': 0.7}, 'evidence': [{'attribute': 'pack_quantity', 'raw_value': 25, 'normalized_value': 25, 'source': 'ai_extraction'}], 'status': 'accepted'}",1
XRF03Z,XRF03Z Makita 18V Screwdriver - Autofeed,accepted,"{'mpn': 'XRF03Z', 'manufacturer': 'Makita Usa Inc (5142)', 'manufacturer_candidate': 'Makita Usa Inc', 'brand_candidate': None, 'identity_query': 'XRF03Z Makita Usa Inc', 'brands': [], 'description': 'XRF03Z Makita 18V Screwdriver - Autofeed'}","{'brand': None, 'source': None, 'confidence': 0.0, 'candidates': []}","{'value': 'Makita Usa Inc', 'score': 100.0, 'match': 'Makita Usa Inc'}","{'raw': {'diameter': None, 'thickness': None, 'arbor': None, 'product_type': None, 'pack_quantity': None}, 'normalized': {'diameter': None, 'thickness': None, 'arbor': None, 'product_type': None, 'pack_quantity': None}, 'confidence': {}, 'evidence': [], 'status': 'accepted'}",0
220USBP5U,220USBP5U Vessel Screwdriver Plus w/5pc Bit Set,accepted,"{'mpn': '220USBP5U', 'manufacturer': 'Vessel Tools USA Inc (VESTO)', 'manufacturer_candidate': 'Vessel Tools USA Inc', 'brand_candidate': None, 'identity_query': '220USBP5U Vessel Tools USA Inc', 'brands': [], 'description': '220USBP5U Vessel Screwdriver Plus w/5pc Bit Set'}","{'brand': None, 'source': None, 'confidence': 0.0, 'candidates': []}","{'value': 'Vessel Tools USA Inc', 'score': 100.0, 'match': 'Vessel Tools USA Inc'}","{'raw': {'diameter': None, 'thickness': None, 'arbor': None, 'product_type': None, 'pack_quantity': 5}, 'normalized': {'diameter': None, 'thickness': None, 'arbor': None, 'product_type': None, 'pack_quantity': 5}, 'confidence': {'pack_quantity': 0.7}, 'evidence': [{'attribute': 'pack_quantity', 'raw_value': 5, 'normalized_value': 5, 'source': 'ai_extraction'}], 'status': 'accepted'}",1
49-66-4567,"49-66-4567 Milw 6"" Magnetic - Impact Driver Set 6pc",accepted,"{'mpn': '49-66-4567', 'manufacturer': 'Milwaukee Accessory (4031)', 'manufacturer_candidate': 'Milwaukee Accessory', 'brand_candidate': None, 'identity_query': '49-66-4567 Milwaukee Accessory', 'brands': [], 'description': '49-66-4567 Milw 6"" Magnetic - Impact Driver Set 6pc'}","{'brand': None, 'source': None, 'confidence': 0.0, 'candidates': []}","{'value': 'Milwaukee Accessory', 'score': 100.0, 'match': 'Milwaukee Accessory'}","{'raw': {'diameter': None, 'thickness': None, 'arbor': None, 'product_type': None, 'pack_quantity': 6}, 'normalized': {'diameter': None, 'thickness': None, 'arbor': None, 'product_type': None, 'pack_quantity': 6}, 'confidence': {'pack_quantity': 0.7}, 'evidence': [{'attribute': 'pack_quantity', 'raw_value': 6, 'normalized_value': 6, 'source': 'ai_extraction'}], 'status': 'accepted'}",1
IBMG90K003,"IBMG90K003 Vessel Impact Ball Torsion Bit Assort 5pc 3.5""",accepted,"{'mpn': 'IBMG90K003', 'manufacturer': 'Vessel Tools USA Inc (VESTO)', 'manufacturer_candidate': 'Vessel Tools USA Inc', 'brand_candidate': None, 'identity_query': 'IBMG90K003 Vessel Tools USA Inc', 'brands': [], 'description': 'IBMG90K003 Vessel Impact Ball Torsion Bit Assort 5pc 3.5""'}","{'brand': None, 'source': None, 'confidence': 0.0, 'candidates': []}","{'value': 'Vessel Tools USA Inc', 'score': 100.0, 'match': 'Vessel Tools USA Inc'}","{'raw': {'diameter': None, 'thickness': None, 'arbor': None, 'product_type': None, 'pack_quantity': 5}, 'normalized': {'diameter': None, 'thickness': None, 'arbor': None, 'product_type': None, 'pack_quantity': 5}, 'confidence': {'pack_quantity': 0.7}, 'evidence': [{'attribute': 'pack_quantity', 'raw_value': 5, 'normalized_value': 5, 'source': 'ai_extraction'}], 'status': 'accepted'}",1
IBPH250P15T,"IBPH250P15T Vessel Torsion Bit 2"" 15pc",accepted,"{'mpn': 'IBPH250P15T', 'manufacturer': 'Vessel Tools USA Inc (VESTO)', 'manufacturer_candidate': 'Vessel Tools USA Inc', 'brand_candidate': None, 'identity_query': 'IBPH250P15T Vessel Tools USA Inc', 'brands': [], 'description': 'IBPH250P15T Vessel Torsion Bit 2"" 15pc'}","{'brand': None, 'source': None, 'confidence': 0.0, 'candidates': []}","{'value': 'Vessel Tools USA Inc', 'score': 100.0, 'match': 'Vessel Tools USA Inc'}","{'raw': {'diameter': None, 'thickness': None, 'arbor': None, 'product_type': None, 'pack_quantity': 15}, 'normalized': {'diameter': None, 'thickness': None, 'arbor': None, 'product_type': None, 'pack_quantity': 15}, 'confidence': {'pack_quantity': 0.7}, 'evidence': [{'attribute': 'pack_quantity', 'raw_value': 15, 'normalized_value': 15, 'source': 'ai_extraction'}], 'status': 'accepted'}",1
DPH12B,"DPH12B 2"" #1 Phillips Drive - Bit",accepted,"{'mpn': 'DPH12B', 'manufacturer': 'Freud Inc (2435)', 'manufacturer_candidate': 'Freud Inc', 'brand_candidate': 'Diablo', 'identity_query': 'DPH12B Freud Inc Diablo', 'brands': ['Diablo'], 'description': 'DPH12B 2"" #1 Phillips Drive - Bit'}","{'brand': 'Diablo', 'source': 'structured_field', 'confidence': 0.99, 'candidates': ['Diablo']}","{'value': 'Freud Inc', 'score': 100.0, 'match': 'Freud Inc'}","{'raw': {'diameter': None, 'thickness': None, 'arbor': None, 'product_type': None, 'pack_quantity': None}, 'normalized': {'diameter': None, 'thickness': None, 'arbor': None, 'product_type': None, 'pack_quantity': None}, 'confidence': {}, 'evidence': [], 'status': 'accepted'}",0
DPH135B,"DPH135B 3-1/2"" #1 Phillips - Drive Bit",accepted,"{'mpn': 'DPH135B', 'manufacturer': 'Freud Inc (2435)', 'manufacturer_candidate': 'Freud Inc', 'brand_candidate': 'Diablo', 'identity_query': 'DPH135B Freud Inc Diablo', 'brands': ['Diablo'], 'description': 'DPH135B 3-1/2"" #1 Phillips - Drive Bit'}","{'brand': 'Diablo', 'source': 'structured_field', 'confidence': 0.99, 'candidates': ['Diablo']}","{'value': 'Freud Inc', 'score': 100.0, 'match': 'Freud Inc'}","{'raw': {'diameter': None, 'thickness': None, 'arbor': None, 'product_type': None, 'pack_quantity': None}, 'normalized': {'diameter': None, 'thickness': None, 'arbor': None, 'product_type': None, 'pack_quantity': None}, 'confidence': {}, 'evidence': [], 'status': 'accepted'}",0
DPH21B,"DPH21B 1"" #2 Phillips Drive - Bit",accepted,"{'mpn': 'DPH21B', 'manufacturer': 'Freud Inc (2435)', 'manufacturer_candidate': 'Freud Inc', 'brand_candidate': 'Diablo', 'identity_query': 'DPH21B Freud Inc Diablo', 'brands': ['Diablo'], 'description': 'DPH21B 1"" #2 Phillips Drive - Bit'}","{'brand': 'Diablo', 'source': 'structured_field', 'confidence': 0.99, 'candidates': ['Diablo']}","{'value': 'Freud Inc', 'score': 100.0, 'match': 'Freud Inc'}","{'raw': {'diameter': None, 'thickness': None, 'arbor': None, 'product_type': None, 'pack_quantity': None}, 'normalized': {'diameter': None, 'thickness': None, 'arbor': None, 'product_type': None, 'pack_quantity': None}, 'confidence': {}, 'evidence': [], 'status': 'accepted'}",0
DPH22B,"DPH22B 2"" #2 Phillips Drive - Bit",accepted,"{'mpn': 'DPH22B', 'manufacturer': 'Freud Inc (2435)', 'manufacturer_candidate': 'Freud Inc', 'brand_candidate': 'Diablo', 'identity_query': 'DPH22B Freud Inc Diablo', 'brands': ['Diablo'], 'description': 'DPH22B 2"" #2 Phillips Drive - Bit'}","{'brand': 'Diablo', 'source': 'structured_field', 'confidence': 0.99, 'candidates': ['Diablo']}","{'value': 'Freud Inc', 'score': 100.0, 'match': 'Freud Inc'}","{'raw': {'diameter': None, 'thickness': None, 'arbor': None, 'product_type': None, 'pack_quantity': None}, 'normalized': {'diameter': None, 'thickness': None, 'arbor': None, 'product_type': None, 'pack_quantity': None}, 'confidence': {}, 'evidence': [], 'status': 'accepted'}",0
DPH235B,"DPH235B 3-1/2"" #2 Phillips - Drive Bit",accepted,"{'mpn': 'DPH235B', 'manufacturer': 'Freud Inc (2435)', 'manufacturer_candidate': 'Freud Inc', 'brand_candidate': 'Diablo', 'identity_query': 'DPH235B Freud Inc Diablo', 'brands': ['Diablo'], 'description': 'DPH235B 3-1/2"" #2 Phillips - Drive Bit'}","{'brand': 'Diablo', 'source': 'structured_field', 'confidence': 0.99, 'candidates': ['Diablo']}","{'value': 'Freud Inc', 'score': 100.0, 'match': 'Freud Inc'}","{'raw': {'diameter': None, 'thickness': None, 'arbor': None, 'product_type': None, 'pack_quantity': None}, 'normalized': {'diameter': None, 'thickness': None, 'arbor': None, 'product_type': None, 'pack_quantity': None}, 'confidence': {}, 'evidence': [], 'status': 'accepted'}",0
DPH26B,"DPH26B 6"" #2 Phillips Drive - Bit",accepted,"{'mpn': 'DPH26B', 'manufacturer': 'Freud Inc (2435)', 'manufacturer_candidate': 'Freud Inc', 'brand_candidate': 'Diablo', 'identity_query': 'DPH26B Freud Inc Diablo', 'brands': ['Diablo'], 'description': 'DPH26B 6"" #2 Phillips Drive - Bit'}","{'brand': 'Diablo', 'source': 'structured_field', 'confidence': 0.99, 'candidates': ['Diablo']}","{'value': 'Freud Inc', 'score': 100.0, 'match': 'Freud Inc'}","{'raw': {'diameter': None, 'thickness': None, 'arbor': None, 'product_type': None, 'pack_quantity': None}, 'normalized': {'diameter': None, 'thickness': None, 'arbor': None, 'product_type': None, 'pack_quantity': None}, 'confidence': {}, 'evidence': [], 'status': 'accepted'}",0
DPH2R1B,"DPH2R1B 1"" #2 Phillips Drywall - Screws Drive Bit",accepted,"{'mpn': 'DPH2R1B', 'manufacturer': 'Freud Inc (2435)', 'manufacturer_candidate': 'Freud Inc', 'brand_candidate': 'Diablo', 'identity_query': 'DPH2R1B Freud Inc Diablo', 'brands': ['Diablo'], 'description': 'DPH2R1B 1"" #2 Phillips Drywall - Screws Drive Bit'}","{'brand': 'Diablo', 'source': 'structured_field', 'confidence': 0.99, 'candidates': ['Diablo']}","{'value': 'Freud Inc', 'score': 100.0, 'match': 'Freud Inc'}","{'raw': {'diameter': None, 'thickness': None, 'arbor': None, 'product_type': None, 'pack_quantity': None}, 'normalized': {'diameter': None, 'thickness': None, 'arbor': None, 'product_type': None, 'pack_quantity': None}, 'confidence': {}, 'evidence': [], 'status': 'accepted'}",0
DPH31B,"DPH31B 1"" #3 Phillips Drive - Bit",accepted,"{'mpn': 'DPH31B', 'manufacturer': 'Freud Inc (2435)', 'manufacturer_candidate': 'Freud Inc', 'brand_candidate': 'Diablo', 'identity_query': 'DPH31B Freud Inc Diablo', 'brands': ['Diablo'], 'description': 'DPH31B 1"" #3 Phillips Drive - Bit'}","{'brand': 'Diablo', 'source': 'structured_field', 'confidence': 0.99, 'candidates': ['Diablo']}","{'value': 'Freud Inc', 'score': 100.0, 'match': 'Freud Inc'}","{'raw': {'diameter': None, 'thickness': None, 'arbor': None, 'product_type': None, 'pack_quantity': None}, 'normalized': {'diameter': None, 'thickness': None, 'arbor': None, 'product_type': None, 'pack_quantity': None}, 'confidence': {}, 'evidence': [], 'status': 'accepted'}",0
DPH32B,"DPH32B 2"" #3 Phillips Drive - Bit",accepted,"{'mpn': 'DPH32B', 'manufacturer': 'Freud Inc (2435)', 'manufacturer_candidate': 'Freud Inc', 'brand_candidate': 'Diablo', 'identity_query': 'DPH32B Freud Inc Diablo', 'brands': ['Diablo'], 'description': 'DPH32B 2"" #3 Phillips Drive - Bit'}","{'brand': 'Diablo', 'source': 'structured_field', 'confidence': 0.99, 'candidates': ['Diablo']}","{'value': 'Freud Inc', 'score': 100.0, 'match': 'Freud Inc'}","{'raw': {'diameter': None, 'thickness': None, 'arbor': None, 'product_type': None, 'pack_quantity': None}, 'normalized': {'diameter': None, 'thickness': None, 'arbor': None, 'product_type': None, 'pack_quantity': None}, 'confidence': {}, 'evidence': [], 'status': 'accepted'}",0
DPH335B,"DPH335B 3-1/2"" #3 Phillips - Drive Bit",accepted,"{'mpn': 'DPH335B', 'manufacturer': 'Freud Inc (2435)', 'manufacturer_candidate': 'Freud Inc', 'brand_candidate': 'Diablo', 'identity_query': 'DPH335B Freud Inc Diablo', 'brands': ['Diablo'], 'description': 'DPH335B 3-1/2"" #3 Phillips - Drive Bit'}","{'brand': 'Diablo', 'source': 'structured_field', 'confidence': 0.99, 'candidates': ['Diablo']}","{'value': 'Freud Inc', 'score': 100.0, 'match': 'Freud Inc'}","{'raw': {'diameter': None, 'thickness': None, 'arbor': None, 'product_type': None, 'pack_quantity': None}, 'normalized': {'diameter': None, 'thickness': None, 'arbor': None, 'product_type': None, 'pack_quantity': None}, 'confidence': {}, 'evidence': [], 'status': 'accepted'}",0
DSQ12B,"DSQ12B 2"" #1 Square Drive Bit",accepted,"{'mpn': 'DSQ12B', 'manufacturer': 'Freud Inc (2435)', 'manufacturer_candidate': 'Freud Inc', 'brand_candidate': 'Diablo', 'identity_query': 'DSQ12B Freud Inc Diablo', 'brands': ['Diablo'], 'description': 'DSQ12B 2"" #1 Square Drive Bit'}","{'brand': 'Diablo', 'source': 'structured_field', 'confidence': 0.99, 'candidates': ['Diablo']}","{'value': 'Freud Inc', 'score': 100.0, 'match': 'Freud Inc'}","{'raw': {'diameter': None, 'thickness': None, 'arbor': None, 'product_type': None, 'pack_quantity': None}, 'normalized': {'diameter': None, 'thickness': None, 'arbor': None, 'product_type': None, 'pack_quantity': None}, 'confidence': {}, 'evidence': [], 'status': 'accepted'}",0
DSQ22B,"DSQ22B 2"" #2 Square Drive Bit",accepted,"{'mpn': 'DSQ22B', 'manufacturer': 'Freud Inc (2435)', 'manufacturer_candidate': 'Freud Inc', 'brand_candidate': 'Diablo', 'identity_query': 'DSQ22B Freud Inc Diablo', 'brands': ['Diablo'], 'description': 'DSQ22B 2"" #2 Square Drive Bit'}","{'brand': 'Diablo', 'source': 'structured_field', 'confidence': 0.99, 'candidates': ['Diablo']}","{'value': 'Freud Inc', 'score': 100.0, 'match': 'Freud Inc'}","{'raw': {'diameter': None, 'thickness': None, 'arbor': None, 'product_type': None, 'pack_quantity': None}, 'normalized': {'diameter': None, 'thickness': None, 'arbor': None, 'product_type': None, 'pack_quantity': None}, 'confidence': {}, 'evidence': [], 'status': 'accepted'}",0
DSQ26B,"DSQ26B 6"" #2 Square Drive Bit",accepted,"{'mpn': 'DSQ26B', 'manufacturer': 'Freud Inc (2435)', 'manufacturer_candidate': 'Freud Inc', 'brand_candidate': 'Diablo', 'identity_query': 'DSQ26B Freud Inc Diablo', 'brands': ['Diablo'], 'description': 'DSQ26B 6"" #2 Square Drive Bit'}","{'brand': 'Diablo', 'source': 'structured_field', 'confidence': 0.99, 'candidates': ['Diablo']}","{'value': 'Freud Inc', 'score': 100.0, 'match': 'Freud Inc'}","{'raw': {'diameter': None, 'thickness': None, 'arbor': None, 'product_type': None, 'pack_quantity': None}, 'normalized': {'diameter': None, 'thickness': None, 'arbor': None, 'product_type': None, 'pack_quantity': None}, 'confidence': {}, 'evidence': [], 'status': 'accepted'}",0
DSQ32B,"DSQ32B 2"" #3 Square Drive Bit",accepted,"{'mpn': 'DSQ32B', 'manufacturer': 'Freud Inc (2435)', 'manufacturer_candidate': 'Freud Inc', 'brand_candidate': 'Diablo', 'identity_query': 'DSQ32B Freud Inc Diablo', 'brands': ['Diablo'], 'description': 'DSQ32B 2"" #3 Square Drive Bit'}","{'brand': 'Diablo', 'source': 'structured_field', 'confidence': 0.99, 'candidates': ['Diablo']}","{'value': 'Freud Inc', 'score': 100.0, 'match': 'Freud Inc'}","{'raw': {'diameter': None, 'thickness': None, 'arbor': None, 'product_type': None, 'pack_quantity': None}, 'normalized': {'diameter': None, 'thickness': None, 'arbor': None, 'product_type': None, 'pack_quantity': None}, 'confidence': {}, 'evidence': [], 'status': 'accepted'}",0
DT102B,"DT102B 2"" #10 Torx Drive Bit",accepted,"{'mpn': 'DT102B', 'manufacturer': 'Freud Inc (2435)', 'manufacturer_candidate': 'Freud Inc', 'brand_candidate': 'Diablo', 'identity_query': 'DT102B Freud Inc Diablo', 'brands': ['Diablo'], 'description': 'DT102B 2"" #10 Torx Drive Bit'}","{'brand': 'Diablo', 'source': 'structured_field', 'confidence': 0.99, 'candidates': ['Diablo']}","{'value': 'Freud Inc', 'score': 100.0, 'match': 'Freud Inc'}","{'raw': {'diameter': None, 'thickness': None, 'arbor': None, 'product_type': None, 'pack_quantity': None}, 'normalized': {'diameter': None, 'thickness': None, 'arbor': None, 'product_type': None, 'pack_quantity': None}, 'confidence': {}, 'evidence': [], 'status': 'accepted'}",0
DT152B,"DT152B 2"" #15 Torx Drive Bit",accepted,"{'mpn': 'DT152B', 'manufacturer': 'Freud Inc (2435)', 'manufacturer_candidate': 'Freud Inc', 'brand_candidate': 'Diablo', 'identity_query': 'DT152B Freud Inc Diablo', 'brands': ['Diablo'], 'description': 'DT152B 2"" #15 Torx Drive Bit'}","{'brand': 'Diablo', 'source': 'structured_field', 'confidence': 0.99, 'candidates': ['Diablo']}","{'value': 'Freud Inc', 'score': 100.0, 'match': 'Freud Inc'}","{'raw': {'diameter': None, 'thickness': None, 'arbor': None, 'product_type': None, 'pack_quantity': None}, 'normalized': {'diameter': None, 'thickness': None, 'arbor': None, 'product_type': None, 'pack_quantity': None}, 'confidence': {}, 'evidence': [], 'status': 'accepted'}",0
DT1535B,"DT1535B 3-1/2"" #15 Torx Drive - Bit",accepted,"{'mpn': 'DT1535B', 'manufacturer': 'Freud Inc (2435)', 'manufacturer_candidate': 'Freud Inc', 'brand_candidate': 'Diablo', 'identity_query': 'DT1535B Freud Inc Diablo', 'brands': ['Diablo'], 'description': 'DT1535B 3-1/2"" #15 Torx Drive - Bit'}","{'brand': 'Diablo', 'source': 'structured_field', 'confidence': 0.99, 'candidates': ['Diablo']}","{'value': 'Freud Inc', 'score': 100.0, 'match': 'Freud Inc'}","{'raw': {'diameter': None, 'thickness': None, 'arbor': None, 'product_type': None, 'pack_quantity': None}, 'normalized': {'diameter': None, 'thickness': None, 'arbor': None, 'product_type': None, 'pack_quantity': None}, 'confidence': {}, 'evidence': [], 'status': 'accepted'}",0
DT202B,"DT202B 2"" #20 Torx Drive Bit",accepted,"{'mpn': 'DT202B', 'manufacturer': 'Freud Inc (2435)', 'manufacturer_candidate': 'Freud Inc', 'brand_candidate': 'Diablo', 'identity_query': 'DT202B Freud Inc Diablo', 'brands': ['Diablo'], 'description': 'DT202B 2"" #20 Torx Drive Bit'}","{'brand': 'Diablo', 'source': 'structured_field', 'confidence': 0.99, 'candidates': ['Diablo']}","{'value': 'Freud Inc', 'score': 100.0, 'match': 'Freud Inc'}","{'raw': {'diameter': None, 'thickness': None, 'arbor': None, 'product_type': None, 'pack_quantity': None}, 'normalized': {'diameter': None, 'thickness': None, 'arbor': None, 'product_type': None, 'pack_quantity': None}, 'confidence': {}, 'evidence': [], 'status': 'accepted'}",0
DT2035B,"DT2035B 3-1/2"" #20 Torx Drive - Bit",accepted,"{'mpn': 'DT2035B', 'manufacturer': 'Freud Inc (2435)', 'manufacturer_candidate': 'Freud Inc', 'brand_candidate': 'Diablo', 'identity_query': 'DT2035B Freud Inc Diablo', 'brands': ['Diablo'], 'description': 'DT2035B 3-1/2"" #20 Torx Drive - Bit'}","{'brand': 'Diablo', 'source': 'structured_field', 'confidence': 0.99, 'candidates': ['Diablo']}","{'value': 'Freud Inc', 'score': 100.0, 'match': 'Freud Inc'}","{'raw': {'diameter': None, 'thickness': None, 'arbor': None, 'product_type': None, 'pack_quantity': None}, 'normalized': {'diameter': None, 'thickness': None, 'arbor': None, 'product_type': None, 'pack_quantity': None}, 'confidence': {}, 'evidence': [], 'status': 'accepted'}",0
DT206B,"DT206B 6"" #20 Torx Drive Bit",accepted,"{'mpn': 'DT206B', 'manufacturer': 'Freud Inc (2435)', 'manufacturer_candidate': 'Freud Inc', 'brand_candidate': 'Diablo', 'identity_query': 'DT206B Freud Inc Diablo', 'brands': ['Diablo'], 'description': 'DT206B 6"" #20 Torx Drive Bit'}","{'brand': 'Diablo', 'source': 'structured_field', 'confidence': 0.99, 'candidates': ['Diablo']}","{'value': 'Freud Inc', 'score': 100.0, 'match': 'Freud Inc'}","{'raw': {'diameter': None, 'thickness': None, 'arbor': None, 'product_type': None, 'pack_quantity': None}, 'normalized': {'diameter': None, 'thickness': None, 'arbor': None, 'product_type': None, 'pack_quantity': None}, 'confidence': {}, 'evidence': [], 'status': 'accepted'}",0
DT252B,"DT252B 2"" #25 Trox Drive Bit",accepted,"{'mpn': 'DT252B', 'manufacturer': 'Freud Inc (2435)', 'manufacturer_candidate': 'Freud Inc', 'brand_candidate': 'Diablo', 'identity_query': 'DT252B Freud Inc Diablo', 'brands': ['Diablo'], 'description': 'DT252B 2"" #25 Trox Drive Bit'}","{'brand': 'Diablo', 'source': 'structured_field', 'confidence': 0.99, 'candidates': ['Diablo']}","{'value': 'Freud Inc', 'score': 100.0, 'match': 'Freud Inc'}","{'raw': {'diameter': None, 'thickness': None, 'arbor': None, 'product_type': None, 'pack_quantity': None}, 'normalized': {'diameter': None, 'thickness': None, 'arbor': None, 'product_type': None, 'pack_quantity': None}, 'confidence': {}, 'evidence': [], 'status': 'accepted'}",0
DT2535B,"DT2535B 3-1/4"" #25 Torx Drive - Bit",accepted,"{'mpn': 'DT2535B', 'manufacturer': 'Freud Inc (2435)', 'manufacturer_candidate': 'Freud Inc', 'brand_candidate': 'Diablo', 'identity_query': 'DT2535B Freud Inc Diablo', 'brands': ['Diablo'], 'description': 'DT2535B 3-1/4"" #25 Torx Drive - Bit'}","{'brand': 'Diablo', 'source': 'structured_field', 'confidence': 0.99, 'candidates': ['Diablo']}","{'value': 'Freud Inc', 'score': 100.0, 'match': 'Freud Inc'}","{'raw': {'diameter': None, 'thickness': None, 'arbor': None, 'product_type': None, 'pack_quantity': None}, 'normalized': {'diameter': None, 'thickness': None, 'arbor': None, 'product_type': None, 'pack_quantity': None}, 'confidence': {}, 'evidence': [], 'status': 'accepted'}",0
DT256B,"DT256B 6"" #25 Torx Drive Bit",accepted,"{'mpn': 'DT256B', 'manufacturer': 'Freud Inc (2435)', 'manufacturer_candidate': 'Freud Inc', 'brand_candidate': 'Diablo', 'identity_query': 'DT256B Freud Inc Diablo', 'brands': ['Diablo'], 'description': 'DT256B 6"" #25 Torx Drive Bit'}","{'brand': 'Diablo', 'source': 'structured_field', 'confidence': 0.99, 'candidates': ['Diablo']}","{'value': 'Freud Inc', 'score': 100.0, 'match': 'Freud Inc'}","{'raw': {'diameter': None, 'thickness': None, 'arbor': None, 'product_type': None, 'pack_quantity': None}, 'normalized': {'diameter': None, 'thickness': None, 'arbor': None, 'product_type': None, 'pack_quantity': None}, 'confidence': {}, 'evidence': [], 'status': 'accepted'}",0
DT302B,"DT302B 2"" #30 Torx Drive Bit",accepted,"{'mpn': 'DT302B', 'manufacturer': 'Freud Inc (2435)', 'manufacturer_candidate': 'Freud Inc', 'brand_candidate': 'Diablo', 'identity_query': 'DT302B Freud Inc Diablo', 'brands': ['Diablo'], 'description': 'DT302B 2"" #30 Torx Drive Bit'}","{'brand': 'Diablo', 'source': 'structured_field', 'confidence': 0.99, 'candidates': ['Diablo']}","{'value': 'Freud Inc', 'score': 100.0, 'match': 'Freud Inc'}","{'raw': {'diameter': None, 'thickness': None, 'arbor': None, 'product_type': None, 'pack_quantity': None}, 'normalized': {'diameter': None, 'thickness': None, 'arbor': None, 'product_type': None, 'pack_quantity': None}, 'confidence': {}, 'evidence': [], 'status': 'accepted'}",0
DT402B,"DT402B 2"" #40 Torx Drive Bit",accepted,"{'mpn': 'DT402B', 'manufacturer': 'Freud Inc (2435)', 'manufacturer_candidate': 'Freud Inc', 'brand_candidate': 'Diablo', 'identity_query': 'DT402B Freud Inc Diablo', 'brands': ['Diablo'], 'description': 'DT402B 2"" #40 Torx Drive Bit'}","{'brand': 'Diablo', 'source': 'structured_field', 'confidence': 0.99, 'candidates': ['Diablo']}","{'value': 'Freud Inc', 'score': 100.0, 'match': 'Freud Inc'}","{'raw': {'diameter': None, 'thickness': None, 'arbor': None, 'product_type': None, 'pack_quantity': None}, 'normalized': {'diameter': None, 'thickness': None, 'arbor': None, 'product_type': None, 'pack_quantity': None}, 'confidence': {}, 'evidence': [], 'status': 'accepted'}",0
DDWSSB,DDWSSB #2 Drywall Screw Setter,accepted,"{'mpn': 'DDWSSB', 'manufacturer': 'Freud Inc (2435)', 'manufacturer_candidate': 'Freud Inc', 'brand_candidate': 'Diablo', 'identity_query': 'DDWSSB Freud Inc Diablo', 'brands': ['Diablo'], 'description': 'DDWSSB #2 Drywall Screw Setter'}","{'brand': 'Diablo', 'source': 'structured_field', 'confidence': 0.99, 'candidates': ['Diablo']}","{'value': 'Freud Inc', 'score': 100.0, 'match': 'Freud Inc'}","{'raw': {'diameter': None, 'thickness': None, 'arbor': None, 'product_type': None, 'pack_quantity': None}, 'normalized': {'diameter': None, 'thickness': None, 'arbor': None, 'product_type': None, 'pack_quantity': None}, 'confidence': {}, 'evidence': [], 'status': 'accepted'}",0
191V02-0,191V02-0 Makita #2 Phillips Bit 5pk,accepted,"{'mpn': '191V02-0', 'manufacturer': 'Makita Usa Inc (5142)', 'manufacturer_candidate': 'Makita Usa Inc', 'brand_candidate': None, 'identity_query': '191V02-0 Makita Usa Inc', 'brands': [], 'description': '191V02-0 Makita #2 Phillips Bit 5pk'}","{'brand': None, 'source': None, 'confidence': 0.0, 'candidates': []}","{'value': 'Makita Usa Inc', 'score': 100.0, 'match': 'Makita Usa Inc'}","{'raw': {'diameter': None, 'thickness': None, 'arbor': None, 'product_type': None, 'pack_quantity': None}, 'normalized': {'diameter': None, 'thickness': None, 'arbor': None, 'product_type': None, 'pack_quantity': None}, 'confidence': {}, 'evidence': [], 'status': 'accepted'}",0
XTS02Z,"XTS02Z Makita 18V 1/4"" Narrow Crown Stapler 18GA",accepted,"{'mpn': 'XTS02Z', 'manufacturer': 'Makita Usa Inc (5142)', 'manufacturer_candidate': 'Makita Usa Inc', 'brand_candidate': None, 'identity_query': 'XTS02Z Makita Usa Inc', 'brands': [], 'description': 'XTS02Z Makita 18V 1/4"" Narrow Crown Stapler 18GA'}","{'brand': None, 'source': None, 'confidence': 0.0, 'candidates': []}","{'value': 'Makita Usa Inc', 'score': 100.0, 'match': 'Makita Usa Inc'}","{'raw': {'diameter': None, 'thickness': None, 'arbor': None, 'product_type': None, 'pack_quantity': None}, 'normalized': {'diameter': None, 'thickness': None, 'arbor': None, 'product_type': None, 'pack_quantity': None}, 'confidence': {}, 'evidence': [], 'status': 'accepted'}",0
DCF809D1,"DCF809D1 Dewalt Atomic 20V 1/4"" Impact Driver Kit",accepted,"{'mpn': 'DCF809D1', 'manufacturer': 'Black & Decker/dewlt (2585)', 'manufacturer_candidate': 'Black & Decker/dewlt', 'brand_candidate': 'DEWALT', 'identity_query': 'DCF809D1 Black & Decker/dewlt DEWALT', 'brands': ['DEWALT'], 'description': 'DCF809D1 Dewalt Atomic 20V 1/4"" Impact Driver Kit'}","{'brand': 'DEWALT', 'source': 'structured_field', 'confidence': 0.99, 'candidates': ['DEWALT']}","{'value': 'Black & Decker/dewlt', 'score': 100.0, 'match': 'Black & Decker/dewlt'}","{'raw': {'diameter': None, 'thickness': None, 'arbor': None, 'product_type': None, 'pack_quantity': None}, 'normalized': {'diameter': None, 'thickness': None, 'arbor': None, 'product_type': None, 'pack_quantity': None}, 'confidence': {}, 'evidence': [], 'status': 'accepted'}",0
2761-20,"2761-20 Milw M18 1/4"" Hex Hydraulic Driver",accepted,"{'mpn': '2761-20', 'manufacturer': 'Milwaukee Accessory (4031)', 'manufacturer_candidate': 'Milwaukee Accessory', 'brand_candidate': None, 'identity_query': '2761-20 Milwaukee Accessory', 'brands': [], 'description': '2761-20 Milw M18 1/4"" Hex Hydraulic Driver'}","{'brand': None, 'source': None, 'confidence': 0.0, 'candidates': []}","{'value': 'Milwaukee Accessory', 'score': 100.0, 'match': 'Milwaukee Accessory'}","{'raw': {'diameter': None, 'thickness': None, 'arbor': None, 'product_type': None, 'pack_quantity': None}, 'normalized': {'diameter': None, 'thickness': None, 'arbor': None, 'product_type': None, 'pack_quantity': None}, 'confidence': {}, 'evidence': [], 'status': 'accepted'}",0
2761-22,2761-22 Milw M18 Surge Kit,accepted,"{'mpn': '2761-22', 'manufacturer': 'Milwaukee Accessory (4031)', 'manufacturer_candidate': 'Milwaukee Accessory', 'brand_candidate': None, 'identity_query': '2761-22 Milwaukee Accessory', 'brands': [], 'description': '2761-22 Milw M18 Surge Kit'}","{'brand': None, 'source': None, 'confidence': 0.0, 'candidates': []}","{'value': 'Milwaukee Accessory', 'score': 100.0, 'match': 'Milwaukee Accessory'}","{'raw': {'diameter': None, 'thickness': None, 'arbor': None, 'product_type': None, 'pack_quantity': None}, 'normalized': {'diameter': None, 'thickness': None, 'arbor': None, 'product_type': None, 'pack_quantity': None}, 'confidence': {}, 'evidence': [], 'status': 'accepted'}",0
3450-20,3450-20 Milw M12 Impact Driver - Brushless Compact (Bare),accepted,"{'mpn': '3450-20', 'manufacturer': 'Milwaukee Accessory (4031)', 'manufacturer_candidate': 'Milwaukee Accessory', 'brand_candidate': None, 'identity_query': '3450-20 Milwaukee Accessory', 'brands': [], 'description': '3450-20 Milw M12 Impact Driver - Brushless Compact (Bare)'}","{'brand': None, 'source': None, 'confidence': 0.0, 'candidates': []}","{'value': 'Milwaukee Accessory', 'score': 100.0, 'match': 'Milwaukee Accessory'}","{'raw': {'diameter': None, 'thickness': None, 'arbor': None, 'product_type': None, 'pack_quantity': None}, 'normalized': {'diameter': None, 'thickness': None, 'arbor': None, 'product_type': None, 'pack_quantity': None}, 'confidence': {}, 'evidence': [], 'status': 'accepted'}",0
KPTDV025A,KPTDV025A Kreg 20V Ionic Compact Impact Driver,accepted,"{'mpn': 'KPTDV025A', 'manufacturer': 'Kreg Tool Company (KRETO)', 'manufacturer_candidate': 'Kreg Tool Company', 'brand_candidate': None, 'identity_query': 'KPTDV025A Kreg Tool Company', 'brands': [], 'description': 'KPTDV025A Kreg 20V Ionic Compact Impact Driver'}","{'brand': None, 'source': None, 'confidence': 0.0, 'candidates': []}","{'value': 'Kreg Tool Company', 'score': 100.0, 'match': 'Kreg Tool Company'}","{'raw': {'diameter': None, 'thickness': None, 'arbor': None, 'product_type': None, 'pack_quantity': None}, 'normalized': {'diameter': None, 'thickness': None, 'arbor': None, 'product_type': None, 'pack_quantity': None}, 'confidence': {}, 'evidence': [], 'status': 'accepted'}",0
3048-20,"3048-20 Milw M12 1/4"" Impact Wrench w/Friction Ring",accepted,"{'mpn': '3048-20', 'manufacturer': 'Milwaukee Accessory (4031)', 'manufacturer_candidate': 'Milwaukee Accessory', 'brand_candidate': None, 'identity_query': '3048-20 Milwaukee Accessory', 'brands': [], 'description': '3048-20 Milw M12 1/4"" Impact Wrench w/Friction Ring'}","{'brand': None, 'source': None, 'confidence': 0.0, 'candidates': []}","{'value': 'Milwaukee Accessory', 'score': 100.0, 'match': 'Milwaukee Accessory'}","{'raw': {'diameter': None, 'thickness': None, 'arbor': None, 'product_type': None, 'pack_quantity': None}, 'normalized': {'diameter': None, 'thickness': None, 'arbor': None, 'product_type': None, 'pack_quantity': None}, 'confidence': {}, 'evidence': [], 'status': 'accepted'}",0
3049-20,"3049-20 Milw M12 3/8"" Impact Wrench w/Friction Ring",accepted,"{'mpn': '3049-20', 'manufacturer': 'Milwaukee Accessory (4031)', 'manufacturer_candidate': 'Milwaukee Accessory', 'brand_candidate': None, 'identity_query': '3049-20 Milwaukee Accessory', 'brands': [], 'description': '3049-20 Milw M12 3/8"" Impact Wrench w/Friction Ring'}","{'brand': None, 'source': None, 'confidence': 0.0, 'candidates': []}","{'value': 'Milwaukee Accessory', 'score': 100.0, 'match': 'Milwaukee Accessory'}","{'raw': {'diameter': None, 'thickness': None, 'arbor': None, 'product_type': None, 'pack_quantity': None}, 'normalized': {'diameter': None, 'thickness': None, 'arbor': None, 'product_type': None, 'pack_quantity': None}, 'confidence': {}, 'evidence': [], 'status': 'accepted'}",0
2563-20,"2563-20 Milw M12 Stubby 1/2"" Impact Wrench",accepted,"{'mpn': '2563-20', 'manufacturer': 'Milwaukee Accessory (4031)', 'manufacturer_candidate': 'Milwaukee Accessory', 'brand_candidate': None, 'identity_query': '2563-20 Milwaukee Accessory', 'brands': [], 'description': '2563-20 Milw M12 Stubby 1/2"" Impact Wrench'}","{'brand': None, 'source': None, 'confidence': 0.0, 'candidates': []}","{'value': 'Milwaukee Accessory', 'score': 100.0, 'match': 'Milwaukee Accessory'}","{'raw': {'diameter': None, 'thickness': None, 'arbor': None, 'product_type': None, 'pack_quantity': None}, 'normalized': {'diameter': None, 'thickness': None, 'arbor': None, 'product_type': None, 'pack_quantity': None}, 'confidence': {}, 'evidence': [], 'status': 'accepted'}",0
DCF961B,"Dewalt DCF961B 20V 1/2"" Impact - Bare Tool",accepted,"{'mpn': 'DCF961B', 'manufacturer': 'Black & Decker/dewlt (2585)', 'manufacturer_candidate': 'Black & Decker/dewlt', 'brand_candidate': 'DEWALT', 'identity_query': 'DCF961B Black & Decker/dewlt DEWALT', 'brands': ['DEWALT'], 'description': 'Dewalt DCF961B 20V 1/2"" Impact - Bare Tool'}","{'brand': 'DEWALT', 'source': 'structured_field', 'confidence': 0.99, 'candidates': ['DEWALT']}","{'value': 'Black & Decker/dewlt', 'score': 100.0, 'match': 'Black & Decker/dewlt'}","{'raw': {'diameter': None, 'thickness': None, 'arbor': None, 'product_type': None, 'pack_quantity': None}, 'normalized': {'diameter': None, 'thickness': None, 'arbor': None, 'product_type': None, 'pack_quantity': None}, 'confidence': {}, 'evidence': [], 'status': 'accepted'}",0
DCF964B,"DCF964B Dewalt 20V 3/4"" Impact - Wrench (Bare)",accepted,"{'mpn': 'DCF964B', 'manufacturer': 'Black & Decker/dewlt (2585)', 'manufacturer_candidate': 'Black & Decker/dewlt', 'brand_candidate': 'DEWALT', 'identity_query': 'DCF964B Black & Decker/dewlt DEWALT', 'brands': ['DEWALT'], 'description': 'DCF964B Dewalt 20V 3/4"" Impact - Wrench (Bare)'}","{'brand': 'DEWALT', 'source': 'structured_field', 'confidence': 0.99, 'candidates': ['DEWALT']}","{'value': 'Black & Decker/dewlt', 'score': 100.0, 'match': 'Black & Decker/dewlt'}","{'raw': {'diameter': None, 'thickness': None, 'arbor': None, 'product_type': None, 'pack_quantity': None}, 'normalized': {'diameter': None, 'thickness': None, 'arbor': None, 'product_type': None, 'pack_quantity': None}, 'confidence': {}, 'evidence': [], 'status': 'accepted'}",0
2563P-20,"2563P-20 Milw M12 1/2"" Stubby - Impact Wrench w/Pin Detent",accepted,"{'mpn': '2563P-20', 'manufacturer': 'Milwaukee Accessory (4031)', 'manufacturer_candidate': 'Milwaukee Accessory', 'brand_candidate': None, 'identity_query': '2563P-20 Milwaukee Accessory', 'brands': [], 'description': '2563P-20 Milw M12 1/2"" Stubby - Impact Wrench w/Pin Detent'}","{'brand': None, 'source': None, 'confidence': 0.0, 'candidates': []}","{'value': 'Milwaukee Accessory', 'score': 100.0, 'match': 'Milwaukee Accessory'}","{'raw': {'diameter': None, 'thickness': None, 'arbor': None, 'product_type': None, 'pack_quantity': None}, 'normalized': {'diameter': None, 'thickness': None, 'arbor': None, 'product_type': None, 'pack_quantity': None}, 'confidence': {}, 'evidence': [], 'status': 'accepted'}",0
DCF921P2,DCF921P2 Dewalt 20V 1/2 Impact,accepted,"{'mpn': 'DCF921P2', 'manufacturer': 'Black & Decker/dewlt (2585)', 'manufacturer_candidate': 'Black & Decker/dewlt', 'brand_candidate': None, 'identity_query': 'DCF921P2 Black & Decker/dewlt', 'brands': [], 'description': 'DCF921P2 Dewalt 20V 1/2 Impact'}","{'brand': 'DEWALT', 'source': 'description', 'confidence': 0.85, 'candidates': ['DEWALT']}","{'value': 'Black & Decker/dewlt', 'score': 100.0, 'match': 'Black & Decker/dewlt'}","{'raw': {'diameter': None, 'thickness': None, 'arbor': None, 'product_type': None, 'pack_quantity': None}, 'normalized': {'diameter': None, 'thickness': None, 'arbor': None, 'product_type': None, 'pack_quantity': None}, 'confidence': {}, 'evidence': [], 'status': 'accepted'}",0
XLT03Z,"XLT03Z Makita 3/8"" 18V Angle Impact",accepted,"{'mpn': 'XLT03Z', 'manufacturer': 'Makita Usa Inc (5142)', 'manufacturer_candidate': 'Makita Usa Inc', 'brand_candidate': None, 'identity_query': 'XLT03Z Makita Usa Inc', 'brands': [], 'description': 'XLT03Z Makita 3/8"" 18V Angle Impact'}","{'brand': None, 'source': None, 'confidence': 0.0, 'candidates': []}","{'value': 'Makita Usa Inc', 'score': 100.0, 'match': 'Makita Usa Inc'}","{'raw': {'diameter': None, 'thickness': None, 'arbor': None, 'product_type': None, 'pack_quantity': None}, 'normalized': {'diameter': None, 'thickness': None, 'arbor': None, 'product_type': None, 'pack_quantity': None}, 'confidence': {}, 'evidence': [], 'status': 'accepted'}",0
XLT04Z,"XLT04Z Makita 1/4"" 18V Angle Impact",accepted,"{'mpn': 'XLT04Z', 'manufacturer': 'Makita Usa Inc (5142)', 'manufacturer_candidate': 'Makita Usa Inc', 'brand_candidate': None, 'identity_query': 'XLT04Z Makita Usa Inc', 'brands': [], 'description': 'XLT04Z Makita 1/4"" 18V Angle Impact'}","{'brand': None, 'source': None, 'confidence': 0.0, 'candidates': []}","{'value': 'Makita Usa Inc', 'score': 100.0, 'match': 'Makita Usa Inc'}","{'raw': {'diameter': None, 'thickness': None, 'arbor': None, 'product_type': None, 'pack_quantity': None}, 'normalized': {'diameter': None, 'thickness': None, 'arbor': None, 'product_type': None, 'pack_quantity': None}, 'confidence': {}, 'evidence': [], 'status': 'accepted'}",0
XLT05Z,"XLT05Z Makita 1/2"" 18V Angle Impact",accepted,"{'mpn': 'XLT05Z', 'manufacturer': 'Makita Usa Inc (5142)', 'manufacturer_candidate': 'Makita Usa Inc', 'brand_candidate': None, 'identity_query': 'XLT05Z Makita Usa Inc', 'brands': [], 'description': 'XLT05Z Makita 1/2"" 18V Angle Impact'}","{'brand': None, 'source': None, 'confidence': 0.0, 'candidates': []}","{'value': 'Makita Usa Inc', 'score': 100.0, 'match': 'Makita Usa Inc'}","{'raw': {'diameter': None, 'thickness': None, 'arbor': None, 'product_type': None, 'pack_quantity': None}, 'normalized': {'diameter': None, 'thickness': None, 'arbor': None, 'product_type': None, 'pack_quantity': None}, 'confidence': {}, 'evidence': [], 'status': 'accepted'}",0
DCF510B,Dewalt DCF510B 20V Rachet - Interchangeable Anvil,accepted,"{'mpn': 'DCF510B', 'manufacturer': 'Black & Decker/dewlt (2585)', 'manufacturer_candidate': 'Black & Decker/dewlt', 'brand_candidate': 'DEWALT', 'identity_query': 'DCF510B Black & Decker/dewlt DEWALT', 'brands': ['DEWALT'], 'description': 'Dewalt DCF510B 20V Rachet - Interchangeable Anvil'}","{'brand': 'DEWALT', 'source': 'structured_field', 'confidence': 0.99, 'candidates': ['DEWALT']}","{'value': 'Black & Decker/dewlt', 'score': 100.0, 'match': 'Black & Decker/dewlt'}","{'raw': {'diameter': None, 'thickness': None, 'arbor': None, 'product_type': None, 'pack_quantity': None}, 'normalized': {'diameter': None, 'thickness': None, 'arbor': None, 'product_type': None, 'pack_quantity': None}, 'confidence': {}, 'evidence': [], 'status': 'accepted'}",0
3052-20,"3052-20 Milw M12 Fuel 1/4"" Rachet",accepted,"{'mpn': '3052-20', 'manufacturer': 'Milwaukee Accessory (4031)', 'manufacturer_candidate': 'Milwaukee Accessory', 'brand_candidate': None, 'identity_query': '3052-20 Milwaukee Accessory', 'brands': [], 'description': '3052-20 Milw M12 Fuel 1/4"" Rachet'}","{'brand': None, 'source': None, 'confidence': 0.0, 'candidates': []}","{'value': 'Milwaukee Accessory', 'score': 100.0, 'match': 'Milwaukee Accessory'}","{'raw': {'diameter': None, 'thickness': None, 'arbor': None, 'product_type': None, 'pack_quantity': None}, 'normalized': {'diameter': None, 'thickness': None, 'arbor': None, 'product_type': None, 'pack_quantity': None}, 'confidence': {}, 'evidence': [], 'status': 'accepted'}",0
3054-20,"3054-20 Milw M12 1/2"" Ratchet (Bare)",accepted,"{'mpn': '3054-20', 'manufacturer': 'Milwaukee Accessory (4031)', 'manufacturer_candidate': 'Milwaukee Accessory', 'brand_candidate': None, 'identity_query': '3054-20 Milwaukee Accessory', 'brands': [], 'description': '3054-20 Milw M12 1/2"" Ratchet (Bare)'}","{'brand': None, 'source': None, 'confidence': 0.0, 'candidates': []}","{'value': 'Milwaukee Accessory', 'score': 100.0, 'match': 'Milwaukee Accessory'}","{'raw': {'diameter': None, 'thickness': None, 'arbor': None, 'product_type': None, 'pack_quantity': None}, 'normalized': {'diameter': None, 'thickness': None, 'arbor': None, 'product_type': None, 'pack_quantity': None}, 'confidence': {}, 'evidence': [], 'status': 'accepted'}",0
DCF513EB,"DCF513EB Dewalt 3/8"" Open Head Rachet",accepted,"{'mpn': 'DCF513EB', 'manufacturer': 'Black & Decker/dewlt (2585)', 'manufacturer_candidate': 'Black & Decker/dewlt', 'brand_candidate': None, 'identity_query': 'DCF513EB Black & Decker/dewlt', 'brands': [], 'description': 'DCF513EB Dewalt 3/8"" Open Head Rachet'}","{'brand': 'DEWALT', 'source': 'description', 'confidence': 0.85, 'candidates': ['DEWALT']}","{'value': 'Black & Decker/dewlt', 'score': 100.0, 'match': 'Black & Decker/dewlt'}","{'raw': {'diameter': None, 'thickness': None, 'arbor': None, 'product_type': None, 'pack_quantity': None}, 'normalized': {'diameter': None, 'thickness': None, 'arbor': None, 'product_type': None, 'pack_quantity': None}, 'confidence': {}, 'evidence': [], 'status': 'accepted'}",0
XVP01Z,"XVP01Z Makita 18V 3"" Polisher/ 2"" Sander",accepted,"{'mpn': 'XVP01Z', 'manufacturer': 'Makita Usa Inc (5142)', 'manufacturer_candidate': 'Makita Usa Inc', 'brand_candidate': None, 'identity_query': 'XVP01Z Makita Usa Inc', 'brands': [], 'description': 'XVP01Z Makita 18V 3"" Polisher/ 2"" Sander'}","{'brand': None, 'source': None, 'confidence': 0.0, 'candidates': []}","{'value': 'Makita Usa Inc', 'score': 100.0, 'match': 'Makita Usa Inc'}","{'raw': {'diameter': None, 'thickness': None, 'arbor': None, 'product_type': None, 'pack_quantity': None}, 'normalized': {'diameter': None, 'thickness': None, 'arbor': None, 'product_type': None, 'pack_quantity': None}, 'confidence': {}, 'evidence': [], 'status': 'accepted'}",0
DCM200B,DCM200B Dewalt 1/2in x 18in - Band File,accepted,"{'mpn': 'DCM200B', 'manufacturer': 'Black & Decker/dewlt (2585)', 'manufacturer_candidate': 'Black & Decker/dewlt', 'brand_candidate': 'DEWALT', 'identity_query': 'DCM200B Black & Decker/dewlt DEWALT', 'brands': ['DEWALT'], 'description': 'DCM200B Dewalt 1/2in x 18in - Band File'}","{'brand': 'DEWALT', 'source': 'structured_field', 'confidence': 0.99, 'candidates': ['DEWALT']}","{'value': 'Black & Decker/dewlt', 'score': 100.0, 'match': 'Black & Decker/dewlt'}","{'raw': {'diameter': None, 'thickness': None, 'arbor': None, 'product_type': None, 'pack_quantity': None}, 'normalized': {'diameter': None, 'thickness': None, 'arbor': None, 'product_type': None, 'pack_quantity': None}, 'confidence': {}, 'evidence': [], 'status': 'accepted'}",0
DCG410B,"DCG410B Dewalt 20V 4-1/2""-5"" - Angle Grinder (Bare)",accepted,"{'mpn': 'DCG410B', 'manufacturer': 'Black & Decker/dewlt (2585)', 'manufacturer_candidate': 'Black & Decker/dewlt', 'brand_candidate': 'DEWALT', 'identity_query': 'DCG410B Black & Decker/dewlt DEWALT', 'brands': ['DEWALT'], 'description': 'DCG410B Dewalt 20V 4-1/2""-5"" - Angle Grinder (Bare)'}","{'brand': 'DEWALT', 'source': 'structured_field', 'confidence': 0.99, 'candidates': ['DEWALT']}","{'value': 'Black & Decker/dewlt', 'score': 100.0, 'match': 'Black & Decker/dewlt'}","{'raw': {'diameter': None, 'thickness': None, 'arbor': None, 'product_type': None, 'pack_quantity': None}, 'normalized': {'diameter': None, 'thickness': None, 'arbor': None, 'product_type': None, 'pack_quantity': None}, 'confidence': {}, 'evidence': [], 'status': 'accepted'}",0
DCG460B,"DCG460B Dewalt 60V Grinder - 7-9""",accepted,"{'mpn': 'DCG460B', 'manufacturer': 'Black & Decker/dewlt (2585)', 'manufacturer_candidate': 'Black & Decker/dewlt', 'brand_candidate': 'DEWALT', 'identity_query': 'DCG460B Black & Decker/dewlt DEWALT', 'brands': ['DEWALT'], 'description': 'DCG460B Dewalt 60V Grinder - 7-9""'}","{'brand': 'DEWALT', 'source': 'structured_field', 'confidence': 0.99, 'candidates': ['DEWALT']}","{'value': 'Black & Decker/dewlt', 'score': 100.0, 'match': 'Black & Decker/dewlt'}","{'raw': {'diameter': None, 'thickness': None, 'arbor': None, 'product_type': None, 'pack_quantity': None}, 'normalized': {'diameter': None, 'thickness': None, 'arbor': None, 'product_type': None, 'pack_quantity': None}, 'confidence': {}, 'evidence': [], 'status': 'accepted'}",0
DCG402B,"DCG402B Dewalt 20V 4.5"" Angle Grinder (Bare)",accepted,"{'mpn': 'DCG402B', 'manufacturer': 'Black & Decker/dewlt (2585)', 'manufacturer_candidate': 'Black & Decker/dewlt', 'brand_candidate': None, 'identity_query': 'DCG402B Black & Decker/dewlt', 'brands': [], 'description': 'DCG402B Dewalt 20V 4.5"" Angle Grinder (Bare)'}","{'brand': 'DEWALT', 'source': 'description', 'confidence': 0.85, 'candidates': ['DEWALT']}","{'value': 'Black & Decker/dewlt', 'score': 100.0, 'match': 'Black & Decker/dewlt'}","{'raw': {'diameter': None, 'thickness': None, 'arbor': None, 'product_type': None, 'pack_quantity': None}, 'normalized': {'diameter': None, 'thickness': None, 'arbor': None, 'product_type': None, 'pack_quantity': None}, 'confidence': {}, 'evidence': [], 'status': 'accepted'}",0
3485-20,"3485-20 Milw M12 1/4"" Right Angle Die Grinder",accepted,"{'mpn': '3485-20', 'manufacturer': 'Milwaukee Accessory (4031)', 'manufacturer_candidate': 'Milwaukee Accessory', 'brand_candidate': None, 'identity_query': '3485-20 Milwaukee Accessory', 'brands': [], 'description': '3485-20 Milw M12 1/4"" Right Angle Die Grinder'}","{'brand': None, 'source': None, 'confidence': 0.0, 'candidates': []}","{'value': 'Milwaukee Accessory', 'score': 100.0, 'match': 'Milwaukee Accessory'}","{'raw': {'diameter': None, 'thickness': None, 'arbor': None, 'product_type': None, 'pack_quantity': None}, 'normalized': {'diameter': None, 'thickness': None, 'arbor': None, 'product_type': None, 'pack_quantity': None}, 'confidence': {}, 'evidence': [], 'status': 'accepted'}",0
DCG420B,DCG420B Dewalt 20V Die Grinder (Bare),accepted,"{'mpn': 'DCG420B', 'manufacturer': 'Black & Decker/dewlt (2585)', 'manufacturer_candidate': 'Black & Decker/dewlt', 'brand_candidate': None, 'identity_query': 'DCG420B Black & Decker/dewlt', 'brands': [], 'description': 'DCG420B Dewalt 20V Die Grinder (Bare)'}","{'brand': 'DEWALT', 'source': 'description', 'confidence': 0.85, 'candidates': ['DEWALT']}","{'value': 'Black & Decker/dewlt', 'score': 100.0, 'match': 'Black & Decker/dewlt'}","{'raw': {'diameter': None, 'thickness': None, 'arbor': None, 'product_type': None, 'pack_quantity': None}, 'normalized': {'diameter': None, 'thickness': None, 'arbor': None, 'product_type': None, 'pack_quantity': None}, 'confidence': {}, 'evidence': [], 'status': 'accepted'}",0
DCG422B,DCG422B Dewalt 20V Right Angle Die Grinder (Bare),accepted,"{'mpn': 'DCG422B', 'manufacturer': 'Black & Decker/dewlt (2585)', 'manufacturer_candidate': 'Black & Decker/dewlt', 'brand_candidate': None, 'identity_query': 'DCG422B Black & Decker/dewlt', 'brands': [], 'description': 'DCG422B Dewalt 20V Right Angle Die Grinder (Bare)'}","{'brand': 'DEWALT', 'source': 'description', 'confidence': 0.85, 'candidates': ['DEWALT']}","{'value': 'Black & Decker/dewlt', 'score': 100.0, 'match': 'Black & Decker/dewlt'}","{'raw': {'diameter': None, 'thickness': None, 'arbor': None, 'product_type': None, 'pack_quantity': None}, 'normalized': {'diameter': None, 'thickness': None, 'arbor': None, 'product_type': None, 'pack_quantity': None}, 'confidence': {}, 'evidence': [], 'status': 'accepted'}",0
924422,924422 Mafell Carpentry - Planing Machine ZH 320 Ec 120V,accepted,"{'mpn': '924422', 'manufacturer': '-', 'manufacturer_candidate': '-', 'brand_candidate': None, 'identity_query': '924422 -', 'brands': [], 'description': '924422 Mafell Carpentry - Planing Machine ZH 320 Ec 120V'}","{'brand': None, 'source': None, 'confidence': 0.0, 'candidates': []}","{'value': 'First Alert - B R K Brands', 'score': 100.0, 'match': 'First Alert - B R K Brands'}","{'raw': {'diameter': None, 'thickness': None, 'arbor': None, 'product_type': None, 'pack_quantity': None}, 'normalized': {'diameter': None, 'thickness': None, 'arbor': None, 'product_type': None, 'pack_quantity': None}, 'confidence': {}, 'evidence': [], 'status': 'accepted'}",0
DCW620B,DCW620B Dewalt 20V Plunge - Router,accepted,"{'mpn': 'DCW620B', 'manufacturer': 'Black & Decker/dewlt (2585)', 'manufacturer_candidate': 'Black & Decker/dewlt', 'brand_candidate': None, 'identity_query': 'DCW620B Black & Decker/dewlt', 'brands': [], 'description': 'DCW620B Dewalt 20V Plunge - Router'}","{'brand': 'DEWALT', 'source': 'description', 'confidence': 0.85, 'candidates': ['DEWALT']}","{'value': 'Black & Decker/dewlt', 'score': 100.0, 'match': 'Black & Decker/dewlt'}","{'raw': {'diameter': None, 'thickness': None, 'arbor': None, 'product_type': None, 'pack_quantity': None}, 'normalized': {'diameter': None, 'thickness': None, 'arbor': None, 'product_type': None, 'pack_quantity': None}, 'confidence': {}, 'evidence': [], 'status': 'accepted'}",0
2535-20,"2535-20 Milw 3"" Orbit Sander - M12",accepted,"{'mpn': '2535-20', 'manufacturer': 'Milwaukee Accessory (4031)', 'manufacturer_candidate': 'Milwaukee Accessory', 'brand_candidate': None, 'identity_query': '2535-20 Milwaukee Accessory', 'brands': [], 'description': '2535-20 Milw 3"" Orbit Sander - M12'}","{'brand': None, 'source': None, 'confidence': 0.0, 'candidates': []}","{'value': 'Milwaukee Accessory', 'score': 100.0, 'match': 'Milwaukee Accessory'}","{'raw': {'diameter': None, 'thickness': None, 'arbor': None, 'product_type': None, 'pack_quantity': None}, 'normalized': {'diameter': None, 'thickness': None, 'arbor': None, 'product_type': None, 'pack_quantity': None}, 'confidence': {}, 'evidence': [], 'status': 'accepted'}",0
2837-20,"2837-20 Milw M18 5"" Sander - Orbital (Bare)",accepted,"{'mpn': '2837-20', 'manufacturer': 'Milwaukee Accessory (4031)', 'manufacturer_candidate': 'Milwaukee Accessory', 'brand_candidate': 'Milwaukee', 'identity_query': '2837-20 Milwaukee Accessory Milwaukee', 'brands': ['Milwaukee'], 'description': '2837-20 Milw M18 5"" Sander - Orbital (Bare)'}","{'brand': 'Milwaukee', 'source': 'structured_field', 'confidence': 0.99, 'candidates': ['Milwaukee']}","{'value': 'Milwaukee Accessory', 'score': 100.0, 'match': 'Milwaukee Accessory'}","{'raw': {'diameter': None, 'thickness': None, 'arbor': None, 'product_type': None, 'pack_quantity': None}, 'normalized': {'diameter': None, 'thickness': None, 'arbor': None, 'product_type': None, 'pack_quantity': None}, 'confidence': {}, 'evidence': [], 'status': 'accepted'}",0
577728,577728 Festool Cordless Sander - ETSC 2 150 I-Plus,accepted,"{'mpn': '577728', 'manufacturer': 'Festool USA (FESTO)', 'manufacturer_candidate': 'Festool USA', 'brand_candidate': None, 'identity_query': '577728 Festool USA', 'brands': [], 'description': '577728 Festool Cordless Sander - ETSC 2 150 I-Plus'}","{'brand': None, 'source': None, 'confidence': 0.0, 'candidates': []}","{'value': 'Festool USA', 'score': 100.0, 'match': 'Festool USA'}","{'raw': {'diameter': None, 'thickness': None, 'arbor': None, 'product_type': None, 'pack_quantity': None}, 'normalized': {'diameter': None, 'thickness': None, 'arbor': None, 'product_type': None, 'pack_quantity': None}, 'confidence': {}, 'evidence': [], 'status': 'accepted'}",0
577738,577738 Festool Cordless Sander - ETSC 2 125 I-Plus,accepted,"{'mpn': '577738', 'manufacturer': 'Festool USA (FESTO)', 'manufacturer_candidate': 'Festool USA', 'brand_candidate': None, 'identity_query': '577738 Festool USA', 'brands': [], 'description': '577738 Festool Cordless Sander - ETSC 2 125 I-Plus'}","{'brand': None, 'source': None, 'confidence': 0.0, 'candidates': []}","{'value': 'Festool USA', 'score': 100.0, 'match': 'Festool USA'}","{'raw': {'diameter': None, 'thickness': None, 'arbor': None, 'product_type': None, 'pack_quantity': None}, 'normalized': {'diameter': None, 'thickness': None, 'arbor': None, 'product_type': None, 'pack_quantity': None}, 'confidence': {}, 'evidence': [], 'status': 'accepted'}",0
KPTRS500A,"KPTRS500A Kreg 20V Ionic 5"" Random Orbit Sander",accepted,"{'mpn': 'KPTRS500A', 'manufacturer': 'Kreg Tool Company (KRETO)', 'manufacturer_candidate': 'Kreg Tool Company', 'brand_candidate': None, 'identity_query': 'KPTRS500A Kreg Tool Company', 'brands': [], 'description': 'KPTRS500A Kreg 20V Ionic 5"" Random Orbit Sander'}","{'brand': None, 'source': None, 'confidence': 0.0, 'candidates': []}","{'value': 'Kreg Tool Company', 'score': 100.0, 'match': 'Kreg Tool Company'}","{'raw': {'diameter': None, 'thickness': None, 'arbor': None, 'product_type': None, 'pack_quantity': None}, 'normalized': {'diameter': None, 'thickness': None, 'arbor': None, 'product_type': None, 'pack_quantity': None}, 'confidence': {}, 'evidence': [], 'status': 'accepted'}",0
24-35M-320,"24-35M-320 Iridium Grip - 3.2"" x 5.2"" Grip",accepted,"{'mpn': '24-35M-320', 'manufacturer': 'Mirka Abrasives Inc (MIRUS)', 'manufacturer_candidate': 'Mirka Abrasives Inc', 'brand_candidate': None, 'identity_query': '24-35M-320 Mirka Abrasives Inc', 'brands': [], 'description': '24-35M-320 Iridium Grip - 3.2"" x 5.2"" Grip'}","{'brand': None, 'source': None, 'confidence': 0.0, 'candidates': []}","{'value': 'Mirka Abrasives Inc', 'score': 100.0, 'match': 'Mirka Abrasives Inc'}","{'raw': {'diameter': None, 'thickness': None, 'arbor': None, 'product_type': None, 'pack_quantity': None}, 'normalized': {'diameter': None, 'thickness': None, 'arbor': None, 'product_type': None, 'pack_quantity': None}, 'confidence': {}, 'evidence': [], 'status': 'accepted'}",0
9A-129-120,9A-129-120 Abranet 3x4 - 50 Sheets/Box,accepted,"{'mpn': '9A-129-120', 'manufacturer': 'Mirka Abrasives Inc (MIRUS)', 'manufacturer_candidate': 'Mirka Abrasives Inc', 'brand_candidate': None, 'identity_query': '9A-129-120 Mirka Abrasives Inc', 'brands': [], 'description': '9A-129-120 Abranet 3x4 - 50 Sheets/Box'}","{'brand': None, 'source': None, 'confidence': 0.0, 'candidates': []}","{'value': 'Mirka Abrasives Inc', 'score': 100.0, 'match': 'Mirka Abrasives Inc'}","{'raw': {'diameter': None, 'thickness': None, 'arbor': None, 'product_type': None, 'pack_quantity': None}, 'normalized': {'diameter': None, 'thickness': None, 'arbor': None, 'product_type': None, 'pack_quantity': None}, 'confidence': {}, 'evidence': [], 'status': 'accepted'}",0
578800,578800 Festool 80x133 M GR PRO/10,accepted,"{'mpn': '578800', 'manufacturer': 'Festool USA (FESTO)', 'manufacturer_candidate': 'Festool USA', 'brand_candidate': None, 'identity_query': '578800 Festool USA', 'brands': [], 'description': '578800 Festool 80x133 M GR PRO/10'}","{'brand': None, 'source': None, 'confidence': 0.0, 'candidates': []}","{'value': 'Festool USA', 'score': 100.0, 'match': 'Festool USA'}","{'raw': {'diameter': None, 'thickness': None, 'arbor': None, 'product_type': None, 'pack_quantity': None}, 'normalized': {'diameter': None, 'thickness': None, 'arbor': None, 'product_type': None, 'pack_quantity': None}, 'confidence': {}, 'evidence': [], 'status': 'accepted'}",0
578801,578801 Festool 80x133 F GR PRO/10,accepted,"{'mpn': '578801', 'manufacturer': 'Festool USA (FESTO)', 'manufacturer_candidate': 'Festool USA', 'brand_candidate': None, 'identity_query': '578801 Festool USA', 'brands': [], 'description': '578801 Festool 80x133 F GR PRO/10'}","{'brand': None, 'source': None, 'confidence': 0.0, 'candidates': []}","{'value': 'Festool USA', 'score': 100.0, 'match': 'Festool USA'}","{'raw': {'diameter': None, 'thickness': None, 'arbor': None, 'product_type': None, 'pack_quantity': None}, 'normalized': {'diameter': None, 'thickness': None, 'arbor': None, 'product_type': None, 'pack_quantity': None}, 'confidence': {}, 'evidence': [], 'status': 'accepted'}",0
578802,578802 Festool 80x133 S GR PRO/10,accepted,"{'mpn': '578802', 'manufacturer': 'Festool USA (FESTO)', 'manufacturer_candidate': 'Festool USA', 'brand_candidate': None, 'identity_query': '578802 Festool USA', 'brands': [], 'description': '578802 Festool 80x133 S GR PRO/10'}","{'brand': None, 'source': None, 'confidence': 0.0, 'candidates': []}","{'value': 'Festool USA', 'score': 100.0, 'match': 'Festool USA'}","{'raw': {'diameter': None, 'thickness': None, 'arbor': None, 'product_type': None, 'pack_quantity': None}, 'normalized': {'diameter': None, 'thickness': None, 'arbor': None, 'product_type': None, 'pack_quantity': None}, 'confidence': {}, 'evidence': [], 'status': 'accepted'}",0
578808,578808 Festool 3x4 M GR PRO/10,accepted,"{'mpn': '578808', 'manufacturer': 'Festool USA (FESTO)', 'manufacturer_candidate': 'Festool USA', 'brand_candidate': None, 'identity_query': '578808 Festool USA', 'brands': [], 'description': '578808 Festool 3x4 M GR PRO/10'}","{'brand': None, 'source': None, 'confidence': 0.0, 'candidates': []}","{'value': 'Festool USA', 'score': 100.0, 'match': 'Festool USA'}","{'raw': {'diameter': None, 'thickness': None, 'arbor': None, 'product_type': None, 'pack_quantity': None}, 'normalized': {'diameter': None, 'thickness': None, 'arbor': None, 'product_type': None, 'pack_quantity': None}, 'confidence': {}, 'evidence': [], 'status': 'accepted'}",0
578809,578809 Festool 3x4 F GR PRO/10,accepted,"{'mpn': '578809', 'manufacturer': 'Festool USA (FESTO)', 'manufacturer_candidate': 'Festool USA', 'brand_candidate': None, 'identity_query': '578809 Festool USA', 'brands': [], 'description': '578809 Festool 3x4 F GR PRO/10'}","{'brand': None, 'source': None, 'confidence': 0.0, 'candidates': []}","{'value': 'Festool USA', 'score': 100.0, 'match': 'Festool USA'}","{'raw': {'diameter': None, 'thickness': None, 'arbor': None, 'product_type': None, 'pack_quantity': None}, 'normalized': {'diameter': None, 'thickness': None, 'arbor': None, 'product_type': None, 'pack_quantity': None}, 'confidence': {}, 'evidence': [], 'status': 'accepted'}",0
578810,578810 Festool 3x4 S GR PRO/10,accepted,"{'mpn': '578810', 'manufacturer': 'Festool USA (FESTO)', 'manufacturer_candidate': 'Festool USA', 'brand_candidate': None, 'identity_query': '578810 Festool USA', 'brands': [], 'description': '578810 Festool 3x4 S GR PRO/10'}","{'brand': None, 'source': None, 'confidence': 0.0, 'candidates': []}","{'value': 'Festool USA', 'score': 100.0, 'match': 'Festool USA'}","{'raw': {'diameter': None, 'thickness': None, 'arbor': None, 'product_type': None, 'pack_quantity': None}, 'normalized': {'diameter': None, 'thickness': None, 'arbor': None, 'product_type': None, 'pack_quantity': None}, 'confidence': {}, 'evidence': [], 'status': 'accepted'}",0
578811,578811 Festool 3x4 GR PRO/10-Set,accepted,"{'mpn': '578811', 'manufacturer': 'Festool USA (FESTO)', 'manufacturer_candidate': 'Festool USA', 'brand_candidate': None, 'identity_query': '578811 Festool USA', 'brands': [], 'description': '578811 Festool 3x4 GR PRO/10-Set'}","{'brand': None, 'source': None, 'confidence': 0.0, 'candidates': []}","{'value': 'Festool USA', 'score': 100.0, 'match': 'Festool USA'}","{'raw': {'diameter': None, 'thickness': None, 'arbor': None, 'product_type': None, 'pack_quantity': None}, 'normalized': {'diameter': None, 'thickness': None, 'arbor': None, 'product_type': None, 'pack_quantity': None}, 'confidence': {}, 'evidence': [], 'status': 'accepted'}",0
578192,578192 Festool D 150 GR SYS - Systainer Abrasive Set,accepted,"{'mpn': '578192', 'manufacturer': 'Festool USA (FESTO)', 'manufacturer_candidate': 'Festool USA', 'brand_candidate': None, 'identity_query': '578192 Festool USA', 'brands': [], 'description': '578192 Festool D 150 GR SYS - Systainer Abrasive Set'}","{'brand': None, 'source': None, 'confidence': 0.0, 'candidates': []}","{'value': 'Festool USA', 'score': 100.0, 'match': 'Festool USA'}","{'raw': {'diameter': None, 'thickness': None, 'arbor': None, 'product_type': None, 'pack_quantity': None}, 'normalized': {'diameter': None, 'thickness': None, 'arbor': None, 'product_type': None, 'pack_quantity': None}, 'confidence': {}, 'evidence': [], 'status': 'accepted'}",0
578806,578806 Festool Delta S GR PRO/10,accepted,"{'mpn': '578806', 'manufacturer': 'Festool USA (FESTO)', 'manufacturer_candidate': 'Festool USA', 'brand_candidate': None, 'identity_query': '578806 Festool USA', 'brands': [], 'description': '578806 Festool Delta S GR PRO/10'}","{'brand': None, 'source': None, 'confidence': 0.0, 'candidates': []}","{'value': 'Festool USA', 'score': 100.0, 'match': 'Festool USA'}","{'raw': {'diameter': None, 'thickness': None, 'arbor': None, 'product_type': None, 'pack_quantity': None}, 'normalized': {'diameter': None, 'thickness': None, 'arbor': None, 'product_type': None, 'pack_quantity': None}, 'confidence': {}, 'evidence': [], 'status': 'accepted'}",0
D0860X,"D0860X Diablo 8-1/4"" 60 Tooth - Fine Finish Saw Blade",accepted,"{'mpn': 'D0860X', 'manufacturer': 'Freud Inc (2435)', 'manufacturer_candidate': 'Freud Inc', 'brand_candidate': None, 'identity_query': 'D0860X Freud Inc', 'brands': [], 'description': 'D0860X Diablo 8-1/4"" 60 Tooth - Fine Finish Saw Blade'}","{'brand': 'Diablo', 'source': 'description', 'confidence': 0.85, 'candidates': ['Diablo']}","{'value': 'Freud Inc', 'score': 100.0, 'match': 'Freud Inc'}","{'raw': {'diameter': None, 'thickness': None, 'arbor': None, 'product_type': None, 'pack_quantity': None}, 'normalized': {'diameter': None, 'thickness': None, 'arbor': None, 'product_type': None, 'pack_quantity': None}, 'confidence': {}, 'evidence': [], 'status': 'accepted'}",0
48-40-0740,48-40-0740 Milw 7-1/4in. 24T - Framing Circ Saw Blade,accepted,"{'mpn': '48-40-0740', 'manufacturer': 'Milwaukee Accessory (4031)', 'manufacturer_candidate': 'Milwaukee Accessory', 'brand_candidate': 'Milwaukee', 'identity_query': '48-40-0740 Milwaukee Accessory Milwaukee', 'brands': ['Milwaukee'], 'description': '48-40-0740 Milw 7-1/4in. 24T - Framing Circ Saw Blade'}","{'brand': 'Milwaukee', 'source': 'structured_field', 'confidence': 0.99, 'candidates': ['Milwaukee']}","{'value': 'Milwaukee Accessory', 'score': 100.0, 'match': 'Milwaukee Accessory'}","{'raw': {'diameter': None, 'thickness': None, 'arbor': None, 'product_type': None, 'pack_quantity': None}, 'normalized': {'diameter': None, 'thickness': None, 'arbor': None, 'product_type': None, 'pack_quantity': None}, 'confidence': {}, 'evidence': [], 'status': 'accepted'}",0
48-41-0740,48-41-0740 Milw7-1/4 24TFrming - Blade,accepted,"{'mpn': '48-41-0740', 'manufacturer': 'Milwaukee Accessory (4031)', 'manufacturer_candidate': 'Milwaukee Accessory', 'brand_candidate': None, 'identity_query': '48-41-0740 Milwaukee Accessory', 'brands': [], 'description': '48-41-0740 Milw7-1/4 24TFrming - Blade'}","{'brand': None, 'source': None, 'confidence': 0.0, 'candidates': []}","{'value': 'Milwaukee Accessory', 'score': 100.0, 'match': 'Milwaukee Accessory'}","{'raw': {'diameter': None, 'thickness': None, 'arbor': None, 'product_type': None, 'pack_quantity': None}, 'normalized': {'diameter': None, 'thickness': None, 'arbor': None, 'product_type': None, 'pack_quantity': None}, 'confidence': {}, 'evidence': [], 'status': 'accepted'}",0
A-96095,"A-96095 Makita 5-7/8"" 32T Saw Blade",accepted,"{'mpn': 'A-96095', 'manufacturer': 'Makita Usa Inc (5142)', 'manufacturer_candidate': 'Makita Usa Inc', 'brand_candidate': None, 'identity_query': 'A-96095 Makita Usa Inc', 'brands': [], 'description': 'A-96095 Makita 5-7/8"" 32T Saw Blade'}","{'brand': None, 'source': None, 'confidence': 0.0, 'candidates': []}","{'value': 'Makita Usa Inc', 'score': 100.0, 'match': 'Makita Usa Inc'}","{'raw': {'diameter': None, 'thickness': None, 'arbor': None, 'product_type': None, 'pack_quantity': None}, 'normalized': {'diameter': None, 'thickness': None, 'arbor': None, 'product_type': None, 'pack_quantity': None}, 'confidence': {}, 'evidence': [], 'status': 'accepted'}",0
D0760UX,"D0760UX Diablo 7-1/4"" 60T Circ - Saw Blade",accepted,"{'mpn': 'D0760UX', 'manufacturer': 'Freud Inc (2435)', 'manufacturer_candidate': 'Freud Inc', 'brand_candidate': 'Diablo', 'identity_query': 'D0760UX Freud Inc Diablo', 'brands': ['Diablo'], 'description': 'D0760UX Diablo 7-1/4"" 60T Circ - Saw Blade'}","{'brand': 'Diablo', 'source': 'structured_field', 'confidence': 0.99, 'candidates': ['Diablo']}","{'value': 'Freud Inc', 'score': 100.0, 'match': 'Freud Inc'}","{'raw': {'diameter': None, 'thickness': None, 'arbor': None, 'product_type': None, 'pack_quantity': None}, 'normalized': {'diameter': None, 'thickness': None, 'arbor': None, 'product_type': None, 'pack_quantity': None}, 'confidence': {}, 'evidence': [], 'status': 'accepted'}",0
230.312.08,230.312.08 CMT Locked Dado Pro Set,accepted,"{'mpn': '230.312.08', 'manufacturer': 'CMT USA Inc (CMTUS)', 'manufacturer_candidate': 'CMT USA Inc', 'brand_candidate': None, 'identity_query': '230.312.08 CMT USA Inc', 'brands': [], 'description': '230.312.08 CMT Locked Dado Pro Set'}","{'brand': None, 'source': None, 'confidence': 0.0, 'candidates': []}","{'value': 'CMT USA Inc', 'score': 100.0, 'match': 'CMT USA Inc'}","{'raw': {'diameter': None, 'thickness': None, 'arbor': None, 'product_type': None, 'pack_quantity': None}, 'normalized': {'diameter': None, 'thickness': None, 'arbor': None, 'product_type': None, 'pack_quantity': None}, 'confidence': {}, 'evidence': [], 'status': 'accepted'}",0
D0708LF,"D0708LF Saw Blade 7-1/4""x8 - Laminate & Wood Flooring",accepted,"{'mpn': 'D0708LF', 'manufacturer': 'Freud Inc (2435)', 'manufacturer_candidate': 'Freud Inc', 'brand_candidate': None, 'identity_query': 'D0708LF Freud Inc', 'brands': [], 'description': 'D0708LF Saw Blade 7-1/4""x8 - Laminate & Wood Flooring'}","{'brand': None, 'source': None, 'confidence': 0.0, 'candidates': []}","{'value': 'Freud Inc', 'score': 100.0, 'match': 'Freud Inc'}","{'raw': {'diameter': None, 'thickness': None, 'arbor': None, 'product_type': None, 'pack_quantity': None}, 'normalized': {'diameter': None, 'thickness': None, 'arbor': None, 'product_type': None, 'pack_quantity': None}, 'confidence': {}, 'evidence': [], 'status': 'accepted'}",0
D1012LF,"D1012LF Saw Blade 10""x12Teeth - Laminate & Wood Flooring",accepted,"{'mpn': 'D1012LF', 'manufacturer': 'Freud Inc (2435)', 'manufacturer_candidate': 'Freud Inc', 'brand_candidate': None, 'identity_query': 'D1012LF Freud Inc', 'brands': [], 'description': 'D1012LF Saw Blade 10""x12Teeth - Laminate & Wood Flooring'}","{'brand': None, 'source': None, 'confidence': 0.0, 'candidates': []}","{'value': 'Freud Inc', 'score': 100.0, 'match': 'Freud Inc'}","{'raw': {'diameter': None, 'thickness': None, 'arbor': None, 'product_type': None, 'pack_quantity': None}, 'normalized': {'diameter': None, 'thickness': None, 'arbor': None, 'product_type': None, 'pack_quantity': None}, 'confidence': {}, 'evidence': [], 'status': 'accepted'}",0
D1216LF,"D1216LF Saw Blade 12""x16Teeth - Laminate & Wood Flooring",accepted,"{'mpn': 'D1216LF', 'manufacturer': 'Freud Inc (2435)', 'manufacturer_candidate': 'Freud Inc', 'brand_candidate': None, 'identity_query': 'D1216LF Freud Inc', 'brands': [], 'description': 'D1216LF Saw Blade 12""x16Teeth - Laminate & Wood Flooring'}","{'brand': None, 'source': None, 'confidence': 0.0, 'candidates': []}","{'value': 'Freud Inc', 'score': 100.0, 'match': 'Freud Inc'}","{'raw': {'diameter': None, 'thickness': None, 'arbor': None, 'product_type': None, 'pack_quantity': None}, 'normalized': {'diameter': None, 'thickness': None, 'arbor': None, 'product_type': None, 'pack_quantity': None}, 'confidence': {}, 'evidence': [], 'status': 'accepted'}",0
DWA47421,"DWA47421 Dewalt 14"" Segmented - Rim Diamond Blade",accepted,"{'mpn': 'DWA47421', 'manufacturer': 'Black & Decker/dewlt (2585)', 'manufacturer_candidate': 'Black & Decker/dewlt', 'brand_candidate': 'DEWALT', 'identity_query': 'DWA47421 Black & Decker/dewlt DEWALT', 'brands': ['DEWALT'], 'description': 'DWA47421 Dewalt 14"" Segmented - Rim Diamond Blade'}","{'brand': 'DEWALT', 'source': 'structured_field', 'confidence': 0.99, 'candidates': ['DEWALT']}","{'value': 'Black & Decker/dewlt', 'score': 100.0, 'match': 'Black & Decker/dewlt'}","{'raw': {'diameter': None, 'thickness': None, 'arbor': None, 'product_type': None, 'pack_quantity': None}, 'normalized': {'diameter': None, 'thickness': None, 'arbor': None, 'product_type': None, 'pack_quantity': None}, 'confidence': {}, 'evidence': [], 'status': 'accepted'}",0
DWA4769,"DWA4769 Dewalt Rim Glass Tile - Blade 10""",accepted,"{'mpn': 'DWA4769', 'manufacturer': 'Black & Decker/dewlt (2585)', 'manufacturer_candidate': 'Black & Decker/dewlt', 'brand_candidate': None, 'identity_query': 'DWA4769 Black & Decker/dewlt', 'brands': [], 'description': 'DWA4769 Dewalt Rim Glass Tile - Blade 10""'}","{'brand': 'DEWALT', 'source': 'description', 'confidence': 0.85, 'candidates': ['DEWALT']}","{'value': 'Black & Decker/dewlt', 'score': 100.0, 'match': 'Black & Decker/dewlt'}","{'raw': {'diameter': None, 'thickness': None, 'arbor': None, 'product_type': None, 'pack_quantity': None}, 'normalized': {'diameter': None, 'thickness': None, 'arbor': None, 'product_type': None, 'pack_quantity': None}, 'confidence': {}, 'evidence': [], 'status': 'accepted'}",0
49-93-9204,"49-93-9204 Milw 4-1/2"" Diamond - Tile Blade",accepted,"{'mpn': '49-93-9204', 'manufacturer': 'Milwaukee Accessory (4031)', 'manufacturer_candidate': 'Milwaukee Accessory', 'brand_candidate': None, 'identity_query': '49-93-9204 Milwaukee Accessory', 'brands': [], 'description': '49-93-9204 Milw 4-1/2"" Diamond - Tile Blade'}","{'brand': None, 'source': None, 'confidence': 0.0, 'candidates': []}","{'value': 'Milwaukee Accessory', 'score': 100.0, 'match': 'Milwaukee Accessory'}","{'raw': {'diameter': None, 'thickness': None, 'arbor': None, 'product_type': None, 'pack_quantity': None}, 'normalized': {'diameter': None, 'thickness': None, 'arbor': None, 'product_type': None, 'pack_quantity': None}, 'confidence': {}, 'evidence': [], 'status': 'accepted'}",0
49-93-9207,"49-93-9207 Milw 7"" Diamond - Tile Blade",accepted,"{'mpn': '49-93-9207', 'manufacturer': 'Milwaukee Accessory (4031)', 'manufacturer_candidate': 'Milwaukee Accessory', 'brand_candidate': None, 'identity_query': '49-93-9207 Milwaukee Accessory', 'brands': [], 'description': '49-93-9207 Milw 7"" Diamond - Tile Blade'}","{'brand': None, 'source': None, 'confidence': 0.0, 'candidates': []}","{'value': 'Milwaukee Accessory', 'score': 100.0, 'match': 'Milwaukee Accessory'}","{'raw': {'diameter': None, 'thickness': None, 'arbor': None, 'product_type': None, 'pack_quantity': None}, 'normalized': {'diameter': None, 'thickness': None, 'arbor': None, 'product_type': None, 'pack_quantity': None}, 'confidence': {}, 'evidence': [], 'status': 'accepted'}",0
49-93-9210,"49-93-9210 Milw 10"" Diamond - Tile Blade",accepted,"{'mpn': '49-93-9210', 'manufacturer': 'Milwaukee Accessory (4031)', 'manufacturer_candidate': 'Milwaukee Accessory', 'brand_candidate': None, 'identity_query': '49-93-9210 Milwaukee Accessory', 'brands': [], 'description': '49-93-9210 Milw 10"" Diamond - Tile Blade'}","{'brand': None, 'source': None, 'confidence': 0.0, 'candidates': []}","{'value': 'Milwaukee Accessory', 'score': 100.0, 'match': 'Milwaukee Accessory'}","{'raw': {'diameter': None, 'thickness': None, 'arbor': None, 'product_type': None, 'pack_quantity': None}, 'normalized': {'diameter': None, 'thickness': None, 'arbor': None, 'product_type': None, 'pack_quantity': None}, 'confidence': {}, 'evidence': [], 'status': 'accepted'}",0
49-93-9202,"49-93-9202 Milw 4"" Diamond - Tile Blade",accepted,"{'mpn': '49-93-9202', 'manufacturer': 'Milwaukee Accessory (4031)', 'manufacturer_candidate': 'Milwaukee Accessory', 'brand_candidate': None, 'identity_query': '49-93-9202 Milwaukee Accessory', 'brands': [], 'description': '49-93-9202 Milw 4"" Diamond - Tile Blade'}","{'brand': None, 'source': None, 'confidence': 0.0, 'candidates': []}","{'value': 'Milwaukee Accessory', 'score': 100.0, 'match': 'Milwaukee Accessory'}","{'raw': {'diameter': None, 'thickness': None, 'arbor': None, 'product_type': None, 'pack_quantity': None}, 'normalized': {'diameter': None, 'thickness': None, 'arbor': None, 'product_type': None, 'pack_quantity': None}, 'confidence': {}, 'evidence': [], 'status': 'accepted'}",0
49-93-9205,"49-93-9205 Milw 5"" Diamond - Tile Blade",accepted,"{'mpn': '49-93-9205', 'manufacturer': 'Milwaukee Accessory (4031)', 'manufacturer_candidate': 'Milwaukee Accessory', 'brand_candidate': None, 'identity_query': '49-93-9205 Milwaukee Accessory', 'brands': [], 'description': '49-93-9205 Milw 5"" Diamond - Tile Blade'}","{'brand': None, 'source': None, 'confidence': 0.0, 'candidates': []}","{'value': 'Milwaukee Accessory', 'score': 100.0, 'match': 'Milwaukee Accessory'}","{'raw': {'diameter': None, 'thickness': None, 'arbor': None, 'product_type': None, 'pack_quantity': None}, 'normalized': {'diameter': None, 'thickness': None, 'arbor': None, 'product_type': None, 'pack_quantity': None}, 'confidence': {}, 'evidence': [], 'status': 'accepted'}",0
49-22-4702,49-22-4702 Milw 13pc Quik-Lock Hole Dozer Kit,accepted,"{'mpn': '49-22-4702', 'manufacturer': 'Milwaukee Accessory (4031)', 'manufacturer_candidate': 'Milwaukee Accessory', 'brand_candidate': None, 'identity_query': '49-22-4702 Milwaukee Accessory', 'brands': [], 'description': '49-22-4702 Milw 13pc Quik-Lock Hole Dozer Kit'}","{'brand': None, 'source': None, 'confidence': 0.0, 'candidates': []}","{'value': 'Milwaukee Accessory', 'score': 100.0, 'match': 'Milwaukee Accessory'}","{'raw': {'diameter': None, 'thickness': None, 'arbor': None, 'product_type': None, 'pack_quantity': 13}, 'normalized': {'diameter': None, 'thickness': None, 'arbor': None, 'product_type': None, 'pack_quantity': 13}, 'confidence': {'pack_quantity': 0.7}, 'evidence': [{'attribute': 'pack_quantity', 'raw_value': 13, 'normalized_value': 13, 'source': 'ai_extraction'}], 'status': 'accepted'}",1
DJT155HHM,"DJT155HHM Diablo 3-3/5"" 10 TPI - Jig Saw Blade",accepted,"{'mpn': 'DJT155HHM', 'manufacturer': 'Freud Inc (2435)', 'manufacturer_candidate': 'Freud Inc', 'brand_candidate': None, 'identity_query': 'DJT155HHM Freud Inc', 'brands': [], 'description': 'DJT155HHM Diablo 3-3/5"" 10 TPI - Jig Saw Blade'}","{'brand': 'Diablo', 'source': 'description', 'confidence': 0.85, 'candidates': ['Diablo']}","{'value': 'Freud Inc', 'score': 100.0, 'match': 'Freud Inc'}","{'raw': {'diameter': None, 'thickness': None, 'arbor': None, 'product_type': None, 'pack_quantity': None}, 'normalized': {'diameter': None, 'thickness': None, 'arbor': None, 'product_type': None, 'pack_quantity': None}, 'confidence': {}, 'evidence': [], 'status': 'accepted'}",0
790.82,790.820 CMT Planer Blade 2pc,accepted,"{'mpn': '790.82', 'manufacturer': 'CMT USA Inc (CMTUS)', 'manufacturer_candidate': 'CMT USA Inc', 'brand_candidate': None, 'identity_query': '790.82 CMT USA Inc', 'brands': [], 'description': '790.820 CMT Planer Blade 2pc'}","{'brand': None, 'source': None, 'confidence': 0.0, 'candidates': []}","{'value': 'CMT USA Inc', 'score': 100.0, 'match': 'CMT USA Inc'}","{'raw': {'diameter': None, 'thickness': None, 'arbor': None, 'product_type': None, 'pack_quantity': 2}, 'normalized': {'diameter': None, 'thickness': None, 'arbor': None, 'product_type': None, 'pack_quantity': 2}, 'confidence': {'pack_quantity': 0.7}, 'evidence': [{'attribute': 'pack_quantity', 'raw_value': 2, 'normalized_value': 2, 'source': 'ai_extraction'}], 'status': 'accepted'}",1
794.321,794.321 HS Planer Knives 3pc,accepted,"{'mpn': '794.321', 'manufacturer': 'CMT USA Inc (CMTUS)', 'manufacturer_candidate': 'CMT USA Inc', 'brand_candidate': None, 'identity_query': '794.321 CMT USA Inc', 'brands': [], 'description': '794.321 HS Planer Knives 3pc'}","{'brand': None, 'source': None, 'confidence': 0.0, 'candidates': []}","{'value': 'CMT USA Inc', 'score': 100.0, 'match': 'CMT USA Inc'}","{'raw': {'diameter': None, 'thickness': None, 'arbor': None, 'product_type': None, 'pack_quantity': 3}, 'normalized': {'diameter': None, 'thickness': None, 'arbor': None, 'product_type': None, 'pack_quantity': 3}, 'confidence': {'pack_quantity': 0.7}, 'evidence': [{'attribute': 'pack_quantity', 'raw_value': 3, 'normalized_value': 3, 'source': 'ai_extraction'}], 'status': 'accepted'}",1
49-22-5641,49-22-5641 Milw Packout 15pc - Sawzall Blade Kit,accepted,"{'mpn': '49-22-5641', 'manufacturer': 'Milwaukee Accessory (4031)', 'manufacturer_candidate': 'Milwaukee Accessory', 'brand_candidate': None, 'identity_query': '49-22-5641 Milwaukee Accessory', 'brands': [], 'description': '49-22-5641 Milw Packout 15pc - Sawzall Blade Kit'}","{'brand': None, 'source': None, 'confidence': 0.0, 'candidates': []}","{'value': 'Milwaukee Accessory', 'score': 100.0, 'match': 'Milwaukee Accessory'}","{'raw': {'diameter': None, 'thickness': None, 'arbor': None, 'product_type': None, 'pack_quantity': 15}, 'normalized': {'diameter': None, 'thickness': None, 'arbor': None, 'product_type': None, 'pack_quantity': 15}, 'confidence': {'pack_quantity': 0.7}, 'evidence': [{'attribute': 'pack_quantity', 'raw_value': 15, 'normalized_value': 15, 'source': 'ai_extraction'}], 'status': 'accepted'}",1
D0604TSH,"D0604TSH Diablo 6-1/2"" 4-Tooth - Cement Track Saw Blade",accepted,"{'mpn': 'D0604TSH', 'manufacturer': 'Freud Inc (2435)', 'manufacturer_candidate': 'Freud Inc', 'brand_candidate': None, 'identity_query': 'D0604TSH Freud Inc', 'brands': [], 'description': 'D0604TSH Diablo 6-1/2"" 4-Tooth - Cement Track Saw Blade'}","{'brand': 'Diablo', 'source': 'description', 'confidence': 0.85, 'candidates': ['Diablo']}","{'value': 'Freud Inc', 'score': 100.0, 'match': 'Freud Inc'}","{'raw': {'diameter': None, 'thickness': None, 'arbor': None, 'product_type': None, 'pack_quantity': None}, 'normalized': {'diameter': None, 'thickness': None, 'arbor': None, 'product_type': None, 'pack_quantity': None}, 'confidence': {}, 'evidence': [], 'status': 'accepted'}",0
D0620TSR,"D0620TSR Diablo 6-1/2""20 Tooth - Framing Saw Blade",accepted,"{'mpn': 'D0620TSR', 'manufacturer': 'Freud Inc (2435)', 'manufacturer_candidate': 'Freud Inc', 'brand_candidate': None, 'identity_query': 'D0620TSR Freud Inc', 'brands': [], 'description': 'D0620TSR Diablo 6-1/2""20 Tooth - Framing Saw Blade'}","{'brand': 'Diablo', 'source': 'description', 'confidence': 0.85, 'candidates': ['Diablo']}","{'value': 'Freud Inc', 'score': 100.0, 'match': 'Freud Inc'}","{'raw': {'diameter': None, 'thickness': None, 'arbor': None, 'product_type': None, 'pack_quantity': None}, 'normalized': {'diameter': None, 'thickness': None, 'arbor': None, 'product_type': None, 'pack_quantity': None}, 'confidence': {}, 'evidence': [], 'status': 'accepted'}",0
D0648TSF,"D0648TSF Diablo 6-1/2""48 Tooth - Plywood Track Saw Blade",accepted,"{'mpn': 'D0648TSF', 'manufacturer': 'Freud Inc (2435)', 'manufacturer_candidate': 'Freud Inc', 'brand_candidate': None, 'identity_query': 'D0648TSF Freud Inc', 'brands': [], 'description': 'D0648TSF Diablo 6-1/2""48 Tooth - Plywood Track Saw Blade'}","{'brand': 'Diablo', 'source': 'description', 'confidence': 0.85, 'candidates': ['Diablo']}","{'value': 'Freud Inc', 'score': 100.0, 'match': 'Freud Inc'}","{'raw': {'diameter': None, 'thickness': None, 'arbor': None, 'product_type': None, 'pack_quantity': None}, 'normalized': {'diameter': None, 'thickness': None, 'arbor': None, 'product_type': None, 'pack_quantity': None}, 'confidence': {}, 'evidence': [], 'status': 'accepted'}",0
D0652TSL,"D0652TSL Diablo 6-1/2""52 Tooth - Laminate Track Saw Blade",accepted,"{'mpn': 'D0652TSL', 'manufacturer': 'Freud Inc (2435)', 'manufacturer_candidate': 'Freud Inc', 'brand_candidate': None, 'identity_query': 'D0652TSL Freud Inc', 'brands': [], 'description': 'D0652TSL Diablo 6-1/2""52 Tooth - Laminate Track Saw Blade'}","{'brand': 'Diablo', 'source': 'description', 'confidence': 0.85, 'candidates': ['Diablo']}","{'value': 'Freud Inc', 'score': 100.0, 'match': 'Freud Inc'}","{'raw': {'diameter': None, 'thickness': None, 'arbor': None, 'product_type': None, 'pack_quantity': None}, 'normalized': {'diameter': None, 'thickness': None, 'arbor': None, 'product_type': None, 'pack_quantity': None}, 'confidence': {}, 'evidence': [], 'status': 'accepted'}",0
JT1-549,"JT1-549 JWBS18SFX 18"" Bandsaw - 1.75HP 1PH 115V",accepted,"{'mpn': 'JT1-549', 'manufacturer': 'JPW Industries (JPWIN)', 'manufacturer_candidate': 'JPW Industries', 'brand_candidate': None, 'identity_query': 'JT1-549 JPW Industries', 'brands': [], 'description': 'JT1-549 JWBS18SFX 18"" Bandsaw - 1.75HP 1PH 115V'}","{'brand': None, 'source': None, 'confidence': 0.0, 'candidates': []}","{'value': 'JPW Industries', 'score': 100.0, 'match': 'JPW Industries'}","{'raw': {'diameter': None, 'thickness': None, 'arbor': None, 'product_type': None, 'pack_quantity': None}, 'normalized': {'diameter': None, 'thickness': None, 'arbor': None, 'product_type': None, 'pack_quantity': None}, 'confidence': {}, 'evidence': [], 'status': 'accepted'}",0
JT1-1371,"JWBS14-SFX-BLK Jet 14"" Bandsaw - JT1-1371",accepted,"{'mpn': 'JT1-1371', 'manufacturer': 'JPW Industries (JPWIN)', 'manufacturer_candidate': 'JPW Industries', 'brand_candidate': None, 'identity_query': 'JT1-1371 JPW Industries', 'brands': [], 'description': 'JWBS14-SFX-BLK Jet 14"" Bandsaw - JT1-1371'}","{'brand': None, 'source': None, 'confidence': 0.0, 'candidates': []}","{'value': 'JPW Industries', 'score': 100.0, 'match': 'JPW Industries'}","{'raw': {'diameter': None, 'thickness': None, 'arbor': None, 'product_type': None, 'pack_quantity': None}, 'normalized': {'diameter': None, 'thickness': None, 'arbor': None, 'product_type': None, 'pack_quantity': None}, 'confidence': {}, 'evidence': [], 'status': 'accepted'}",0
JT9-714400K,"JWBS-14SFX 14"" Bandsaw JTP-714400K",accepted,"{'mpn': 'JT9-714400K', 'manufacturer': 'JPW Industries (JPWIN)', 'manufacturer_candidate': 'JPW Industries', 'brand_candidate': None, 'identity_query': 'JT9-714400K JPW Industries', 'brands': [], 'description': 'JWBS-14SFX 14"" Bandsaw JTP-714400K'}","{'brand': None, 'source': None, 'confidence': 0.0, 'candidates': []}","{'value': 'JPW Industries', 'score': 100.0, 'match': 'JPW Industries'}","{'raw': {'diameter': None, 'thickness': None, 'arbor': None, 'product_type': None, 'pack_quantity': None}, 'normalized': {'diameter': None, 'thickness': None, 'arbor': None, 'product_type': None, 'pack_quantity': None}, 'confidence': {}, 'evidence': [], 'status': 'accepted'}",0
2834-21HD,"2834-21HD Milw M18 7-1/4"" Circ - Saw Kit",accepted,"{'mpn': '2834-21HD', 'manufacturer': 'Milwaukee Accessory (4031)', 'manufacturer_candidate': 'Milwaukee Accessory', 'brand_candidate': 'Milwaukee', 'identity_query': '2834-21HD Milwaukee Accessory Milwaukee', 'brands': ['Milwaukee'], 'description': '2834-21HD Milw M18 7-1/4"" Circ - Saw Kit'}","{'brand': 'Milwaukee', 'source': 'structured_field', 'confidence': 0.99, 'candidates': ['Milwaukee']}","{'value': 'Milwaukee Accessory', 'score': 100.0, 'match': 'Milwaukee Accessory'}","{'raw': {'diameter': None, 'thickness': None, 'arbor': None, 'product_type': None, 'pack_quantity': None}, 'normalized': {'diameter': None, 'thickness': None, 'arbor': None, 'product_type': None, 'pack_quantity': None}, 'confidence': {}, 'evidence': [], 'status': 'accepted'}",0
DCS383B,"DCS383B Dewalt 20V 7-1/4"" - Metal Cutting Circ Saw",accepted,"{'mpn': 'DCS383B', 'manufacturer': 'Black & Decker/dewlt (2585)', 'manufacturer_candidate': 'Black & Decker/dewlt', 'brand_candidate': None, 'identity_query': 'DCS383B Black & Decker/dewlt', 'brands': [], 'description': 'DCS383B Dewalt 20V 7-1/4"" - Metal Cutting Circ Saw'}","{'brand': 'DEWALT', 'source': 'description', 'confidence': 0.85, 'candidates': ['DEWALT']}","{'value': 'Black & Decker/dewlt', 'score': 100.0, 'match': 'Black & Decker/dewlt'}","{'raw': {'diameter': None, 'thickness': None, 'arbor': None, 'product_type': None, 'pack_quantity': None}, 'normalized': {'diameter': None, 'thickness': None, 'arbor': None, 'product_type': None, 'pack_quantity': None}, 'confidence': {}, 'evidence': [], 'status': 'accepted'}",0
DCS590B,"DCS590B Dewalt 20V Cordless - 7-1/4"" Circular Saw (Bare)",accepted,"{'mpn': 'DCS590B', 'manufacturer': 'Black & Decker/dewlt (2585)', 'manufacturer_candidate': 'Black & Decker/dewlt', 'brand_candidate': 'DEWALT', 'identity_query': 'DCS590B Black & Decker/dewlt DEWALT', 'brands': ['DEWALT'], 'description': 'DCS590B Dewalt 20V Cordless - 7-1/4"" Circular Saw (Bare)'}","{'brand': 'DEWALT', 'source': 'structured_field', 'confidence': 0.99, 'candidates': ['DEWALT']}","{'value': 'Black & Decker/dewlt', 'score': 100.0, 'match': 'Black & Decker/dewlt'}","{'raw': {'diameter': None, 'thickness': None, 'arbor': None, 'product_type': None, 'pack_quantity': None}, 'normalized': {'diameter': None, 'thickness': None, 'arbor': None, 'product_type': None, 'pack_quantity': None}, 'confidence': {}, 'evidence': [], 'status': 'accepted'}",0
KPTCS725A,"KPTCS725A Kreg 20V Ionic 7-1/4"" Circ Saw",accepted,"{'mpn': 'KPTCS725A', 'manufacturer': 'Kreg Tool Company (KRETO)', 'manufacturer_candidate': 'Kreg Tool Company', 'brand_candidate': None, 'identity_query': 'KPTCS725A Kreg Tool Company', 'brands': [], 'description': 'KPTCS725A Kreg 20V Ionic 7-1/4"" Circ Saw'}","{'brand': None, 'source': None, 'confidence': 0.0, 'candidates': []}","{'value': 'Kreg Tool Company', 'score': 100.0, 'match': 'Kreg Tool Company'}","{'raw': {'diameter': None, 'thickness': None, 'arbor': None, 'product_type': None, 'pack_quantity': None}, 'normalized': {'diameter': None, 'thickness': None, 'arbor': None, 'product_type': None, 'pack_quantity': None}, 'confidence': {}, 'evidence': [], 'status': 'accepted'}",0
KPTCS450A,"KPTCS450A Kreg 20V Ionic 4-1/2"" Circ Saw",accepted,"{'mpn': 'KPTCS450A', 'manufacturer': 'Kreg Tool Company (KRETO)', 'manufacturer_candidate': 'Kreg Tool Company', 'brand_candidate': None, 'identity_query': 'KPTCS450A Kreg Tool Company', 'brands': [], 'description': 'KPTCS450A Kreg 20V Ionic 4-1/2"" Circ Saw'}","{'brand': None, 'source': None, 'confidence': 0.0, 'candidates': []}","{'value': 'Kreg Tool Company', 'score': 100.0, 'match': 'Kreg Tool Company'}","{'raw': {'diameter': None, 'thickness': None, 'arbor': None, 'product_type': None, 'pack_quantity': None}, 'normalized': {'diameter': None, 'thickness': None, 'arbor': None, 'product_type': None, 'pack_quantity': None}, 'confidence': {}, 'evidence': [], 'status': 'accepted'}",0
2545-20,2545-20 Milw M12 Jig Saw,accepted,"{'mpn': '2545-20', 'manufacturer': 'Milwaukee Accessory (4031)', 'manufacturer_candidate': 'Milwaukee Accessory', 'brand_candidate': 'Milwaukee', 'identity_query': '2545-20 Milwaukee Accessory Milwaukee', 'brands': ['Milwaukee'], 'description': '2545-20 Milw M12 Jig Saw'}","{'brand': 'Milwaukee', 'source': 'structured_field', 'confidence': 0.99, 'candidates': ['Milwaukee']}","{'value': 'Milwaukee Accessory', 'score': 100.0, 'match': 'Milwaukee Accessory'}","{'raw': {'diameter': None, 'thickness': None, 'arbor': None, 'product_type': None, 'pack_quantity': None}, 'normalized': {'diameter': None, 'thickness': None, 'arbor': None, 'product_type': None, 'pack_quantity': None}, 'confidence': {}, 'evidence': [], 'status': 'accepted'}",0
KPTJS100A,KPTJS100A Kreg 20V Ionic Barrel Grip Jigsaw,accepted,"{'mpn': 'KPTJS100A', 'manufacturer': 'Kreg Tool Company (KRETO)', 'manufacturer_candidate': 'Kreg Tool Company', 'brand_candidate': None, 'identity_query': 'KPTJS100A Kreg Tool Company', 'brands': [], 'description': 'KPTJS100A Kreg 20V Ionic Barrel Grip Jigsaw'}","{'brand': None, 'source': None, 'confidence': 0.0, 'candidates': []}","{'value': 'Kreg Tool Company', 'score': 100.0, 'match': 'Kreg Tool Company'}","{'raw': {'diameter': None, 'thickness': None, 'arbor': None, 'product_type': None, 'pack_quantity': None}, 'normalized': {'diameter': None, 'thickness': None, 'arbor': None, 'product_type': None, 'pack_quantity': None}, 'confidence': {}, 'evidence': [], 'status': 'accepted'}",0
DCS714B,"DCS714B Dewalt 20V Miter Saw - (Bare) 10"" Double Bevel Fixed",accepted,"{'mpn': 'DCS714B', 'manufacturer': 'Black & Decker/dewlt (2585)', 'manufacturer_candidate': 'Black & Decker/dewlt', 'brand_candidate': None, 'identity_query': 'DCS714B Black & Decker/dewlt', 'brands': [], 'description': 'DCS714B Dewalt 20V Miter Saw - (Bare) 10"" Double Bevel Fixed'}","{'brand': 'DEWALT', 'source': 'description', 'confidence': 0.85, 'candidates': ['DEWALT']}","{'value': 'Black & Decker/dewlt', 'score': 100.0, 'match': 'Black & Decker/dewlt'}","{'raw': {'diameter': None, 'thickness': None, 'arbor': None, 'product_type': None, 'pack_quantity': None}, 'normalized': {'diameter': None, 'thickness': None, 'arbor': None, 'product_type': None, 'pack_quantity': None}, 'confidence': {}, 'evidence': [], 'status': 'accepted'}",0
DCS785B,"DCS785B Dewalt 20V Miter Saw - Kit 12"" Double Bevel Sliding",accepted,"{'mpn': 'DCS785B', 'manufacturer': 'Black & Decker/dewlt (2585)', 'manufacturer_candidate': 'Black & Decker/dewlt', 'brand_candidate': None, 'identity_query': 'DCS785B Black & Decker/dewlt', 'brands': [], 'description': 'DCS785B Dewalt 20V Miter Saw - Kit 12"" Double Bevel Sliding'}","{'brand': 'DEWALT', 'source': 'description', 'confidence': 0.85, 'candidates': ['DEWALT']}","{'value': 'Black & Decker/dewlt', 'score': 100.0, 'match': 'Black & Decker/dewlt'}","{'raw': {'diameter': None, 'thickness': None, 'arbor': None, 'product_type': None, 'pack_quantity': None}, 'normalized': {'diameter': None, 'thickness': None, 'arbor': None, 'product_type': None, 'pack_quantity': None}, 'confidence': {}, 'evidence': [], 'status': 'accepted'}",0
GSL02M1,"GSL02M1 Makita Miter Saw - 40V 8-1/2""",accepted,"{'mpn': 'GSL02M1', 'manufacturer': 'Makita Usa Inc (5142)', 'manufacturer_candidate': 'Makita Usa Inc', 'brand_candidate': None, 'identity_query': 'GSL02M1 Makita Usa Inc', 'brands': [], 'description': 'GSL02M1 Makita Miter Saw - 40V 8-1/2""'}","{'brand': None, 'source': None, 'confidence': 0.0, 'candidates': []}","{'value': 'Makita Usa Inc', 'score': 100.0, 'match': 'Makita Usa Inc'}","{'raw': {'diameter': None, 'thickness': None, 'arbor': None, 'product_type': None, 'pack_quantity': None}, 'normalized': {'diameter': None, 'thickness': None, 'arbor': None, 'product_type': None, 'pack_quantity': None}, 'confidence': {}, 'evidence': [], 'status': 'accepted'}",0
DW7029,DW7029 Dewalt Miter Saw - Stand Support/Stop,accepted,"{'mpn': 'DW7029', 'manufacturer': 'Black & Decker/dewlt (2585)', 'manufacturer_candidate': 'Black & Decker/dewlt', 'brand_candidate': None, 'identity_query': 'DW7029 Black & Decker/dewlt', 'brands': [], 'description': 'DW7029 Dewalt Miter Saw - Stand Support/Stop'}","{'brand': 'DEWALT', 'source': 'description', 'confidence': 0.85, 'candidates': ['DEWALT']}","{'value': 'Black & Decker/dewlt', 'score': 100.0, 'match': 'Black & Decker/dewlt'}","{'raw': {'diameter': None, 'thickness': None, 'arbor': None, 'product_type': None, 'pack_quantity': None}, 'normalized': {'diameter': None, 'thickness': None, 'arbor': None, 'product_type': None, 'pack_quantity': None}, 'confidence': {}, 'evidence': [], 'status': 'accepted'}",0
DCS384B,DCS384B Dewalt 20V Brushless - Cordless Recip Saw (Bare),accepted,"{'mpn': 'DCS384B', 'manufacturer': 'Black & Decker/dewlt (2585)', 'manufacturer_candidate': 'Black & Decker/dewlt', 'brand_candidate': 'DEWALT', 'identity_query': 'DCS384B Black & Decker/dewlt DEWALT', 'brands': ['DEWALT'], 'description': 'DCS384B Dewalt 20V Brushless - Cordless Recip Saw (Bare)'}","{'brand': 'DEWALT', 'source': 'structured_field', 'confidence': 0.99, 'candidates': ['DEWALT']}","{'value': 'Black & Decker/dewlt', 'score': 100.0, 'match': 'Black & Decker/dewlt'}","{'raw': {'diameter': None, 'thickness': None, 'arbor': None, 'product_type': None, 'pack_quantity': None}, 'normalized': {'diameter': None, 'thickness': None, 'arbor': None, 'product_type': None, 'pack_quantity': None}, 'confidence': {}, 'evidence': [], 'status': 'accepted'}",0
XRJ08Z,XRJ08Z Makita 18V Recip Saw - Bare Tool,accepted,"{'mpn': 'XRJ08Z', 'manufacturer': 'Makita Usa Inc (5142)', 'manufacturer_candidate': 'Makita Usa Inc', 'brand_candidate': None, 'identity_query': 'XRJ08Z Makita Usa Inc', 'brands': [], 'description': 'XRJ08Z Makita 18V Recip Saw - Bare Tool'}","{'brand': None, 'source': None, 'confidence': 0.0, 'candidates': []}","{'value': 'Makita Usa Inc', 'score': 100.0, 'match': 'Makita Usa Inc'}","{'raw': {'diameter': None, 'thickness': None, 'arbor': None, 'product_type': None, 'pack_quantity': None}, 'normalized': {'diameter': None, 'thickness': None, 'arbor': None, 'product_type': None, 'pack_quantity': None}, 'confidence': {}, 'evidence': [], 'status': 'accepted'}",0
G0771Z,"Grizzly G0771Z 30"" Table Saw",accepted,"{'mpn': 'G0771Z', 'manufacturer': 'Woodstock Intl (3658)', 'manufacturer_candidate': 'Woodstock Intl', 'brand_candidate': None, 'identity_query': 'G0771Z Woodstock Intl', 'brands': [], 'description': 'Grizzly G0771Z 30"" Table Saw'}","{'brand': None, 'source': None, 'confidence': 0.0, 'candidates': []}","{'value': 'Woodstock Intl', 'score': 100.0, 'match': 'Woodstock Intl'}","{'raw': {'diameter': None, 'thickness': None, 'arbor': None, 'product_type': None, 'pack_quantity': None}, 'normalized': {'diameter': None, 'thickness': None, 'arbor': None, 'product_type': None, 'pack_quantity': None}, 'confidence': {}, 'evidence': [], 'status': 'accepted'}",0
TS1017,TS1017 Table Saw Zero-Clearance Insert,accepted,"{'mpn': 'TS1017', 'manufacturer': 'Robt Bosch Tool Corp (6564)', 'manufacturer_candidate': 'Robt Bosch Tool Corp', 'brand_candidate': None, 'identity_query': 'TS1017 Robt Bosch Tool Corp', 'brands': [], 'description': 'TS1017 Table Saw Zero-Clearance Insert'}","{'brand': None, 'source': None, 'confidence': 0.0, 'candidates': []}","{'value': 'Robt Bosch Tool Corp', 'score': 100.0, 'match': 'Robt Bosch Tool Corp'}","{'raw': {'diameter': None, 'thickness': None, 'arbor': None, 'product_type': None, 'pack_quantity': None}, 'normalized': {'diameter': None, 'thickness': None, 'arbor': None, 'product_type': None, 'pack_quantity': None}, 'confidence': {}, 'evidence': [], 'status': 'accepted'}",0
XT524,"XT524 24"" XT XTENDER Fence",accepted,"{'mpn': 'XT524', 'manufacturer': 'Bow Products (BOWPR)', 'manufacturer_candidate': 'Bow Products', 'brand_candidate': None, 'identity_query': 'XT524 Bow Products', 'brands': [], 'description': 'XT524 24"" XT XTENDER Fence'}","{'brand': None, 'source': None, 'confidence': 0.0, 'candidates': []}","{'value': 'Bow Products', 'score': 100.0, 'match': 'Bow Products'}","{'raw': {'diameter': None, 'thickness': None, 'arbor': None, 'product_type': None, 'pack_quantity': None}, 'normalized': {'diameter': None, 'thickness': None, 'arbor': None, 'product_type': None, 'pack_quantity': None}, 'confidence': {}, 'evidence': [], 'status': 'accepted'}",0
XT536,"XT536 36"" XT XTENDER Fence",accepted,"{'mpn': 'XT536', 'manufacturer': 'Bow Products (BOWPR)', 'manufacturer_candidate': 'Bow Products', 'brand_candidate': None, 'identity_query': 'XT536 Bow Products', 'brands': [], 'description': 'XT536 36"" XT XTENDER Fence'}","{'brand': None, 'source': None, 'confidence': 0.0, 'candidates': []}","{'value': 'Bow Products', 'score': 100.0, 'match': 'Bow Products'}","{'raw': {'diameter': None, 'thickness': None, 'arbor': None, 'product_type': None, 'pack_quantity': None}, 'normalized': {'diameter': None, 'thickness': None, 'arbor': None, 'product_type': None, 'pack_quantity': None}, 'confidence': {}, 'evidence': [], 'status': 'accepted'}",0
XT546,"XT546 46"" XT XTENDER Fence",accepted,"{'mpn': 'XT546', 'manufacturer': 'Bow Products (BOWPR)', 'manufacturer_candidate': 'Bow Products', 'brand_candidate': None, 'identity_query': 'XT546 Bow Products', 'brands': [], 'description': 'XT546 46"" XT XTENDER Fence'}","{'brand': None, 'source': None, 'confidence': 0.0, 'candidates': []}","{'value': 'Bow Products', 'score': 100.0, 'match': 'Bow Products'}","{'raw': {'diameter': None, 'thickness': None, 'arbor': None, 'product_type': None, 'pack_quantity': None}, 'normalized': {'diameter': None, 'thickness': None, 'arbor': None, 'product_type': None, 'pack_quantity': None}, 'confidence': {}, 'evidence': [], 'status': 'accepted'}",0
XTP235,"35"" XTP XTENDER PRO Fence - XTP235",accepted,"{'mpn': 'XTP235', 'manufacturer': 'Bow Products (BOWPR)', 'manufacturer_candidate': 'Bow Products', 'brand_candidate': None, 'identity_query': 'XTP235 Bow Products', 'brands': [], 'description': '35"" XTP XTENDER PRO Fence - XTP235'}","{'brand': None, 'source': None, 'confidence': 0.0, 'candidates': []}","{'value': 'Bow Products', 'score': 100.0, 'match': 'Bow Products'}","{'raw': {'diameter': None, 'thickness': None, 'arbor': None, 'product_type': None, 'pack_quantity': None}, 'normalized': {'diameter': None, 'thickness': None, 'arbor': None, 'product_type': None, 'pack_quantity': None}, 'confidence': {}, 'evidence': [], 'status': 'accepted'}",0
TGP2-FA,TGP2-FA T-Glide Fence Professional,accepted,"{'mpn': 'TGP2-FA', 'manufacturer': 'Saw Stop LLC (SAWST)', 'manufacturer_candidate': 'Saw Stop LLC', 'brand_candidate': None, 'identity_query': 'TGP2-FA Saw Stop LLC', 'brands': [], 'description': 'TGP2-FA T-Glide Fence Professional'}","{'brand': None, 'source': None, 'confidence': 0.0, 'candidates': []}","{'value': 'Saw Stop LLC', 'score': 100.0, 'match': 'Saw Stop LLC'}","{'raw': {'diameter': None, 'thickness': None, 'arbor': None, 'product_type': None, 'pack_quantity': None}, 'normalized': {'diameter': None, 'thickness': None, 'arbor': None, 'product_type': None, 'pack_quantity': None}, 'confidence': {}, 'evidence': [], 'status': 'accepted'}",0
ATGI-FA,ATGI-FA T-Glide Advanced Fence Industrial,accepted,"{'mpn': 'ATGI-FA', 'manufacturer': 'Saw Stop LLC (SAWST)', 'manufacturer_candidate': 'Saw Stop LLC', 'brand_candidate': None, 'identity_query': 'ATGI-FA Saw Stop LLC', 'brands': [], 'description': 'ATGI-FA T-Glide Advanced Fence Industrial'}","{'brand': None, 'source': None, 'confidence': 0.0, 'candidates': []}","{'value': 'Saw Stop LLC', 'score': 100.0, 'match': 'Saw Stop LLC'}","{'raw': {'diameter': None, 'thickness': None, 'arbor': None, 'product_type': None, 'pack_quantity': None}, 'normalized': {'diameter': None, 'thickness': None, 'arbor': None, 'product_type': None, 'pack_quantity': None}, 'confidence': {}, 'evidence': [], 'status': 'accepted'}",0
ATGP-FA,ATGP-FA T-Glide Advance Fence Professional,accepted,"{'mpn': 'ATGP-FA', 'manufacturer': 'Saw Stop LLC (SAWST)', 'manufacturer_candidate': 'Saw Stop LLC', 'brand_candidate': None, 'identity_query': 'ATGP-FA Saw Stop LLC', 'brands': [], 'description': 'ATGP-FA T-Glide Advance Fence Professional'}","{'brand': None, 'source': None, 'confidence': 0.0, 'candidates': []}","{'value': 'Saw Stop LLC', 'score': 100.0, 'match': 'Saw Stop LLC'}","{'raw': {'diameter': None, 'thickness': None, 'arbor': None, 'product_type': None, 'pack_quantity': None}, 'normalized': {'diameter': None, 'thickness': None, 'arbor': None, 'product_type': None, 'pack_quantity': None}, 'confidence': {}, 'evidence': [], 'status': 'accepted'}",0
TGI2-FA,TGI2-FA T-Glide Fence Indudtrial,accepted,"{'mpn': 'TGI2-FA', 'manufacturer': 'Saw Stop LLC (SAWST)', 'manufacturer_candidate': 'Saw Stop LLC', 'brand_candidate': None, 'identity_query': 'TGI2-FA Saw Stop LLC', 'brands': [], 'description': 'TGI2-FA T-Glide Fence Indudtrial'}","{'brand': None, 'source': None, 'confidence': 0.0, 'candidates': []}","{'value': 'Saw Stop LLC', 'score': 100.0, 'match': 'Saw Stop LLC'}","{'raw': {'diameter': None, 'thickness': None, 'arbor': None, 'product_type': None, 'pack_quantity': None}, 'normalized': {'diameter': None, 'thickness': None, 'arbor': None, 'product_type': None, 'pack_quantity': None}, 'confidence': {}, 'evidence': [], 'status': 'accepted'}",0
TGI2-T36A,"TGI2-T36A 36"" Table Assembly Industrial",accepted,"{'mpn': 'TGI2-T36A', 'manufacturer': 'Saw Stop LLC (SAWST)', 'manufacturer_candidate': 'Saw Stop LLC', 'brand_candidate': None, 'identity_query': 'TGI2-T36A Saw Stop LLC', 'brands': [], 'description': 'TGI2-T36A 36"" Table Assembly Industrial'}","{'brand': None, 'source': None, 'confidence': 0.0, 'candidates': []}","{'value': 'Saw Stop LLC', 'score': 100.0, 'match': 'Saw Stop LLC'}","{'raw': {'diameter': None, 'thickness': None, 'arbor': None, 'product_type': None, 'pack_quantity': None}, 'normalized': {'diameter': None, 'thickness': None, 'arbor': None, 'product_type': None, 'pack_quantity': None}, 'confidence': {}, 'evidence': [], 'status': 'accepted'}",0
KPTBPS100A,"KPTBPS100A Kreg 20V Ionic 6-1/2"" Plunge-Cut Track Saw Kit",accepted,"{'mpn': 'KPTBPS100A', 'manufacturer': 'Kreg Tool Company (KRETO)', 'manufacturer_candidate': 'Kreg Tool Company', 'brand_candidate': None, 'identity_query': 'KPTBPS100A Kreg Tool Company', 'brands': [], 'description': 'KPTBPS100A Kreg 20V Ionic 6-1/2"" Plunge-Cut Track Saw Kit'}","{'brand': None, 'source': None, 'confidence': 0.0, 'candidates': []}","{'value': 'Kreg Tool Company', 'score': 100.0, 'match': 'Kreg Tool Company'}","{'raw': {'diameter': None, 'thickness': None, 'arbor': None, 'product_type': None, 'pack_quantity': None}, 'normalized': {'diameter': None, 'thickness': None, 'arbor': None, 'product_type': None, 'pack_quantity': None}, 'confidence': {}, 'evidence': [], 'status': 'accepted'}",0
DCB606C,DCB606C Dewalt Flexvolt Starter Kit,accepted,"{'mpn': 'DCB606C', 'manufacturer': 'Black & Decker/dewlt (2585)', 'manufacturer_candidate': 'Black & Decker/dewlt', 'brand_candidate': None, 'identity_query': 'DCB606C Black & Decker/dewlt', 'brands': [], 'description': 'DCB606C Dewalt Flexvolt Starter Kit'}","{'brand': 'DEWALT', 'source': 'description', 'confidence': 0.85, 'candidates': ['DEWALT']}","{'value': 'Black & Decker/dewlt', 'score': 100.0, 'match': 'Black & Decker/dewlt'}","{'raw': {'diameter': None, 'thickness': None, 'arbor': None, 'product_type': None, 'pack_quantity': None}, 'normalized': {'diameter': None, 'thickness': None, 'arbor': None, 'product_type': None, 'pack_quantity': None}, 'confidence': {}, 'evidence': [], 'status': 'accepted'}",0
BL1850BDC1,BL1850BDC1 Makita Starter Kit,accepted,"{'mpn': 'BL1850BDC1', 'manufacturer': 'Makita Usa Inc (5142)', 'manufacturer_candidate': 'Makita Usa Inc', 'brand_candidate': None, 'identity_query': 'BL1850BDC1 Makita Usa Inc', 'brands': [], 'description': 'BL1850BDC1 Makita Starter Kit'}","{'brand': None, 'source': None, 'confidence': 0.0, 'candidates': []}","{'value': 'Makita Usa Inc', 'score': 100.0, 'match': 'Makita Usa Inc'}","{'raw': {'diameter': None, 'thickness': None, 'arbor': None, 'product_type': None, 'pack_quantity': None}, 'normalized': {'diameter': None, 'thickness': None, 'arbor': None, 'product_type': None, 'pack_quantity': None}, 'confidence': {}, 'evidence': [], 'status': 'accepted'}",0
DCB205C,DCB205C 20V Starter Kit,accepted,"{'mpn': 'DCB205C', 'manufacturer': 'Black & Decker/dewlt (2585)', 'manufacturer_candidate': 'Black & Decker/dewlt', 'brand_candidate': 'DEWALT', 'identity_query': 'DCB205C Black & Decker/dewlt DEWALT', 'brands': ['DEWALT'], 'description': 'DCB205C 20V Starter Kit'}","{'brand': 'DEWALT', 'source': 'structured_field', 'confidence': 0.99, 'candidates': ['DEWALT']}","{'value': 'Black & Decker/dewlt', 'score': 100.0, 'match': 'Black & Decker/dewlt'}","{'raw': {'diameter': None, 'thickness': None, 'arbor': None, 'product_type': None, 'pack_quantity': None}, 'normalized': {'diameter': None, 'thickness': None, 'arbor': None, 'product_type': None, 'pack_quantity': None}, 'confidence': {}, 'evidence': [], 'status': 'accepted'}",0
DCB2108,DCB2108 Dewalt 20V 8Ah Battery - Max XR Powerpack,accepted,"{'mpn': 'DCB2108', 'manufacturer': 'Black & Decker/dewlt (2585)', 'manufacturer_candidate': 'Black & Decker/dewlt', 'brand_candidate': 'DEWALT', 'identity_query': 'DCB2108 Black & Decker/dewlt DEWALT', 'brands': ['DEWALT'], 'description': 'DCB2108 Dewalt 20V 8Ah Battery - Max XR Powerpack'}","{'brand': 'DEWALT', 'source': 'structured_field', 'confidence': 0.99, 'candidates': ['DEWALT']}","{'value': 'Black & Decker/dewlt', 'score': 100.0, 'match': 'Black & Decker/dewlt'}","{'raw': {'diameter': None, 'thickness': None, 'arbor': None, 'product_type': None, 'pack_quantity': None}, 'normalized': {'diameter': None, 'thickness': None, 'arbor': None, 'product_type': None, 'pack_quantity': None}, 'confidence': {}, 'evidence': [], 'status': 'accepted'}",0
DCB2108-2,DCB2108-2 Dewalt 20V 8Ah 2pk - Battery Max XR Powerpack,accepted,"{'mpn': 'DCB2108-2', 'manufacturer': 'Black & Decker/dewlt (2585)', 'manufacturer_candidate': 'Black & Decker/dewlt', 'brand_candidate': None, 'identity_query': 'DCB2108-2 Black & Decker/dewlt', 'brands': [], 'description': 'DCB2108-2 Dewalt 20V 8Ah 2pk - Battery Max XR Powerpack'}","{'brand': 'DEWALT', 'source': 'description', 'confidence': 0.85, 'candidates': ['DEWALT']}","{'value': 'Black & Decker/dewlt', 'score': 100.0, 'match': 'Black & Decker/dewlt'}","{'raw': {'diameter': None, 'thickness': None, 'arbor': None, 'product_type': None, 'pack_quantity': None}, 'normalized': {'diameter': None, 'thickness': None, 'arbor': None, 'product_type': None, 'pack_quantity': None}, 'confidence': {}, 'evidence': [], 'status': 'accepted'}",0
VB0212,VB0212 Senco 18V 2.0 AH Lithium Battery,accepted,"{'mpn': 'VB0212', 'manufacturer': 'Senco Products Inc (4650)', 'manufacturer_candidate': 'Senco Products Inc', 'brand_candidate': None, 'identity_query': 'VB0212 Senco Products Inc', 'brands': [], 'description': 'VB0212 Senco 18V 2.0 AH Lithium Battery'}","{'brand': None, 'source': None, 'confidence': 0.0, 'candidates': []}","{'value': 'Senco Products Inc', 'score': 100.0, 'match': 'Senco Products Inc'}","{'raw': {'diameter': None, 'thickness': None, 'arbor': None, 'product_type': None, 'pack_quantity': None}, 'normalized': {'diameter': None, 'thickness': None, 'arbor': None, 'product_type': None, 'pack_quantity': None}, 'confidence': {}, 'evidence': [], 'status': 'accepted'}",0
BCB2A20A,BCB2A20A Kreg 20V Battery/Charger Starter Kit,accepted,"{'mpn': 'BCB2A20A', 'manufacturer': 'Kreg Tool Company (KRETO)', 'manufacturer_candidate': 'Kreg Tool Company', 'brand_candidate': None, 'identity_query': 'BCB2A20A Kreg Tool Company', 'brands': [], 'description': 'BCB2A20A Kreg 20V Battery/Charger Starter Kit'}","{'brand': None, 'source': None, 'confidence': 0.0, 'candidates': []}","{'value': 'Kreg Tool Company', 'score': 100.0, 'match': 'Kreg Tool Company'}","{'raw': {'diameter': None, 'thickness': None, 'arbor': None, 'product_type': None, 'pack_quantity': None}, 'normalized': {'diameter': None, 'thickness': None, 'arbor': None, 'product_type': None, 'pack_quantity': None}, 'confidence': {}, 'evidence': [], 'status': 'accepted'}",0
BATT4A,BATT4A Kreg 20V 4ah Battery Pack,accepted,"{'mpn': 'BATT4A', 'manufacturer': 'Kreg Tool Company (KRETO)', 'manufacturer_candidate': 'Kreg Tool Company', 'brand_candidate': None, 'identity_query': 'BATT4A Kreg Tool Company', 'brands': [], 'description': 'BATT4A Kreg 20V 4ah Battery Pack'}","{'brand': None, 'source': None, 'confidence': 0.0, 'candidates': []}","{'value': 'Kreg Tool Company', 'score': 100.0, 'match': 'Kreg Tool Company'}","{'raw': {'diameter': None, 'thickness': None, 'arbor': None, 'product_type': None, 'pack_quantity': None}, 'normalized': {'diameter': None, 'thickness': None, 'arbor': None, 'product_type': None, 'pack_quantity': None}, 'confidence': {}, 'evidence': [], 'status': 'accepted'}",0
BATT2A,BATT2A Kreg 20V 2ah Battery Pack,accepted,"{'mpn': 'BATT2A', 'manufacturer': 'Kreg Tool Company (KRETO)', 'manufacturer_candidate': 'Kreg Tool Company', 'brand_candidate': None, 'identity_query': 'BATT2A Kreg Tool Company', 'brands': [], 'description': 'BATT2A Kreg 20V 2ah Battery Pack'}","{'brand': None, 'source': None, 'confidence': 0.0, 'candidates': []}","{'value': 'Kreg Tool Company', 'score': 100.0, 'match': 'Kreg Tool Company'}","{'raw': {'diameter': None, 'thickness': None, 'arbor': None, 'product_type': None, 'pack_quantity': None}, 'normalized': {'diameter': None, 'thickness': None, 'arbor': None, 'product_type': None, 'pack_quantity': None}, 'confidence': {}, 'evidence': [], 'status': 'accepted'}",0
BL1850BDC2X1,BL1850BDC2X1 Makita Starter Kit,accepted,"{'mpn': 'BL1850BDC2X1', 'manufacturer': 'Makita Usa Inc (5142)', 'manufacturer_candidate': 'Makita Usa Inc', 'brand_candidate': None, 'identity_query': 'BL1850BDC2X1 Makita Usa Inc', 'brands': [], 'description': 'BL1850BDC2X1 Makita Starter Kit'}","{'brand': None, 'source': None, 'confidence': 0.0, 'candidates': []}","{'value': 'Makita Usa Inc', 'score': 100.0, 'match': 'Makita Usa Inc'}","{'raw': {'diameter': None, 'thickness': None, 'arbor': None, 'product_type': None, 'pack_quantity': None}, 'normalized': {'diameter': None, 'thickness': None, 'arbor': None, 'product_type': None, 'pack_quantity': None}, 'confidence': {}, 'evidence': [], 'status': 'accepted'}",0
48-11-2422,48-11-2422 Milw M12 CP2.0 Battery Two Pack,accepted,"{'mpn': '48-11-2422', 'manufacturer': 'Milwaukee Accessory (4031)', 'manufacturer_candidate': 'Milwaukee Accessory', 'brand_candidate': None, 'identity_query': '48-11-2422 Milwaukee Accessory', 'brands': [], 'description': '48-11-2422 Milw M12 CP2.0 Battery Two Pack'}","{'brand': None, 'source': None, 'confidence': 0.0, 'candidates': []}","{'value': 'Milwaukee Accessory', 'score': 100.0, 'match': 'Milwaukee Accessory'}","{'raw': {'diameter': None, 'thickness': None, 'arbor': None, 'product_type': None, 'pack_quantity': None}, 'normalized': {'diameter': None, 'thickness': None, 'arbor': None, 'product_type': None, 'pack_quantity': None}, 'confidence': {}, 'evidence': [], 'status': 'accepted'}",0
DCB1104,DCB1104 Dewalt 12V/20V Charger - 4 Amp,accepted,"{'mpn': 'DCB1104', 'manufacturer': 'Black & Decker/dewlt (2585)', 'manufacturer_candidate': 'Black & Decker/dewlt', 'brand_candidate': None, 'identity_query': 'DCB1104 Black & Decker/dewlt', 'brands': [], 'description': 'DCB1104 Dewalt 12V/20V Charger - 4 Amp'}","{'brand': 'DEWALT', 'source': 'description', 'confidence': 0.85, 'candidates': ['DEWALT']}","{'value': 'Black & Decker/dewlt', 'score': 100.0, 'match': 'Black & Decker/dewlt'}","{'raw': {'diameter': None, 'thickness': None, 'arbor': None, 'product_type': None, 'pack_quantity': None}, 'normalized': {'diameter': None, 'thickness': None, 'arbor': None, 'product_type': None, 'pack_quantity': None}, 'confidence': {}, 'evidence': [], 'status': 'accepted'}",0
48-59-1804,48-59-1804 Milw M18 and M12 Rapid Charger,accepted,"{'mpn': '48-59-1804', 'manufacturer': 'Milwaukee Accessory (4031)', 'manufacturer_candidate': 'Milwaukee Accessory', 'brand_candidate': None, 'identity_query': '48-59-1804 Milwaukee Accessory', 'brands': [], 'description': '48-59-1804 Milw M18 and M12 Rapid Charger'}","{'brand': None, 'source': None, 'confidence': 0.0, 'candidates': []}","{'value': 'Milwaukee Accessory', 'score': 100.0, 'match': 'Milwaukee Accessory'}","{'raw': {'diameter': None, 'thickness': None, 'arbor': None, 'product_type': None, 'pack_quantity': None}, 'normalized': {'diameter': None, 'thickness': None, 'arbor': None, 'product_type': None, 'pack_quantity': None}, 'confidence': {}, 'evidence': [], 'status': 'accepted'}",0
CRGR401A,CRGR401A Kreg 20V Fast Charger,accepted,"{'mpn': 'CRGR401A', 'manufacturer': 'Kreg Tool Company (KRETO)', 'manufacturer_candidate': 'Kreg Tool Company', 'brand_candidate': None, 'identity_query': 'CRGR401A Kreg Tool Company', 'brands': [], 'description': 'CRGR401A Kreg 20V Fast Charger'}","{'brand': None, 'source': None, 'confidence': 0.0, 'candidates': []}","{'value': 'Kreg Tool Company', 'score': 100.0, 'match': 'Kreg Tool Company'}","{'raw': {'diameter': None, 'thickness': None, 'arbor': None, 'product_type': None, 'pack_quantity': None}, 'normalized': {'diameter': None, 'thickness': None, 'arbor': None, 'product_type': None, 'pack_quantity': None}, 'confidence': {}, 'evidence': [], 'status': 'accepted'}",0
48-59-1211,48-59-1211 Milw Power Supply - Charger,accepted,"{'mpn': '48-59-1211', 'manufacturer': 'Milwaukee Accessory (4031)', 'manufacturer_candidate': 'Milwaukee Accessory', 'brand_candidate': 'Milwaukee', 'identity_query': '48-59-1211 Milwaukee Accessory Milwaukee', 'brands': ['Milwaukee'], 'description': '48-59-1211 Milw Power Supply - Charger'}","{'brand': 'Milwaukee', 'source': 'structured_field', 'confidence': 0.99, 'candidates': ['Milwaukee']}","{'value': 'Milwaukee Accessory', 'score': 100.0, 'match': 'Milwaukee Accessory'}","{'raw': {'diameter': None, 'thickness': None, 'arbor': None, 'product_type': None, 'pack_quantity': None}, 'normalized': {'diameter': None, 'thickness': None, 'arbor': None, 'product_type': None, 'pack_quantity': None}, 'confidence': {}, 'evidence': [], 'status': 'accepted'}",0
2847-20,2847-20 Milw M18 Charger and Power Supply,accepted,"{'mpn': '2847-20', 'manufacturer': 'Milwaukee Accessory (4031)', 'manufacturer_candidate': 'Milwaukee Accessory', 'brand_candidate': None, 'identity_query': '2847-20 Milwaukee Accessory', 'brands': [], 'description': '2847-20 Milw M18 Charger and Power Supply'}","{'brand': None, 'source': None, 'confidence': 0.0, 'candidates': []}","{'value': 'Milwaukee Accessory', 'score': 100.0, 'match': 'Milwaukee Accessory'}","{'raw': {'diameter': None, 'thickness': None, 'arbor': None, 'product_type': None, 'pack_quantity': None}, 'normalized': {'diameter': None, 'thickness': None, 'arbor': None, 'product_type': None, 'pack_quantity': None}, 'confidence': {}, 'evidence': [], 'status': 'accepted'}",0
DWV9401,DWV9401 Dewalt Paper Bag - 5pk,accepted,"{'mpn': 'DWV9401', 'manufacturer': 'Black & Decker/dewlt (2585)', 'manufacturer_candidate': 'Black & Decker/dewlt', 'brand_candidate': None, 'identity_query': 'DWV9401 Black & Decker/dewlt', 'brands': [], 'description': 'DWV9401 Dewalt Paper Bag - 5pk'}","{'brand': 'DEWALT', 'source': 'description', 'confidence': 0.85, 'candidates': ['DEWALT']}","{'value': 'Black & Decker/dewlt', 'score': 100.0, 'match': 'Black & Decker/dewlt'}","{'raw': {'diameter': None, 'thickness': None, 'arbor': None, 'product_type': None, 'pack_quantity': None}, 'normalized': {'diameter': None, 'thickness': None, 'arbor': None, 'product_type': None, 'pack_quantity': None}, 'confidence': {}, 'evidence': [], 'status': 'accepted'}",0
578512,578512 Festool Dust Extractor-CT MIDI I HEPA,accepted,"{'mpn': '578512', 'manufacturer': 'Festool USA (FESTO)', 'manufacturer_candidate': 'Festool USA', 'brand_candidate': None, 'identity_query': '578512 Festool USA', 'brands': [], 'description': '578512 Festool Dust Extractor-CT MIDI I HEPA'}","{'brand': None, 'source': None, 'confidence': 0.0, 'candidates': []}","{'value': 'Festool USA', 'score': 100.0, 'match': 'Festool USA'}","{'raw': {'diameter': None, 'thickness': None, 'arbor': None, 'product_type': None, 'pack_quantity': None}, 'normalized': {'diameter': None, 'thickness': None, 'arbor': None, 'product_type': None, 'pack_quantity': None}, 'confidence': {}, 'evidence': [], 'status': 'accepted'}",0
577871,577871 Festool Dust Extractor - CT 26,accepted,"{'mpn': '577871', 'manufacturer': 'Festool USA (FESTO)', 'manufacturer_candidate': 'Festool USA', 'brand_candidate': None, 'identity_query': '577871 Festool USA', 'brands': [], 'description': '577871 Festool Dust Extractor - CT 26'}","{'brand': None, 'source': None, 'confidence': 0.0, 'candidates': []}","{'value': 'Festool USA', 'score': 100.0, 'match': 'Festool USA'}","{'raw': {'diameter': None, 'thickness': None, 'arbor': None, 'product_type': None, 'pack_quantity': None}, 'normalized': {'diameter': None, 'thickness': None, 'arbor': None, 'product_type': None, 'pack_quantity': None}, 'confidence': {}, 'evidence': [], 'status': 'accepted'}",0
577874,577874 Festool Dust Extractor - CT 36,accepted,"{'mpn': '577874', 'manufacturer': 'Festool USA (FESTO)', 'manufacturer_candidate': 'Festool USA', 'brand_candidate': None, 'identity_query': '577874 Festool USA', 'brands': [], 'description': '577874 Festool Dust Extractor - CT 36'}","{'brand': None, 'source': None, 'confidence': 0.0, 'candidates': []}","{'value': 'Festool USA', 'score': 100.0, 'match': 'Festool USA'}","{'raw': {'diameter': None, 'thickness': None, 'arbor': None, 'product_type': None, 'pack_quantity': None}, 'normalized': {'diameter': None, 'thickness': None, 'arbor': None, 'product_type': None, 'pack_quantity': None}, 'confidence': {}, 'evidence': [], 'status': 'accepted'}",0
577876,577876 Festool Dust Extractor - CT 48,accepted,"{'mpn': '577876', 'manufacturer': 'Festool USA (FESTO)', 'manufacturer_candidate': 'Festool USA', 'brand_candidate': None, 'identity_query': '577876 Festool USA', 'brands': [], 'description': '577876 Festool Dust Extractor - CT 48'}","{'brand': None, 'source': None, 'confidence': 0.0, 'candidates': []}","{'value': 'Festool USA', 'score': 100.0, 'match': 'Festool USA'}","{'raw': {'diameter': None, 'thickness': None, 'arbor': None, 'product_type': None, 'pack_quantity': None}, 'normalized': {'diameter': None, 'thickness': None, 'arbor': None, 'product_type': None, 'pack_quantity': None}, 'confidence': {}, 'evidence': [], 'status': 'accepted'}",0
578441,578441 Festool Dust Extractor-CT 15 HEPA,accepted,"{'mpn': '578441', 'manufacturer': 'Festool USA (FESTO)', 'manufacturer_candidate': 'Festool USA', 'brand_candidate': None, 'identity_query': '578441 Festool USA', 'brands': [], 'description': '578441 Festool Dust Extractor-CT 15 HEPA'}","{'brand': None, 'source': None, 'confidence': 0.0, 'candidates': []}","{'value': 'Festool USA', 'score': 100.0, 'match': 'Festool USA'}","{'raw': {'diameter': None, 'thickness': None, 'arbor': None, 'product_type': None, 'pack_quantity': None}, 'normalized': {'diameter': None, 'thickness': None, 'arbor': None, 'product_type': None, 'pack_quantity': None}, 'confidence': {}, 'evidence': [], 'status': 'accepted'}",0
DCK225D2,DCK225D2 Dewalt Impact/Drill - Kit,accepted,"{'mpn': 'DCK225D2', 'manufacturer': 'Black & Decker/dewlt (2585)', 'manufacturer_candidate': 'Black & Decker/dewlt', 'brand_candidate': 'DEWALT', 'identity_query': 'DCK225D2 Black & Decker/dewlt DEWALT', 'brands': ['DEWALT'], 'description': 'DCK225D2 Dewalt Impact/Drill - Kit'}","{'brand': 'DEWALT', 'source': 'structured_field', 'confidence': 0.99, 'candidates': ['DEWALT']}","{'value': 'Black & Decker/dewlt', 'score': 100.0, 'match': 'Black & Decker/dewlt'}","{'raw': {'diameter': None, 'thickness': None, 'arbor': None, 'product_type': None, 'pack_quantity': None}, 'normalized': {'diameter': None, 'thickness': None, 'arbor': None, 'product_type': None, 'pack_quantity': None}, 'confidence': {}, 'evidence': [], 'status': 'accepted'}",0
DCK2101QQ2,Dewalt DCK2101QQ2 20V 2Pc Kit,accepted,"{'mpn': 'DCK2101QQ2', 'manufacturer': 'Black & Decker/dewlt (2585)', 'manufacturer_candidate': 'Black & Decker/dewlt', 'brand_candidate': None, 'identity_query': 'DCK2101QQ2 Black & Decker/dewlt', 'brands': [], 'description': 'Dewalt DCK2101QQ2 20V 2Pc Kit'}","{'brand': 'DEWALT', 'source': 'description', 'confidence': 0.85, 'candidates': ['DEWALT']}","{'value': 'Black & Decker/dewlt', 'score': 100.0, 'match': 'Black & Decker/dewlt'}","{'raw': {'diameter': None, 'thickness': None, 'arbor': None, 'product_type': None, 'pack_quantity': 2}, 'normalized': {'diameter': None, 'thickness': None, 'arbor': None, 'product_type': None, 'pack_quantity': 2}, 'confidence': {'pack_quantity': 0.7}, 'evidence': [{'attribute': 'pack_quantity', 'raw_value': 2, 'normalized_value': 2, 'source': 'ai_extraction'}], 'status': 'accepted'}",1
4000-2/32,4000-2/32 DREMEL ROTARY TOOL,accepted,"{'mpn': '4000-2/32', 'manufacturer': 'Robt Bosch Tool Corp (6564)', 'manufacturer_candidate': 'Robt Bosch Tool Corp', 'brand_candidate': 'Dremel', 'identity_query': '4000-2/32 Robt Bosch Tool Corp Dremel', 'brands': ['Dremel'], 'description': '4000-2/32 DREMEL ROTARY TOOL'}","{'brand': 'Dremel', 'source': 'structured_field', 'confidence': 0.99, 'candidates': ['Dremel']}","{'value': 'Robt Bosch Tool Corp', 'score': 100.0, 'match': 'Robt Bosch Tool Corp'}","{'raw': {'diameter': None, 'thickness': None, 'arbor': None, 'product_type': None, 'pack_quantity': None}, 'normalized': {'diameter': None, 'thickness': None, 'arbor': None, 'product_type': None, 'pack_quantity': None}, 'confidence': {}, 'evidence': [], 'status': 'accepted'}",0
3100-1/15,3100-1/15 Dremel Rotary Tool - Kit 15pc,accepted,"{'mpn': '3100-1/15', 'manufacturer': 'Robt Bosch Tool Corp (6564)', 'manufacturer_candidate': 'Robt Bosch Tool Corp', 'brand_candidate': 'Dremel', 'identity_query': '3100-1/15 Robt Bosch Tool Corp Dremel', 'brands': ['Dremel'], 'description': '3100-1/15 Dremel Rotary Tool - Kit 15pc'}","{'brand': 'Dremel', 'source': 'structured_field', 'confidence': 0.99, 'candidates': ['Dremel']}","{'value': 'Robt Bosch Tool Corp', 'score': 100.0, 'match': 'Robt Bosch Tool Corp'}","{'raw': {'diameter': None, 'thickness': None, 'arbor': None, 'product_type': None, 'pack_quantity': 15}, 'normalized': {'diameter': None, 'thickness': None, 'arbor': None, 'product_type': None, 'pack_quantity': 15}, 'confidence': {'pack_quantity': 0.7}, 'evidence': [{'attribute': 'pack_quantity', 'raw_value': 15, 'normalized_value': 15, 'source': 'ai_extraction'}], 'status': 'accepted'}",1
T-90043,T-90043 Deep Medium Organizer,accepted,"{'mpn': 'T-90043', 'manufacturer': 'Makita Usa Inc (5142)', 'manufacturer_candidate': 'Makita Usa Inc', 'brand_candidate': None, 'identity_query': 'T-90043 Makita Usa Inc', 'brands': [], 'description': 'T-90043 Deep Medium Organizer'}","{'brand': None, 'source': None, 'confidence': 0.0, 'candidates': []}","{'value': 'Makita Usa Inc', 'score': 100.0, 'match': 'Makita Usa Inc'}","{'raw': {'diameter': None, 'thickness': None, 'arbor': None, 'product_type': None, 'pack_quantity': None}, 'normalized': {'diameter': None, 'thickness': None, 'arbor': None, 'product_type': None, 'pack_quantity': None}, 'confidence': {}, 'evidence': [], 'status': 'accepted'}",0
T-90059,T-90059 Low Profile Medium - Organizer,accepted,"{'mpn': 'T-90059', 'manufacturer': 'Makita Usa Inc (5142)', 'manufacturer_candidate': 'Makita Usa Inc', 'brand_candidate': None, 'identity_query': 'T-90059 Makita Usa Inc', 'brands': [], 'description': 'T-90059 Low Profile Medium - Organizer'}","{'brand': None, 'source': None, 'confidence': 0.0, 'candidates': []}","{'value': 'Makita Usa Inc', 'score': 100.0, 'match': 'Makita Usa Inc'}","{'raw': {'diameter': None, 'thickness': None, 'arbor': None, 'product_type': None, 'pack_quantity': None}, 'normalized': {'diameter': None, 'thickness': None, 'arbor': None, 'product_type': None, 'pack_quantity': None}, 'confidence': {}, 'evidence': [], 'status': 'accepted'}",0
T-90065,T-90065 Deep Compact Organizer,accepted,"{'mpn': 'T-90065', 'manufacturer': 'Makita Usa Inc (5142)', 'manufacturer_candidate': 'Makita Usa Inc', 'brand_candidate': None, 'identity_query': 'T-90065 Makita Usa Inc', 'brands': [], 'description': 'T-90065 Deep Compact Organizer'}","{'brand': None, 'source': None, 'confidence': 0.0, 'candidates': []}","{'value': 'Makita Usa Inc', 'score': 100.0, 'match': 'Makita Usa Inc'}","{'raw': {'diameter': None, 'thickness': None, 'arbor': None, 'product_type': None, 'pack_quantity': None}, 'normalized': {'diameter': None, 'thickness': None, 'arbor': None, 'product_type': None, 'pack_quantity': None}, 'confidence': {}, 'evidence': [], 'status': 'accepted'}",0
10047VS,10047VS Oliver 3HP 230V 1PH Shaper 1-1/4 Spindle,accepted,"{'mpn': '10047VS', 'manufacturer': 'Oliver Machinery Company (OLIMA)', 'manufacturer_candidate': 'Oliver Machinery Company', 'brand_candidate': None, 'identity_query': '10047VS Oliver Machinery Company', 'brands': [], 'description': '10047VS Oliver 3HP 230V 1PH Shaper 1-1/4 Spindle'}","{'brand': None, 'source': None, 'confidence': 0.0, 'candidates': []}","{'value': 'Oliver Machinery Company', 'score': 100.0, 'match': 'Oliver Machinery Company'}","{'raw': {'diameter': None, 'thickness': None, 'arbor': None, 'product_type': None, 'pack_quantity': None}, 'normalized': {'diameter': None, 'thickness': None, 'arbor': None, 'product_type': None, 'pack_quantity': None}, 'confidence': {}, 'evidence': [], 'status': 'accepted'}",0
MAG:2044-230-1,2044-230-1 Stock Feeder 4-Roll - Steff,accepted,"{'mpn': 'MAG:2044-230-1', 'manufacturer': 'J&G Machinery (JGMAC)', 'manufacturer_candidate': 'J&G Machinery', 'brand_candidate': None, 'identity_query': 'MAG:2044-230-1 J&G Machinery', 'brands': [], 'description': '2044-230-1 Stock Feeder 4-Roll - Steff'}","{'brand': None, 'source': None, 'confidence': 0.0, 'candidates': []}","{'value': 'J&G Machinery', 'score': 100.0, 'match': 'J&G Machinery'}","{'raw': {'diameter': None, 'thickness': None, 'arbor': None, 'product_type': None, 'pack_quantity': None}, 'normalized': {'diameter': None, 'thickness': None, 'arbor': None, 'product_type': None, 'pack_quantity': None}, 'confidence': {}, 'evidence': [], 'status': 'accepted'}",0
XTP242,"42"" XTP XTENDER PRO Fence - XTP242",accepted,"{'mpn': 'XTP242', 'manufacturer': 'Bow Products (BOWPR)', 'manufacturer_candidate': 'Bow Products', 'brand_candidate': None, 'identity_query': 'XTP242 Bow Products', 'brands': [], 'description': '42"" XTP XTENDER PRO Fence - XTP242'}","{'brand': None, 'source': None, 'confidence': 0.0, 'candidates': []}","{'value': 'Bow Products', 'score': 100.0, 'match': 'Bow Products'}","{'raw': {'diameter': None, 'thickness': None, 'arbor': None, 'product_type': None, 'pack_quantity': None}, 'normalized': {'diameter': None, 'thickness': None, 'arbor': None, 'product_type': None, 'pack_quantity': None}, 'confidence': {}, 'evidence': [], 'status': 'accepted'}",0
AAS-P,AAS-P Align-A-Saw Plate Only,accepted,"{'mpn': 'AAS-P', 'manufacturer': 'Woodpeckers Inc (WOODP)', 'manufacturer_candidate': 'Woodpeckers Inc', 'brand_candidate': None, 'identity_query': 'AAS-P Woodpeckers Inc', 'brands': [], 'description': 'AAS-P Align-A-Saw Plate Only'}","{'brand': None, 'source': None, 'confidence': 0.0, 'candidates': []}","{'value': 'Woodpeckers Inc', 'score': 100.0, 'match': 'Woodpeckers Inc'}","{'raw': {'diameter': None, 'thickness': None, 'arbor': None, 'product_type': None, 'pack_quantity': None}, 'normalized': {'diameter': None, 'thickness': None, 'arbor': None, 'product_type': None, 'pack_quantity': None}, 'confidence': {}, 'evidence': [], 'status': 'accepted'}",0
SSCMS,SSCMS Stealthstop Miter Sled,accepted,"{'mpn': 'SSCMS', 'manufacturer': 'Woodpeckers Inc (WOODP)', 'manufacturer_candidate': 'Woodpeckers Inc', 'brand_candidate': None, 'identity_query': 'SSCMS Woodpeckers Inc', 'brands': [], 'description': 'SSCMS Stealthstop Miter Sled'}","{'brand': None, 'source': None, 'confidence': 0.0, 'candidates': []}","{'value': 'Woodpeckers Inc', 'score': 100.0, 'match': 'Woodpeckers Inc'}","{'raw': {'diameter': None, 'thickness': None, 'arbor': None, 'product_type': None, 'pack_quantity': None}, 'normalized': {'diameter': None, 'thickness': None, 'arbor': None, 'product_type': None, 'pack_quantity': None}, 'confidence': {}, 'evidence': [], 'status': 'accepted'}",0
4225.201,"4225.201 Oliver 6"" HH Jointer Paralleogram",accepted,"{'mpn': '4225.201', 'manufacturer': 'Oliver Machinery Company (OLIMA)', 'manufacturer_candidate': 'Oliver Machinery Company', 'brand_candidate': None, 'identity_query': '4225.201 Oliver Machinery Company', 'brands': [], 'description': '4225.201 Oliver 6"" HH Jointer Paralleogram'}","{'brand': None, 'source': None, 'confidence': 0.0, 'candidates': []}","{'value': 'Oliver Machinery Company', 'score': 100.0, 'match': 'Oliver Machinery Company'}","{'raw': {'diameter': None, 'thickness': None, 'arbor': None, 'product_type': None, 'pack_quantity': None}, 'normalized': {'diameter': None, 'thickness': None, 'arbor': None, 'product_type': None, 'pack_quantity': None}, 'confidence': {}, 'evidence': [], 'status': 'accepted'}",0
KC-426C,"KC-426C 12"" Portable Planer",accepted,"{'mpn': 'KC-426C', 'manufacturer': 'King Canada Inc (KINCA)', 'manufacturer_candidate': 'King Canada Inc', 'brand_candidate': None, 'identity_query': 'KC-426C King Canada Inc', 'brands': [], 'description': 'KC-426C 12"" Portable Planer'}","{'brand': None, 'source': None, 'confidence': 0.0, 'candidates': []}","{'value': 'King Canada Inc', 'score': 100.0, 'match': 'King Canada Inc'}","{'raw': {'diameter': None, 'thickness': None, 'arbor': None, 'product_type': None, 'pack_quantity': None}, 'normalized': {'diameter': None, 'thickness': None, 'arbor': None, 'product_type': None, 'pack_quantity': None}, 'confidence': {}, 'evidence': [], 'status': 'accepted'}",0
10045.201,"10045.201 Oliver 13"" Benchtop Planer 2HP,115V 1Ph",accepted,"{'mpn': '10045.201', 'manufacturer': 'Oliver Machinery Company (OLIMA)', 'manufacturer_candidate': 'Oliver Machinery Company', 'brand_candidate': None, 'identity_query': '10045.201 Oliver Machinery Company', 'brands': [], 'description': '10045.201 Oliver 13"" Benchtop Planer 2HP,115V 1Ph'}","{'brand': None, 'source': None, 'confidence': 0.0, 'candidates': []}","{'value': 'Oliver Machinery Company', 'score': 100.0, 'match': 'Oliver Machinery Company'}","{'raw': {'diameter': None, 'thickness': None, 'arbor': None, 'product_type': None, 'pack_quantity': None}, 'normalized': {'diameter': None, 'thickness': None, 'arbor': None, 'product_type': None, 'pack_quantity': None}, 'confidence': {}, 'evidence': [], 'status': 'accepted'}",0
10014.201,"10014.201 Oliver 15"" Planer 3HP 1Ph 220V",accepted,"{'mpn': '10014.201', 'manufacturer': 'Oliver Machinery Company (OLIMA)', 'manufacturer_candidate': 'Oliver Machinery Company', 'brand_candidate': None, 'identity_query': '10014.201 Oliver Machinery Company', 'brands': [], 'description': '10014.201 Oliver 15"" Planer 3HP 1Ph 220V'}","{'brand': None, 'source': None, 'confidence': 0.0, 'candidates': []}","{'value': 'Oliver Machinery Company', 'score': 100.0, 'match': 'Oliver Machinery Company'}","{'raw': {'diameter': None, 'thickness': None, 'arbor': None, 'product_type': None, 'pack_quantity': None}, 'normalized': {'diameter': None, 'thickness': None, 'arbor': None, 'product_type': None, 'pack_quantity': None}, 'confidence': {}, 'evidence': [], 'status': 'accepted'}",0
4430.201,"4430.201 Oliver 20"" Planer 5HP 1Ph 230V",accepted,"{'mpn': '4430.201', 'manufacturer': 'Oliver Machinery Company (OLIMA)', 'manufacturer_candidate': 'Oliver Machinery Company', 'brand_candidate': None, 'identity_query': '4430.201 Oliver Machinery Company', 'brands': [], 'description': '4430.201 Oliver 20"" Planer 5HP 1Ph 230V'}","{'brand': None, 'source': None, 'confidence': 0.0, 'candidates': []}","{'value': 'Oliver Machinery Company', 'score': 100.0, 'match': 'Oliver Machinery Company'}","{'raw': {'diameter': None, 'thickness': None, 'arbor': None, 'product_type': None, 'pack_quantity': None}, 'normalized': {'diameter': None, 'thickness': None, 'arbor': None, 'product_type': None, 'pack_quantity': None}, 'confidence': {}, 'evidence': [], 'status': 'accepted'}",0
10055.201,"10055.201 Oliver 15"" Benchtop Planer 2.5HP 1Ph 230V",accepted,"{'mpn': '10055.201', 'manufacturer': 'Oliver Machinery Company (OLIMA)', 'manufacturer_candidate': 'Oliver Machinery Company', 'brand_candidate': None, 'identity_query': '10055.201 Oliver Machinery Company', 'brands': [], 'description': '10055.201 Oliver 15"" Benchtop Planer 2.5HP 1Ph 230V'}","{'brand': None, 'source': None, 'confidence': 0.0, 'candidates': []}","{'value': 'Oliver Machinery Company', 'score': 100.0, 'match': 'Oliver Machinery Company'}","{'raw': {'diameter': None, 'thickness': None, 'arbor': None, 'product_type': None, 'pack_quantity': None}, 'normalized': {'diameter': None, 'thickness': None, 'arbor': None, 'product_type': None, 'pack_quantity': None}, 'confidence': {}, 'evidence': [], 'status': 'accepted'}",0
T27417,T27417 Grizzly OscillatingEdge - Belt and Spindle Sander,accepted,"{'mpn': 'T27417', 'manufacturer': 'Woodstock Intl (3658)', 'manufacturer_candidate': 'Woodstock Intl', 'brand_candidate': None, 'identity_query': 'T27417 Woodstock Intl', 'brands': [], 'description': 'T27417 Grizzly OscillatingEdge - Belt and Spindle Sander'}","{'brand': None, 'source': None, 'confidence': 0.0, 'candidates': []}","{'value': 'Woodstock Intl', 'score': 100.0, 'match': 'Woodstock Intl'}","{'raw': {'diameter': None, 'thickness': None, 'arbor': None, 'product_type': None, 'pack_quantity': None}, 'normalized': {'diameter': None, 'thickness': None, 'arbor': None, 'product_type': None, 'pack_quantity': None}, 'confidence': {}, 'evidence': [], 'status': 'accepted'}",0
