mpn,description,brand,manufacturer,product_type,diameter,thickness,arbor,length,width,height,pack_quantity,status,evidence_count,confidence,search_text
DCB518ASTS06G,"DCB518ASTS06G Diablo 1/2""x18"" - Sanding Belt 6pc",Diablo,Freud Inc,Sanding Belt,,,,,,,6.0,accepted,2,"{'product_type': 0.7, 'pack_quantity': 0.7}","{'brand': 'Diablo', 'source': 'description', 'confidence': 0.85, 'candidates': ['Diablo']} | {'value': 'Freud Inc', 'score': 100.0, 'match': 'Freud Inc'}"
3MABR-7100075678,3M 775L Stikit Film P150 - Cubitron II 50 Disc/Box,3M,Jam Industrial Supply LLC,,,,,,,,50.0,accepted,1,{'pack_quantity': 0.7},"{'brand': '3M', 'source': 'description', 'confidence': 0.85, 'candidates': ['3M']} | {'value': 'Jam Industrial Supply LLC', 'score': 100.0, 'match': 'Jam Industrial Supply LLC'}"
3MABR-7100045865,3M 775L Stikit Film P120 - Cubitron II 50 Disc/Box,3M,Jam Industrial Supply LLC,,,,,,,,50.0,accepted,1,{'pack_quantity': 0.7},"{'brand': '3M', 'source': 'description', 'confidence': 0.85, 'candidates': ['3M']} | {'value': 'Jam Industrial Supply LLC', 'score': 100.0, 'match': 'Jam Industrial Supply LLC'}"
3MABR-7100048736,3M 775L Stikit Film P80 - Cubitron II 50 Disc/Box,3M,Jam Industrial Supply LLC,,,,,,,,50.0,accepted,1,{'pack_quantity': 0.7},"{'brand': '3M', 'source': 'description', 'confidence': 0.85, 'candidates': ['3M']} | {'value': 'Jam Industrial Supply LLC', 'score': 100.0, 'match': 'Jam Industrial Supply LLC'}"
3MABR-7100075690,3M 775L Stikit Film P180 - Cubitron II 50 Disc/Box,3M,Jam Industrial Supply LLC,,,,,,,,50.0,accepted,1,{'pack_quantity': 0.7},"{'brand': '3M', 'source': 'description', 'confidence': 0.85, 'candidates': ['3M']} | {'value': 'Jam Industrial Supply LLC', 'score': 100.0, 'match': 'Jam Industrial Supply LLC'}"
3MABR-7100075692,3M 775L Stikit Film P220 - Cubitron II 50 Disc/Box,3M,Jam Industrial Supply LLC,,,,,,,,50.0,accepted,1,{'pack_quantity': 0.7},"{'brand': '3M', 'source': 'description', 'confidence': 0.85, 'candidates': ['3M']} | {'value': 'Jam Industrial Supply LLC', 'score': 100.0, 'match': 'Jam Industrial Supply LLC'}"
3MABR-7100145365,3M 775L Stikit Film P320 - Cubitron II 50 Disc/Box,3M,Jam Industrial Supply LLC,,,,,,,,50.0,accepted,1,{'pack_quantity': 0.7},"{'brand': '3M', 'source': 'description', 'confidence': 0.85, 'candidates': ['3M']} | {'value': 'Jam Industrial Supply LLC', 'score': 100.0, 'match': 'Jam Industrial Supply LLC'}"
5B-332-080,"5B-332-080 HIOLIT 5"" P80",,Mirka Abrasives Inc,,,,,,,,,accepted,0,{},"{'brand': None, 'source': None, 'confidence': 0.0, 'candidates': []} | {'value': 'Mirka Abrasives Inc', 'score': 100.0, 'match': 'Mirka Abrasives Inc'}"
5B-332-120,"5B-332-120 HIOLIT 5"" P120",,Mirka Abrasives Inc,,,,,,,,,accepted,0,{},"{'brand': None, 'source': None, 'confidence': 0.0, 'candidates': []} | {'value': 'Mirka Abrasives Inc', 'score': 100.0, 'match': 'Mirka Abrasives Inc'}"
9A-570-240,9A-570-240 Abranet 2.75x30,,Mirka Abrasives Inc,,,,,,,,,accepted,0,{},"{'brand': None, 'source': None, 'confidence': 0.0, 'candidates': []} | {'value': 'Mirka Abrasives Inc', 'score': 100.0, 'match': 'Mirka Abrasives Inc'}"
9A-570-320,9A-570-320 Abranet 2.75x30,,Mirka Abrasives Inc,,,,,,,,,accepted,0,{},"{'brand': None, 'source': None, 'confidence': 0.0, 'candidates': []} | {'value': 'Mirka Abrasives Inc', 'score': 100.0, 'match': 'Mirka Abrasives Inc'}"
DBD090094101F,"DBD090094101F Diablo 9"" - Metal Cut-Off Disc",Diablo,Freud Inc,Metal Cut Off Disc,,,,,,,,accepted,1,{'product_type': 0.7},"{'brand': 'Diablo', 'source': 'description', 'confidence': 0.85, 'candidates': ['Diablo']} | {'value': 'Freud Inc', 'score': 100.0, 'match': 'Freud Inc'}"
DBDS12125A01F,"DBDS12125A01F Diablo 12"" - Steel Demon Metal Cut-Off Disc",Diablo,Freud Inc,Metal Cut Off Disc,,,,,,,,accepted,1,{'product_type': 0.7},"{'brand': 'Diablo', 'source': 'description', 'confidence': 0.85, 'candidates': ['Diablo']} | {'value': 'Freud Inc', 'score': 100.0, 'match': 'Freud Inc'}"
DBDS12125G01F,"DBDS12125G01F Diablo 12""x20mm - Speed Demon Metal Cut-Off Disc",Diablo,Freud Inc,Metal Cut Off Disc,,,,,,,,accepted,1,{'product_type': 0.7},"{'brand': 'Diablo', 'source': 'description', 'confidence': 0.85, 'candidates': ['Diablo']} | {'value': 'Freud Inc', 'score': 100.0, 'match': 'Freud Inc'}"
DBDS14125A01F,"DBDS14125A01F Diablo 14""x1"" - Steel Demon Metal Cut-Off Disc",Diablo,Freud Inc,Metal Cut Off Disc,,,,,,,,accepted,1,{'product_type': 0.7},"{'brand': 'Diablo', 'source': 'description', 'confidence': 0.85, 'candidates': ['Diablo']} | {'value': 'Freud Inc', 'score': 100.0, 'match': 'Freud Inc'}"
DBDS14125G01F,"DBDS14125G01F Diablo 14""x20mm - Steel Demon Metal Cut-Off Disc",Diablo,Freud Inc,Metal Cut Off Disc,,,,,,,,accepted,1,{'product_type': 0.7},"{'brand': 'Diablo', 'source': 'description', 'confidence': 0.85, 'candidates': ['Diablo']} | {'value': 'Freud Inc', 'score': 100.0, 'match': 'Freud Inc'}"
49-94-0013,"49-94-0013 Milw 5""x.045""x7/8"" Metal Cut Off Disc",,Milwaukee Accessory,Metal Cut Off Disc,5.0,0.045,7.0,,,,,accepted,4,"{'diameter': 0.7, 'thickness': 0.7, 'arbor': 0.7, 'product_type': 0.7}","{'brand': None, 'source': None, 'confidence': 0.0, 'candidates': []} | {'value': 'Milwaukee Accessory', 'score': 100.0, 'match': 'Milwaukee Accessory'}"
49-94-0029,"49-94-0029 Milw 6-1/2""x1/8""x5/8"" DKO Metal Cut Off Disc",,Milwaukee Accessory,Metal Cut Off Disc,,,,,,,,accepted,1,{'product_type': 0.7},"{'brand': None, 'source': None, 'confidence': 0.0, 'candidates': []} | {'value': 'Milwaukee Accessory', 'score': 100.0, 'match': 'Milwaukee Accessory'}"
49-94-0033,"49-94-0033 Milw 7""x1/16""x7/8"" Metal Cut Off Disc",,Milwaukee Accessory,Metal Cut Off Disc,,,,,,,,accepted,1,{'product_type': 0.7},"{'brand': None, 'source': None, 'confidence': 0.0, 'candidates': []} | {'value': 'Milwaukee Accessory', 'score': 100.0, 'match': 'Milwaukee Accessory'}"
49-94-0001,"49-94-0001 Milw 4""x.040""x5/8"" Metal Cut Off Disc",,Milwaukee Accessory,Metal Cut Off Disc,4.0,0.04,5.0,,,,,accepted,4,"{'diameter': 0.7, 'thickness': 0.7, 'arbor': 0.7, 'product_type': 0.7}","{'brand': None, 'source': None, 'confidence': 0.0, 'candidates': []} | {'value': 'Milwaukee Accessory', 'score': 100.0, 'match': 'Milwaukee Accessory'}"
49-94-0039,"49-94-0039 Milw 7""x1/8""x5/8"" DKO Metal Cut Off Disc",,Milwaukee Accessory,Metal Cut Off Disc,,,,,,,,accepted,1,{'product_type': 0.7},"{'brand': None, 'source': None, 'confidence': 0.0, 'candidates': []} | {'value': 'Milwaukee Accessory', 'score': 100.0, 'match': 'Milwaukee Accessory'}"
49-94-0043,"49-94-0043 Milw 9""x3/32""x7/8"" Metal Cut Off Disc",,Milwaukee Accessory,Metal Cut Off Disc,,,,,,,,accepted,1,{'product_type': 0.7},"{'brand': None, 'source': None, 'confidence': 0.0, 'candidates': []} | {'value': 'Milwaukee Accessory', 'score': 100.0, 'match': 'Milwaukee Accessory'}"
49-94-0048,"49-94-0048 Milw 12""x7/64""x1"" Metal Cut Off Disc General Purpose",,Milwaukee Accessory,Metal Cut Off Disc,,,,,,,,accepted,1,{'product_type': 0.7},"{'brand': None, 'source': None, 'confidence': 0.0, 'candidates': []} | {'value': 'Milwaukee Accessory', 'score': 100.0, 'match': 'Milwaukee Accessory'}"
49-94-0053,"49-94-0053 Milw 12""x1/8""x1"" Metal Cut Off Disc",,Milwaukee Accessory,Metal Cut Off Disc,,,,,,,,accepted,1,{'product_type': 0.7},"{'brand': None, 'source': None, 'confidence': 0.0, 'candidates': []} | {'value': 'Milwaukee Accessory', 'score': 100.0, 'match': 'Milwaukee Accessory'}"
49-94-0058,"49-94-0058 Milw 12""x1/8""x20mm Metal Cut Off Disc",,Milwaukee Accessory,Metal Cut Off Disc,,,,,,,,accepted,1,{'product_type': 0.7},"{'brand': None, 'source': None, 'confidence': 0.0, 'candidates': []} | {'value': 'Milwaukee Accessory', 'score': 100.0, 'match': 'Milwaukee Accessory'}"
49-94-0063,"49-94-0063 Milw 14""x7/64""x1"" Metal Cut Off Disc General Purpose",,Milwaukee Accessory,Metal Cut Off Disc,,,,,,,,accepted,1,{'product_type': 0.7},"{'brand': None, 'source': None, 'confidence': 0.0, 'candidates': []} | {'value': 'Milwaukee Accessory', 'score': 100.0, 'match': 'Milwaukee Accessory'}"
49-94-0068,"49-94-0068 Milw 14""x1/8""x20mm Metal Cut Off Disc",,Milwaukee Accessory,Metal Cut Off Disc,,,,,,,,accepted,1,{'product_type': 0.7},"{'brand': None, 'source': None, 'confidence': 0.0, 'candidates': []} | {'value': 'Milwaukee Accessory', 'score': 100.0, 'match': 'Milwaukee Accessory'}"
49-94-0073,"49-94-0073 Milw 14""x1/8""x1"" Metal Cut Off Disc",,Milwaukee Accessory,Metal Cut Off Disc,,,,,,,,accepted,1,{'product_type': 0.7},"{'brand': None, 'source': None, 'confidence': 0.0, 'candidates': []} | {'value': 'Milwaukee Accessory', 'score': 100.0, 'match': 'Milwaukee Accessory'}"
49-94-0101,"49-94-0101 Milw 4-1/2""x.045""x7/8"" Perform+ Metal Cut Off Disc 10pc",,Milwaukee Accessory,Metal Cut Off Disc,4.5,0.045,7.0,,,,10.0,accepted,5,"{'diameter': 0.7, 'thickness': 0.7, 'arbor': 0.7, 'product_type': 0.7, 'pack_quantity': 0.7}","{'brand': None, 'source': None, 'confidence': 0.0, 'candidates': []} | {'value': 'Milwaukee Accessory', 'score': 100.0, 'match': 'Milwaukee Accessory'}"
49-94-0107,"49-94-0107 Milw 4-1/2""x.045""x7/8"" Performance+ Metal Cut Off Disc",,Milwaukee Accessory,Metal Cut Off Disc,4.5,0.045,7.0,,,,,accepted,4,"{'diameter': 0.7, 'thickness': 0.7, 'arbor': 0.7, 'product_type': 0.7}","{'brand': None, 'source': None, 'confidence': 0.0, 'candidates': []} | {'value': 'Milwaukee Accessory', 'score': 100.0, 'match': 'Milwaukee Accessory'}"
49-94-0117,"49-94-0117 Milw 5""x.045""x7/8"" Performance+ Metal Cut Off Disc",,Milwaukee Accessory,Metal Cut Off Disc,5.0,0.045,7.0,,,,,accepted,4,"{'diameter': 0.7, 'thickness': 0.7, 'arbor': 0.7, 'product_type': 0.7}","{'brand': None, 'source': None, 'confidence': 0.0, 'candidates': []} | {'value': 'Milwaukee Accessory', 'score': 100.0, 'match': 'Milwaukee Accessory'}"
49-94-0123,"49-94-0123 Milw 6""x.045""x7/8"" Performance+ Metal Cut Off Disc",,Milwaukee Accessory,Metal Cut Off Disc,6.0,0.045,7.0,,,,,accepted,4,"{'diameter': 0.7, 'thickness': 0.7, 'arbor': 0.7, 'product_type': 0.7}","{'brand': None, 'source': None, 'confidence': 0.0, 'candidates': []} | {'value': 'Milwaukee Accessory', 'score': 100.0, 'match': 'Milwaukee Accessory'}"
49-94-0023,"49-94-0023 Milw 6""x.045""x7/8"" Metal Cut Off Disc",,Milwaukee Accessory,Metal Cut Off Disc,6.0,0.045,7.0,,,,,accepted,4,"{'diameter': 0.7, 'thickness': 0.7, 'arbor': 0.7, 'product_type': 0.7}","{'brand': None, 'source': None, 'confidence': 0.0, 'candidates': []} | {'value': 'Milwaukee Accessory', 'score': 100.0, 'match': 'Milwaukee Accessory'}"
49-94-0121,"49-94-0121 Milw 6""x.045""x7/8"" Performance+ Metal Cut Off Disc 10pc",,Milwaukee Accessory,Metal Cut Off Disc,6.0,0.045,7.0,,,,10.0,accepted,5,"{'diameter': 0.7, 'thickness': 0.7, 'arbor': 0.7, 'product_type': 0.7, 'pack_quantity': 0.7}","{'brand': None, 'source': None, 'confidence': 0.0, 'candidates': []} | {'value': 'Milwaukee Accessory', 'score': 100.0, 'match': 'Milwaukee Accessory'}"
49-94-0127,"49-94-0127 Milw 6""x.045""x7/8"" Performance+Metal Cut Off Disc",,Milwaukee Accessory,Metal Cut Off Disc,6.0,0.045,7.0,,,,,accepted,4,"{'diameter': 0.7, 'thickness': 0.7, 'arbor': 0.7, 'product_type': 0.7}","{'brand': None, 'source': None, 'confidence': 0.0, 'candidates': []} | {'value': 'Milwaukee Accessory', 'score': 100.0, 'match': 'Milwaukee Accessory'}"
49-94-0137,"49-94-0137 Milw 7""x3/32""x7/8"" Performance+ Metal Cut Off Disc",,Milwaukee Accessory,Metal Cut Off Disc,,,,,,,,accepted,1,{'product_type': 0.7},"{'brand': None, 'source': None, 'confidence': 0.0, 'candidates': []} | {'value': 'Milwaukee Accessory', 'score': 100.0, 'match': 'Milwaukee Accessory'}"
49-94-0160,"49-94-0160 Milw 14""x7/64""x1"" Performance+ Metal Cut Off Disc",,Milwaukee Accessory,Metal Cut Off Disc,,,,,,,,accepted,1,{'product_type': 0.7},"{'brand': None, 'source': None, 'confidence': 0.0, 'candidates': []} | {'value': 'Milwaukee Accessory', 'score': 100.0, 'match': 'Milwaukee Accessory'}"
49-94-0223,"49-94-0223 Milw 6""x.045""x7/8"" Ceramic+ Metal Cut Off Disc",,Milwaukee Accessory,Metal Cut Off Disc,6.0,0.045,7.0,,,,,accepted,4,"{'diameter': 0.7, 'thickness': 0.7, 'arbor': 0.7, 'product_type': 0.7}","{'brand': None, 'source': None, 'confidence': 0.0, 'candidates': []} | {'value': 'Milwaukee Accessory', 'score': 100.0, 'match': 'Milwaukee Accessory'}"
49-94-0445,"49-94-0445 Milw 10""x3/32""x5/8"" Performance+ Metal Cut Off Disc",,Milwaukee Accessory,Metal Cut Off Disc,,,,,,,,accepted,1,{'product_type': 0.7},"{'brand': None, 'source': None, 'confidence': 0.0, 'candidates': []} | {'value': 'Milwaukee Accessory', 'score': 100.0, 'match': 'Milwaukee Accessory'}"
49-94-0803,"49-94-0803 Milw 4-1/2""x1/8""x7/8"" Dual Metal Cut and Grind Disc",,Milwaukee Accessory,,,,,,,,,accepted,0,{},"{'brand': None, 'source': None, 'confidence': 0.0, 'candidates': []} | {'value': 'Milwaukee Accessory', 'score': 100.0, 'match': 'Milwaukee Accessory'}"
49-94-0903,"49-94-0903 Milw 4-1/2""x1/8""x7/8""Perform+Dual Metal Cut and Grind Disc",,Milwaukee Accessory,,,,,,,,,accepted,0,{},"{'brand': None, 'source': None, 'confidence': 0.0, 'candidates': []} | {'value': 'Milwaukee Accessory', 'score': 100.0, 'match': 'Milwaukee Accessory'}"
49-94-0907,"49-94-0907 Milw 4-1/2""x1/8""x5/8-11""Perform+Dual Metal Cut n Grind Disc",,Milwaukee Accessory,,,,,,,,,accepted,0,{},"{'brand': None, 'source': None, 'confidence': 0.0, 'candidates': []} | {'value': 'Milwaukee Accessory', 'score': 100.0, 'match': 'Milwaukee Accessory'}"
49-94-0923,"49-94-0923 Milw 6""x1/8""x7/8"" Perform+Dual Metal Cut and Grind Disc",,Milwaukee Accessory,,,,,,,,,accepted,0,{},"{'brand': None, 'source': None, 'confidence': 0.0, 'candidates': []} | {'value': 'Milwaukee Accessory', 'score': 100.0, 'match': 'Milwaukee Accessory'}"
49-94-1900,"49-94-1900 Milw 4""x1/8""x5/8"" Masonry Cut Off Disc",,Milwaukee Accessory,Metal Cut Off Disc,,,,,,,,accepted,1,{'product_type': 0.7},"{'brand': None, 'source': None, 'confidence': 0.0, 'candidates': []} | {'value': 'Milwaukee Accessory', 'score': 100.0, 'match': 'Milwaukee Accessory'}"
49-94-1905,"49-94-1905 Milw 4-1/2""x1/8""x7/8"" Masonry Cut Off Disc",,Milwaukee Accessory,Metal Cut Off Disc,,,,,,,,accepted,1,{'product_type': 0.7},"{'brand': None, 'source': None, 'confidence': 0.0, 'candidates': []} | {'value': 'Milwaukee Accessory', 'score': 100.0, 'match': 'Milwaukee Accessory'}"
49-94-1915,"49-94-1915 Milw 6-1/2""x1/8""x5/8"" DKO Masonry Cut Off Disc",,Milwaukee Accessory,Metal Cut Off Disc,,,,,,,,accepted,1,{'product_type': 0.7},"{'brand': None, 'source': None, 'confidence': 0.0, 'candidates': []} | {'value': 'Milwaukee Accessory', 'score': 100.0, 'match': 'Milwaukee Accessory'}"
49-94-1920,"49-94-1920 Milw 7""x1/8""x5/8"" DKO Masonry Cut Off Disc",,Milwaukee Accessory,Metal Cut Off Disc,,,,,,,,accepted,1,{'product_type': 0.7},"{'brand': None, 'source': None, 'confidence': 0.0, 'candidates': []} | {'value': 'Milwaukee Accessory', 'score': 100.0, 'match': 'Milwaukee Accessory'}"
49-94-1925,"49-94-1925 Milw 10""x1/8""x5/8"" Masonry Cut Off Disc",,Milwaukee Accessory,Metal Cut Off Disc,,,,,,,,accepted,1,{'product_type': 0.7},"{'brand': None, 'source': None, 'confidence': 0.0, 'candidates': []} | {'value': 'Milwaukee Accessory', 'score': 100.0, 'match': 'Milwaukee Accessory'}"
49-94-1935,"49-94-1935 Milw 12""x1/8""x1"" Masonry Cut Off Disc",,Milwaukee Accessory,Metal Cut Off Disc,,,,,,,,accepted,1,{'product_type': 0.7},"{'brand': None, 'source': None, 'confidence': 0.0, 'candidates': []} | {'value': 'Milwaukee Accessory', 'score': 100.0, 'match': 'Milwaukee Accessory'}"
49-94-1940,"49-94-1940 Milw 14""x1/8""x1"" Masonry Cut Off Disc",,Milwaukee Accessory,Metal Cut Off Disc,,,,,,,,accepted,1,{'product_type': 0.7},"{'brand': None, 'source': None, 'confidence': 0.0, 'candidates': []} | {'value': 'Milwaukee Accessory', 'score': 100.0, 'match': 'Milwaukee Accessory'}"
49-94-0501,"49-94-0501 Milw 4""x1/4""x5/8"" Metal Grinding Wheel",,Milwaukee Accessory,,,,,,,,,accepted,0,{},"{'brand': None, 'source': None, 'confidence': 0.0, 'candidates': []} | {'value': 'Milwaukee Accessory', 'score': 100.0, 'match': 'Milwaukee Accessory'}"
49-94-0503,"49-94-0503 Milw 4-1/2""x1/4""x7/8"" Metal Grinding Wheel",,Milwaukee Accessory,,,,,,,,,accepted,0,{},"{'brand': None, 'source': None, 'confidence': 0.0, 'candidates': []} | {'value': 'Milwaukee Accessory', 'score': 100.0, 'match': 'Milwaukee Accessory'}"
49-94-0523,"49-94-0523 Milw 6""x1/4""x7/8"" Metal Grinding Wheel",,Milwaukee Accessory,,,,,,,,,accepted,0,{},"{'brand': None, 'source': None, 'confidence': 0.0, 'candidates': []} | {'value': 'Milwaukee Accessory', 'score': 100.0, 'match': 'Milwaukee Accessory'}"
49-94-1955,"49-94-1955 Milw 4-1/2""x1/4""x7/8"" Masonry Grinding Wheel",,Milwaukee Accessory,,,,,,,,,accepted,0,{},"{'brand': None, 'source': None, 'confidence': 0.0, 'candidates': []} | {'value': 'Milwaukee Accessory', 'score': 100.0, 'match': 'Milwaukee Accessory'}"
49-94-1965,"49-94-1965 Milw 7""x1/4""x7/8"" Masonry Grinding Wheel",,Milwaukee Accessory,,,,,,,,,accepted,0,{},"{'brand': None, 'source': None, 'confidence': 0.0, 'candidates': []} | {'value': 'Milwaukee Accessory', 'score': 100.0, 'match': 'Milwaukee Accessory'}"
49-94-0513,"49-94-0513 Milw 5""x1/4""x7/8"" Metal Grinding Wheel",,Milwaukee Accessory,,,,,,,,,accepted,0,{},"{'brand': None, 'source': None, 'confidence': 0.0, 'candidates': []} | {'value': 'Milwaukee Accessory', 'score': 100.0, 'match': 'Milwaukee Accessory'}"
49-94-0533,"49-94-0533 Milw 7""x1/4""x7/8"" Metal Grinding Wheel",,Milwaukee Accessory,,,,,,,,,accepted,0,{},"{'brand': None, 'source': None, 'confidence': 0.0, 'candidates': []} | {'value': 'Milwaukee Accessory', 'score': 100.0, 'match': 'Milwaukee Accessory'}"
DFBLBLOMFN01G,DFBLBLOMFN01G Diablo 220 Grit - Flat Edge Sanding Sponge,Diablo,Freud Inc,,,,,,,,,accepted,0,{},"{'brand': 'Diablo', 'source': 'description', 'confidence': 0.85, 'candidates': ['Diablo']} | {'value': 'Freud Inc', 'score': 100.0, 'match': 'Freud Inc'}"
1700-1PK-BB40,3/4x60' Vinyl Elect Tape,3M,3 M Co,,,,,,,,,accepted,0,{},"{'brand': '3M', 'source': 'structured_field', 'confidence': 0.99, 'candidates': ['3M']} | {'value': '3 M Co', 'score': 100.0, 'match': '3 M Co'}"
ASH-40-40-04,1.5x1.5x13' Legacy Emseal Tape,,Emseal Joint Systems Ltd,,,,,,,,,accepted,0,{},"{'brand': None, 'source': None, 'confidence': 0.0, 'candidates': []} | {'value': 'Emseal Joint Systems Ltd', 'score': 100.0, 'match': 'Emseal Joint Systems Ltd'}"
KDFM404KPS,KDFM404KPS Dishwasher SS,,Appliance Dealers Cooperative,,,,,,,,,accepted,0,{},"{'brand': None, 'source': None, 'confidence': 0.0, 'candidates': []} | {'value': 'Appliance Dealers Cooperative', 'score': 100.0, 'match': 'Appliance Dealers Cooperative'}"
PDSH4816AF,PDSH4816AF Dishwasher SS - Display Only,,Appliance Dealers Cooperative,,,,,,,,,accepted,0,{},"{'brand': None, 'source': None, 'confidence': 0.0, 'candidates': []} | {'value': 'Appliance Dealers Cooperative', 'score': 100.0, 'match': 'Appliance Dealers Cooperative'}"
PDT715SYVFS,PDT715SYVFS Ge Dishwasher SS,,Appliance Dealers Cooperative,,,,,,,,,accepted,0,{},"{'brand': None, 'source': None, 'confidence': 0.0, 'candidates': []} | {'value': 'Appliance Dealers Cooperative', 'score': 100.0, 'match': 'Appliance Dealers Cooperative'}"
LDPH5554D,LDPH5554D LG Dishwasher BSS,,Appliance Dealers Cooperative,,,,,,,,,accepted,0,{},"{'brand': None, 'source': None, 'confidence': 0.0, 'candidates': []} | {'value': 'Appliance Dealers Cooperative', 'score': 100.0, 'match': 'Appliance Dealers Cooperative'}"
WDTS7024RZ,WDTS7024RZ Dishwasher SS - Display Only,,Appliance Dealers Cooperative,,,,,,,,,accepted,0,{},"{'brand': None, 'source': None, 'confidence': 0.0, 'candidates': []} | {'value': 'Appliance Dealers Cooperative', 'score': 100.0, 'match': 'Appliance Dealers Cooperative'}"
PDD415PYYFS,PDD415PYYFS GE Dishwasher SS,,Appliance Dealers Cooperative,,,,,,,,,accepted,0,{},"{'brand': None, 'source': None, 'confidence': 0.0, 'candidates': []} | {'value': 'Appliance Dealers Cooperative', 'score': 100.0, 'match': 'Appliance Dealers Cooperative'}"
KDTS424SBE,KDTS424SBE Kitchen Aid Dishwasher Bk,,Appliance Dealers Cooperative,,,,,,,,,accepted,0,{},"{'brand': None, 'source': None, 'confidence': 0.0, 'candidates': []} | {'value': 'Appliance Dealers Cooperative', 'score': 100.0, 'match': 'Appliance Dealers Cooperative'}"
KDTS324SPS,KDTS324SPS Kitchen Aid Dishwasher SS,,Appliance Dealers Cooperative,,,,,,,,,accepted,0,{},"{'brand': None, 'source': None, 'confidence': 0.0, 'candidates': []} | {'value': 'Appliance Dealers Cooperative', 'score': 100.0, 'match': 'Appliance Dealers Cooperative'}"
KDPS624SJP,KDPS624SJP Dishwasher Juniper - Display Only,,Appliance Dealers Cooperative,,,,,,,,,accepted,0,{},"{'brand': None, 'source': None, 'confidence': 0.0, 'candidates': []} | {'value': 'Appliance Dealers Cooperative', 'score': 100.0, 'match': 'Appliance Dealers Cooperative'}"
KDTS624SBE,KDTS624SBE Dishwasher BO Display Only,,Appliance Dealers Cooperative,,,,,,,,,accepted,0,{},"{'brand': None, 'source': None, 'confidence': 0.0, 'candidates': []} | {'value': 'Appliance Dealers Cooperative', 'score': 100.0, 'match': 'Appliance Dealers Cooperative'}"
D519127,D519127 Heater Kit,,V & V Appliance Parts Inc,,,,,,,,,accepted,0,{},"{'brand': None, 'source': None, 'confidence': 0.0, 'candidates': []} | {'value': 'V & V Appliance Parts Inc', 'score': 100.0, 'match': 'V & V Appliance Parts Inc'}"
DF7004WE,DF7004WE Speed Queen Elect Dryer Wh,,Appliance Dealers Cooperative,,,,,,,,,accepted,0,{},"{'brand': None, 'source': None, 'confidence': 0.0, 'candidates': []} | {'value': 'Appliance Dealers Cooperative', 'score': 100.0, 'match': 'Appliance Dealers Cooperative'}"
DR7004BE,DR7004BE SQ Elect Dryer Bk,,Appliance Dealers Cooperative,,,,,,,,,accepted,0,{},"{'brand': None, 'source': None, 'confidence': 0.0, 'candidates': []} | {'value': 'Appliance Dealers Cooperative', 'score': 100.0, 'match': 'Appliance Dealers Cooperative'}"
DV2000WE,DV2000WE SQ Elect Dryer Wh,,Appliance Dealers Cooperative,,,,,,,,,accepted,0,{},"{'brand': None, 'source': None, 'confidence': 0.0, 'candidates': []} | {'value': 'Appliance Dealers Cooperative', 'score': 100.0, 'match': 'Appliance Dealers Cooperative'}"
DC5004WE,DC5004WE SQ Elect Dryer Wh,,Appliance Dealers Cooperative,,,,,,,,,accepted,0,{},"{'brand': None, 'source': None, 'confidence': 0.0, 'candidates': []} | {'value': 'Appliance Dealers Cooperative', 'score': 100.0, 'match': 'Appliance Dealers Cooperative'}"
DC5004BE,DC5004BE SQ Elect Dryer Bk,,Appliance Dealers Cooperative,,,,,,,,,accepted,0,{},"{'brand': None, 'source': None, 'confidence': 0.0, 'candidates': []} | {'value': 'Appliance Dealers Cooperative', 'score': 100.0, 'match': 'Appliance Dealers Cooperative'}"
WKE100HWA,WKE100HWA LG Laundry Center Wh - Display,,Appliance Dealers Cooperative,,,,,,,,,accepted,0,{},"{'brand': None, 'source': None, 'confidence': 0.0, 'candidates': []} | {'value': 'Appliance Dealers Cooperative', 'score': 100.0, 'match': 'Appliance Dealers Cooperative'}"
FF7011WN,FF7011WN Speed Queen Washer Wh,,Appliance Dealers Cooperative,,,,,,,,,accepted,0,{},"{'brand': None, 'source': None, 'confidence': 0.0, 'candidates': []} | {'value': 'Appliance Dealers Cooperative', 'score': 100.0, 'match': 'Appliance Dealers Cooperative'}"
PTD70GBPTDG,PTD70GBPTDG GE Gas Dryer DG,,Appliance Dealers Cooperative,,,,,,,,,accepted,0,{},"{'brand': None, 'source': None, 'confidence': 0.0, 'candidates': []} | {'value': 'Appliance Dealers Cooperative', 'score': 100.0, 'match': 'Appliance Dealers Cooperative'}"
PTD70GBSTWS,PTD70GBSTWS GE Gas Dryer Wh,,Appliance Dealers Cooperative,,,,,,,,,accepted,0,{},"{'brand': None, 'source': None, 'confidence': 0.0, 'candidates': []} | {'value': 'Appliance Dealers Cooperative', 'score': 100.0, 'match': 'Appliance Dealers Cooperative'}"
DR5004WG,DR5004WG SQ Gas Dryer Wh,,Appliance Dealers Cooperative,,,,,,,,,accepted,0,{},"{'brand': None, 'source': None, 'confidence': 0.0, 'candidates': []} | {'value': 'Appliance Dealers Cooperative', 'score': 100.0, 'match': 'Appliance Dealers Cooperative'}"
DR7004BG,DR7004BG SQ Gas Dryer Bk,,Appliance Dealers Cooperative,,,,,,,,,accepted,0,{},"{'brand': None, 'source': None, 'confidence': 0.0, 'candidates': []} | {'value': 'Appliance Dealers Cooperative', 'score': 100.0, 'match': 'Appliance Dealers Cooperative'}"
DR7004WG,DR7004WG SQ Gas Dryer Wh,,Appliance Dealers Cooperative,,,,,,,,,accepted,0,{},"{'brand': None, 'source': None, 'confidence': 0.0, 'candidates': []} | {'value': 'Appliance Dealers Cooperative', 'score': 100.0, 'match': 'Appliance Dealers Cooperative'}"
DV2000WG,DV2000WG SQ Gas Dryer Wh,,Appliance Dealers Cooperative,,,,,,,,,accepted,0,{},"{'brand': None, 'source': None, 'confidence': 0.0, 'candidates': []} | {'value': 'Appliance Dealers Cooperative', 'score': 100.0, 'match': 'Appliance Dealers Cooperative'}"
DC5004WG,DC5004WG SQ Gas Dryer Wh,,Appliance Dealers Cooperative,,,,,,,,,accepted,0,{},"{'brand': None, 'source': None, 'confidence': 0.0, 'candidates': []} | {'value': 'Appliance Dealers Cooperative', 'score': 100.0, 'match': 'Appliance Dealers Cooperative'}"
DC5004BG,DC5004BG SQ Gas Dryer Bk,,Appliance Dealers Cooperative,,,,,,,,,accepted,0,{},"{'brand': None, 'source': None, 'confidence': 0.0, 'candidates': []} | {'value': 'Appliance Dealers Cooperative', 'score': 100.0, 'match': 'Appliance Dealers Cooperative'}"
PTW705BSTWS,PTW705BSTWS GE Washer Wh,,Appliance Dealers Cooperative,,,,,,,,,accepted,0,{},"{'brand': None, 'source': None, 'confidence': 0.0, 'candidates': []} | {'value': 'Appliance Dealers Cooperative', 'score': 100.0, 'match': 'Appliance Dealers Cooperative'}"
MVWP586GW,MVWP586GW Washer Wh - Display,,Appliance Dealers Cooperative,,,,,,,,,accepted,0,{},"{'brand': None, 'source': None, 'confidence': 0.0, 'candidates': []} | {'value': 'Appliance Dealers Cooperative', 'score': 100.0, 'match': 'Appliance Dealers Cooperative'}"
TV2000WN,TV2000WN SQ Elect Washer,,Appliance Dealers Cooperative,,,,,,,,,accepted,0,{},"{'brand': None, 'source': None, 'confidence': 0.0, 'candidates': []} | {'value': 'Appliance Dealers Cooperative', 'score': 100.0, 'match': 'Appliance Dealers Cooperative'}"
TC5003BN,TC5003BN SQ Washer Bk,,Appliance Dealers Cooperative,,,,,,,,,accepted,0,{},"{'brand': None, 'source': None, 'confidence': 0.0, 'candidates': []} | {'value': 'Appliance Dealers Cooperative', 'score': 100.0, 'match': 'Appliance Dealers Cooperative'}"
TR7006WN,TR7006WN Speed Queen Washer Wh,,Appliance Dealers Cooperative,,,,,,,,,accepted,0,{},"{'brand': None, 'source': None, 'confidence': 0.0, 'candidates': []} | {'value': 'Appliance Dealers Cooperative', 'score': 100.0, 'match': 'Appliance Dealers Cooperative'}"
TR7006BN,TR7006BN Speed Queen Washer Bk,,Appliance Dealers Cooperative,,,,,,,,,accepted,0,{},"{'brand': None, 'source': None, 'confidence': 0.0, 'candidates': []} | {'value': 'Appliance Dealers Cooperative', 'score': 100.0, 'match': 'Appliance Dealers Cooperative'}"
TR5006WN,TR5006WN Speed Queen Washer Wh,,Appliance Dealers Cooperative,,,,,,,,,accepted,0,{},"{'brand': None, 'source': None, 'confidence': 0.0, 'candidates': []} | {'value': 'Appliance Dealers Cooperative', 'score': 100.0, 'match': 'Appliance Dealers Cooperative'}"
05134545001,9516 Kneeling Pad& Bttl Opener,,Wera Tools NA Inc,,,,,,,,,accepted,0,{},"{'brand': None, 'source': None, 'confidence': 0.0, 'candidates': []} | {'value': 'Wera Tools NA Inc', 'score': 100.0, 'match': 'Wera Tools NA Inc'}"
LNL65301,LNL65301 Digital Tire Pressure - Inflator Gauge,,First Alert - B R K Brands,,,,,,,,,accepted,0,{},"{'brand': None, 'source': None, 'confidence': 0.0, 'candidates': []} | {'value': 'First Alert - B R K Brands', 'score': 100.0, 'match': 'First Alert - B R K Brands'}"
25-A,Charcoal Black 25-A Mortar - Type N,,Rees Cast Stone Company,,,,,,,,,accepted,0,{},"{'brand': None, 'source': None, 'confidence': 0.0, 'candidates': []} | {'value': 'Rees Cast Stone Company', 'score': 100.0, 'match': 'Rees Cast Stone Company'}"
38-E,Dark Chocolate 38-E Mortar - Type N,,Rees Cast Stone Company,,,,,,,,,accepted,0,{},"{'brand': None, 'source': None, 'confidence': 0.0, 'candidates': []} | {'value': 'Rees Cast Stone Company', 'score': 100.0, 'match': 'Rees Cast Stone Company'}"
59-J,Light Buff 59-J Mortar - Type N,,Rees Cast Stone Company,,,,,,,,,accepted,0,{},"{'brand': None, 'source': None, 'confidence': 0.0, 'candidates': []} | {'value': 'Rees Cast Stone Company', 'score': 100.0, 'match': 'Rees Cast Stone Company'}"
44-A,Light Chocolate 44-A Mortar - Type N,,Rees Cast Stone Company,,,,,,,,,accepted,0,{},"{'brand': None, 'source': None, 'confidence': 0.0, 'candidates': []} | {'value': 'Rees Cast Stone Company', 'score': 100.0, 'match': 'Rees Cast Stone Company'}"
543302126,6' Wh Select T-Rail Kit Horiz - w/Sq Composite Balusters,TREX,U S Lumber,,,,,,,,,accepted,0,{},"{'brand': 'TREX', 'source': 'structured_field', 'confidence': 0.99, 'candidates': ['TREX']} | {'value': 'U S Lumber', 'score': 100.0, 'match': 'U S Lumber'}"
543302146,8' Wh Select T-Rail Kit Horiz - w/Sq Composite Balusters,TREX,U S Lumber,,,,,,,,,accepted,0,{},"{'brand': 'TREX', 'source': 'structured_field', 'confidence': 0.99, 'candidates': ['TREX']} | {'value': 'U S Lumber', 'score': 100.0, 'match': 'U S Lumber'}"
73019603,Finyline Wh 6' Fl Rail Kit Sq,,First Alert - B R K Brands,,,,,,,,,accepted,0,{},"{'brand': None, 'source': None, 'confidence': 0.0, 'candidates': []} | {'value': 'First Alert - B R K Brands', 'score': 100.0, 'match': 'First Alert - B R K Brands'}"
73019652,Finyline Wh 8' Fl Rail Kit Sq,,First Alert - B R K Brands,,,,,,,,,accepted,0,{},"{'brand': None, 'source': None, 'confidence': 0.0, 'candidates': []} | {'value': 'First Alert - B R K Brands', 'score': 100.0, 'match': 'First Alert - B R K Brands'}"
73019517,Finyline Wh 10' Fl Rail Kit Sq,,First Alert - B R K Brands,,,,,,,,,accepted,0,{},"{'brand': None, 'source': None, 'confidence': 0.0, 'candidates': []} | {'value': 'First Alert - B R K Brands', 'score': 100.0, 'match': 'First Alert - B R K Brands'}"
73019602,Finyline Wh 6' Fl Rail Kit Rd - w/Black Alum Balusters,,First Alert - B R K Brands,,,,,,,,,accepted,0,{},"{'brand': None, 'source': None, 'confidence': 0.0, 'candidates': []} | {'value': 'First Alert - B R K Brands', 'score': 100.0, 'match': 'First Alert - B R K Brands'}"
73019651,Finyline Wh 8' Fl Rail Kit Rd - w/Black Alum Balusters,,First Alert - B R K Brands,,,,,,,,,accepted,0,{},"{'brand': None, 'source': None, 'confidence': 0.0, 'candidates': []} | {'value': 'First Alert - B R K Brands', 'score': 100.0, 'match': 'First Alert - B R K Brands'}"
73019516,Finyline Wh 10' Fl Rail Kit Rd - w/Black Alum Balusters,,First Alert - B R K Brands,,,,,,,,,accepted,0,{},"{'brand': None, 'source': None, 'confidence': 0.0, 'candidates': []} | {'value': 'First Alert - B R K Brands', 'score': 100.0, 'match': 'First Alert - B R K Brands'}"
543300256,6' Black Select Classic Horiz - Rail w/Rnd Black Alum Baluster,TREX,Boise Cascade Building Materials,,,,,,,,,accepted,0,{},"{'brand': 'TREX', 'source': 'structured_field', 'confidence': 0.99, 'candidates': ['TREX']} | {'value': 'Boise Cascade Building Materials', 'score': 100.0, 'match': 'Boise Cascade Building Materials'}"
543300276,8' Black Select Classic Horiz - Rail w/Rnd Black Alum Baluster,TREX,Boise Cascade Building Materials,,,,,,,,,accepted,0,{},"{'brand': 'TREX', 'source': 'structured_field', 'confidence': 0.99, 'candidates': ['TREX']} | {'value': 'Boise Cascade Building Materials', 'score': 100.0, 'match': 'Boise Cascade Building Materials'}"
73045028,Custom Finyline Wh Gate Sq Bal,,First Alert - B R K Brands,,,,,,,,,accepted,0,{},"{'brand': None, 'source': None, 'confidence': 0.0, 'candidates': []} | {'value': 'First Alert - B R K Brands', 'score': 100.0, 'match': 'First Alert - B R K Brands'}"
73045031,Custom Finyline Wh Gate Rd - w/Black Alum Balusters,,First Alert - B R K Brands,,,,,,,,,accepted,0,{},"{'brand': None, 'source': None, 'confidence': 0.0, 'candidates': []} | {'value': 'First Alert - B R K Brands', 'score': 100.0, 'match': 'First Alert - B R K Brands'}"
543340126,"6'x36"" Select Alm w/Sq Bal Hor - Assembled Black Rail Panel",TREX,Boise Cascade Building Materials,,,,,,,,,accepted,0,{},"{'brand': 'TREX', 'source': 'structured_field', 'confidence': 0.99, 'candidates': ['TREX']} | {'value': 'Boise Cascade Building Materials', 'score': 100.0, 'match': 'Boise Cascade Building Materials'}"
543340127,"6'x36"" Select Alm w/Sq Bal Str - Assembled Black Rail Panel",TREX,Boise Cascade Building Materials,,,,,,,,,accepted,0,{},"{'brand': 'TREX', 'source': 'structured_field', 'confidence': 0.99, 'candidates': ['TREX']} | {'value': 'Boise Cascade Building Materials', 'score': 100.0, 'match': 'Boise Cascade Building Materials'}"
543340146,"8'x36"" Select Alm w/Sq Bal Hor - Assembled Black Rail Panel",TREX,Boise Cascade Building Materials,,,,,,,,,accepted,0,{},"{'brand': 'TREX', 'source': 'structured_field', 'confidence': 0.99, 'candidates': ['TREX']} | {'value': 'Boise Cascade Building Materials', 'score': 100.0, 'match': 'Boise Cascade Building Materials'}"
543340147,"8'x36"" Select Alm w/Sq Bal Str - Assembled Black Rail Panel",TREX,Boise Cascade Building Materials,,,,,,,,,accepted,0,{},"{'brand': 'TREX', 'source': 'structured_field', 'confidence': 0.99, 'candidates': ['TREX']} | {'value': 'Boise Cascade Building Materials', 'score': 100.0, 'match': 'Boise Cascade Building Materials'}"
ADB15516CS,1x6-16' Coastline Sq Edge - Vintage Azek PVC Decking,TIMBERTECH,Parksite,,,,,,,,,accepted,0,{},"{'brand': 'TIMBERTECH', 'source': 'structured_field', 'confidence': 0.99, 'candidates': ['TIMBERTECH']} | {'value': 'Parksite', 'score': 100.0, 'match': 'Parksite'}"
ADB15520CS,1x6-20' Coastline Sq Edge - Vintage Azek PVC Decking,TIMBERTECH,Parksite,,,,,,,,,accepted,0,{},"{'brand': 'TIMBERTECH', 'source': 'structured_field', 'confidence': 0.99, 'candidates': ['TIMBERTECH']} | {'value': 'Parksite', 'score': 100.0, 'match': 'Parksite'}"
ADB15516EW,1x6-16' English Walnut Sq Edge - Vintage Azek PVC Decking,TIMBERTECH,Parksite,,,,,,,,,accepted,0,{},"{'brand': 'TIMBERTECH', 'source': 'structured_field', 'confidence': 0.99, 'candidates': ['TIMBERTECH']} | {'value': 'Parksite', 'score': 100.0, 'match': 'Parksite'}"
ADB15520EW,1x6-20' English Walnut Sq Edge - Vintage Azek PVC Decking,TIMBERTECH,Parksite,,,,,,,,,accepted,0,{},"{'brand': 'TIMBERTECH', 'source': 'structured_field', 'confidence': 0.99, 'candidates': ['TIMBERTECH']} | {'value': 'Parksite', 'score': 100.0, 'match': 'Parksite'}"
ADB15516MH,1x6-16' Mahogany Sq Edge - Vintage Azek PVC Decking,TIMBERTECH,Parksite,,,,,,,,,accepted,0,{},"{'brand': 'TIMBERTECH', 'source': 'structured_field', 'confidence': 0.99, 'candidates': ['TIMBERTECH']} | {'value': 'Parksite', 'score': 100.0, 'match': 'Parksite'}"
ADB15520MH,1x6-20' Mahogany Sq Edge - Vintage Azek PVC Decking,TIMBERTECH,Parksite,,,,,,,,,accepted,0,{},"{'brand': 'TIMBERTECH', 'source': 'structured_field', 'confidence': 0.99, 'candidates': ['TIMBERTECH']} | {'value': 'Parksite', 'score': 100.0, 'match': 'Parksite'}"
ADB15516WT,1x6-16' Weathered Teak Sq Edge - Vintage Azek PVC Decking,TIMBERTECH,Parksite,,,,,,,,,accepted,0,{},"{'brand': 'TIMBERTECH', 'source': 'structured_field', 'confidence': 0.99, 'candidates': ['TIMBERTECH']} | {'value': 'Parksite', 'score': 100.0, 'match': 'Parksite'}"
ADB15520WT,1x6-20' Weathered Teak Sq Edge - Vintage Azek PVC Decking,TIMBERTECH,Parksite,,,,,,,,,accepted,0,{},"{'brand': 'TIMBERTECH', 'source': 'structured_field', 'confidence': 0.99, 'candidates': ['TIMBERTECH']} | {'value': 'Parksite', 'score': 100.0, 'match': 'Parksite'}"
AGB15512CS,1x6-12' Coastline Grooved - Vintage Azek PVC Decking,TIMBERTECH,Parksite,,,,,,,,,accepted,0,{},"{'brand': 'TIMBERTECH', 'source': 'structured_field', 'confidence': 0.99, 'candidates': ['TIMBERTECH']} | {'value': 'Parksite', 'score': 100.0, 'match': 'Parksite'}"
AGB15516CS,1x6-16' Coastline Grooved - Vintage Azek PVC Decking,TIMBERTECH,Parksite,,,,,,,,,accepted,0,{},"{'brand': 'TIMBERTECH', 'source': 'structured_field', 'confidence': 0.99, 'candidates': ['TIMBERTECH']} | {'value': 'Parksite', 'score': 100.0, 'match': 'Parksite'}"
AGB15520CS,1x6-20' Coastline Grooved - Vintage Azek PVC Decking,TIMBERTECH,Parksite,,,,,,,,,accepted,0,{},"{'brand': 'TIMBERTECH', 'source': 'structured_field', 'confidence': 0.99, 'candidates': ['TIMBERTECH']} | {'value': 'Parksite', 'score': 100.0, 'match': 'Parksite'}"
AGB15512EW,1x6-12' English Walnut Grooved - Vintage Azek PVC Decking,TIMBERTECH,Parksite,,,,,,,,,accepted,0,{},"{'brand': 'TIMBERTECH', 'source': 'structured_field', 'confidence': 0.99, 'candidates': ['TIMBERTECH']} | {'value': 'Parksite', 'score': 100.0, 'match': 'Parksite'}"
AGB15516EW,1x6-16' English Walnut Grooved - Vintage Azek PVC Decking,TIMBERTECH,Parksite,,,,,,,,,accepted,0,{},"{'brand': 'TIMBERTECH', 'source': 'structured_field', 'confidence': 0.99, 'candidates': ['TIMBERTECH']} | {'value': 'Parksite', 'score': 100.0, 'match': 'Parksite'}"
AGB15520EW,1x6-20' English Walnut Grooved - Vintage Azek PVC Decking,TIMBERTECH,Parksite,,,,,,,,,accepted,0,{},"{'brand': 'TIMBERTECH', 'source': 'structured_field', 'confidence': 0.99, 'candidates': ['TIMBERTECH']} | {'value': 'Parksite', 'score': 100.0, 'match': 'Parksite'}"
AGB15512MH,1x6-12' Mahogany Grooved - Vintage Azek PVC Decking,TIMBERTECH,Parksite,,,,,,,,,accepted,0,{},"{'brand': 'TIMBERTECH', 'source': 'structured_field', 'confidence': 0.99, 'candidates': ['TIMBERTECH']} | {'value': 'Parksite', 'score': 100.0, 'match': 'Parksite'}"
AGB15516MH,1x6-16' Mahogany Grooved - Vintage Azek PVC Decking,TIMBERTECH,Parksite,,,,,,,,,accepted,0,{},"{'brand': 'TIMBERTECH', 'source': 'structured_field', 'confidence': 0.99, 'candidates': ['TIMBERTECH']} | {'value': 'Parksite', 'score': 100.0, 'match': 'Parksite'}"
AGB15520MH,1x6-20' Mahogany Grooved - Vintage Azek PVC Decking,TIMBERTECH,Parksite,,,,,,,,,accepted,0,{},"{'brand': 'TIMBERTECH', 'source': 'structured_field', 'confidence': 0.99, 'candidates': ['TIMBERTECH']} | {'value': 'Parksite', 'score': 100.0, 'match': 'Parksite'}"
AGB15512WT,1x6-12' Weathered Teak Grooved - Vintage Azek PVC Decking,TIMBERTECH,Parksite,,,,,,,,,accepted,0,{},"{'brand': 'TIMBERTECH', 'source': 'structured_field', 'confidence': 0.99, 'candidates': ['TIMBERTECH']} | {'value': 'Parksite', 'score': 100.0, 'match': 'Parksite'}"
AGB15516WT,1x6-16' Weathered Teak Grooved - Vintage Azek PVC Decking,TIMBERTECH,Parksite,,,,,,,,,accepted,0,{},"{'brand': 'TIMBERTECH', 'source': 'structured_field', 'confidence': 0.99, 'candidates': ['TIMBERTECH']} | {'value': 'Parksite', 'score': 100.0, 'match': 'Parksite'}"
AGB15520WT,1x6-20' Weathered Teak Grooved - Vintage Azek PVC Decking,TIMBERTECH,Parksite,,,,,,,,,accepted,0,{},"{'brand': 'TIMBERTECH', 'source': 'structured_field', 'confidence': 0.99, 'candidates': ['TIMBERTECH']} | {'value': 'Parksite', 'score': 100.0, 'match': 'Parksite'}"
ADB15516AW,1x6-16' American Walnut Sq Edg - Landmark Azek PVC Decking,TIMBERTECH,Parksite,,,,,,,,,accepted,0,{},"{'brand': 'TIMBERTECH', 'source': 'structured_field', 'confidence': 0.99, 'candidates': ['TIMBERTECH']} | {'value': 'Parksite', 'score': 100.0, 'match': 'Parksite'}"
ADB15520AW,1x6-20' American Walnut Sq Edg - Landmark Azek PVC Decking,TIMBERTECH,Parksite,,,,,,,,,accepted,0,{},"{'brand': 'TIMBERTECH', 'source': 'structured_field', 'confidence': 0.99, 'candidates': ['TIMBERTECH']} | {'value': 'Parksite', 'score': 100.0, 'match': 'Parksite'}"
ADB15516CG,1x6-16' Castle Gate Sq Edge - Landmark Azek PVC Decking,TIMBERTECH,Parksite,,,,,,,,,accepted,0,{},"{'brand': 'TIMBERTECH', 'source': 'structured_field', 'confidence': 0.99, 'candidates': ['TIMBERTECH']} | {'value': 'Parksite', 'score': 100.0, 'match': 'Parksite'}"
ADB15520CG,1x6-20' Castle Gate Sq Edge - Landmark Azek PVC Decking,TIMBERTECH,Parksite,,,,,,,,,accepted,0,{},"{'brand': 'TIMBERTECH', 'source': 'structured_field', 'confidence': 0.99, 'candidates': ['TIMBERTECH']} | {'value': 'Parksite', 'score': 100.0, 'match': 'Parksite'}"
ADB15516FW,1x6-16' French White Oak Sq Ed - Landmark Azek PVC Decking,TIMBERTECH,Parksite,,,,,,,,,accepted,0,{},"{'brand': 'TIMBERTECH', 'source': 'structured_field', 'confidence': 0.99, 'candidates': ['TIMBERTECH']} | {'value': 'Parksite', 'score': 100.0, 'match': 'Parksite'}"
ADB15520FW,1x6-20' French White Oak Sq Ed - Landmark Azek PVC Decking,TIMBERTECH,Parksite,,,,,,,,,accepted,0,{},"{'brand': 'TIMBERTECH', 'source': 'structured_field', 'confidence': 0.99, 'candidates': ['TIMBERTECH']} | {'value': 'Parksite', 'score': 100.0, 'match': 'Parksite'}"
AGB15512AW,1x6-12' American Walnut Groove - Landmark Azek PVC Decking,TIMBERTECH,Parksite,,,,,,,,,accepted,0,{},"{'brand': 'TIMBERTECH', 'source': 'structured_field', 'confidence': 0.99, 'candidates': ['TIMBERTECH']} | {'value': 'Parksite', 'score': 100.0, 'match': 'Parksite'}"
AGB15516AW,1x6-16' American Walnut Groove - Landmark Azek PVC Decking,TIMBERTECH,Parksite,,,,,,,,,accepted,0,{},"{'brand': 'TIMBERTECH', 'source': 'structured_field', 'confidence': 0.99, 'candidates': ['TIMBERTECH']} | {'value': 'Parksite', 'score': 100.0, 'match': 'Parksite'}"
AGB15520AW,1x6-20' American Walnut Groove - Landmark Azek PVC Decking,TIMBERTECH,Parksite,,,,,,,,,accepted,0,{},"{'brand': 'TIMBERTECH', 'source': 'structured_field', 'confidence': 0.99, 'candidates': ['TIMBERTECH']} | {'value': 'Parksite', 'score': 100.0, 'match': 'Parksite'}"
AGB15512CG,1x6-12' Castle Gate Grooved - Landmark Azek PVC Decking,TIMBERTECH,Parksite,,,,,,,,,accepted,0,{},"{'brand': 'TIMBERTECH', 'source': 'structured_field', 'confidence': 0.99, 'candidates': ['TIMBERTECH']} | {'value': 'Parksite', 'score': 100.0, 'match': 'Parksite'}"
AGB15516CG,1x6-16' Castle Gate Grooved - Landmark Azek PVC Decking,TIMBERTECH,Parksite,,,,,,,,,accepted,0,{},"{'brand': 'TIMBERTECH', 'source': 'structured_field', 'confidence': 0.99, 'candidates': ['TIMBERTECH']} | {'value': 'Parksite', 'score': 100.0, 'match': 'Parksite'}"
AGB15520CG,1x6-20' Castle Gate Grooved - Landmark Azek PVC Decking,TIMBERTECH,Parksite,,,,,,,,,accepted,0,{},"{'brand': 'TIMBERTECH', 'source': 'structured_field', 'confidence': 0.99, 'candidates': ['TIMBERTECH']} | {'value': 'Parksite', 'score': 100.0, 'match': 'Parksite'}"
AGB15512FW,1x6-12' French White Oak Groov - Landmark Azek PVC Decking,TIMBERTECH,Parksite,,,,,,,,,accepted,0,{},"{'brand': 'TIMBERTECH', 'source': 'structured_field', 'confidence': 0.99, 'candidates': ['TIMBERTECH']} | {'value': 'Parksite', 'score': 100.0, 'match': 'Parksite'}"
AGB15516FW,1x6-16' French White Oak Groov - Landmark Azek PVC Decking,TIMBERTECH,Parksite,,,,,,,,,accepted,0,{},"{'brand': 'TIMBERTECH', 'source': 'structured_field', 'confidence': 0.99, 'candidates': ['TIMBERTECH']} | {'value': 'Parksite', 'score': 100.0, 'match': 'Parksite'}"
AGB15520FW,1x6-20' French White Oak Groov - Landmark Azek PVC Decking,TIMBERTECH,Parksite,,,,,,,,,accepted,0,{},"{'brand': 'TIMBERTECH', 'source': 'structured_field', 'confidence': 0.99, 'candidates': ['TIMBERTECH']} | {'value': 'Parksite', 'score': 100.0, 'match': 'Parksite'}"
ADCB15516BS,1x6-16' Brownstone Sq Edge - Harvest Azek PVC Decking,TIMBERTECH,Parksite,,,,,,,,,accepted,0,{},"{'brand': 'TIMBERTECH', 'source': 'structured_field', 'confidence': 0.99, 'candidates': ['TIMBERTECH']} | {'value': 'Parksite', 'score': 100.0, 'match': 'Parksite'}"
ADCB15520BS,1x6-20' Brownstone Sq Edge - Harvest Azek PVC Decking,TIMBERTECH,Parksite,,,,,,,,,accepted,0,{},"{'brand': 'TIMBERTECH', 'source': 'structured_field', 'confidence': 0.99, 'candidates': ['TIMBERTECH']} | {'value': 'Parksite', 'score': 100.0, 'match': 'Parksite'}"
ADCB15516SG,1x6-16' Slate Gray Sq Edge - Harvest Azek PVC Decking,TIMBERTECH,Parksite,,,,,,,,,accepted,0,{},"{'brand': 'TIMBERTECH', 'source': 'structured_field', 'confidence': 0.99, 'candidates': ['TIMBERTECH']} | {'value': 'Parksite', 'score': 100.0, 'match': 'Parksite'}"
ADCB15520SG,1x6-20' Slate Gray Sq Edge - Harvest Azek PVC Decking,TIMBERTECH,Parksite,,,,,,,,,accepted,0,{},"{'brand': 'TIMBERTECH', 'source': 'structured_field', 'confidence': 0.99, 'candidates': ['TIMBERTECH']} | {'value': 'Parksite', 'score': 100.0, 'match': 'Parksite'}"
AGB15512BS,1x6-12' Brownstone Grooved - Harvest Azek PVC Decking,TIMBERTECH,Parksite,,,,,,,,,accepted,0,{},"{'brand': 'TIMBERTECH', 'source': 'structured_field', 'confidence': 0.99, 'candidates': ['TIMBERTECH']} | {'value': 'Parksite', 'score': 100.0, 'match': 'Parksite'}"
AGB15516BS,1x6-16' Brownstone Grooved - Harvest Azek PVC Decking,TIMBERTECH,Parksite,,,,,,,,,accepted,0,{},"{'brand': 'TIMBERTECH', 'source': 'structured_field', 'confidence': 0.99, 'candidates': ['TIMBERTECH']} | {'value': 'Parksite', 'score': 100.0, 'match': 'Parksite'}"
AGB15520BS,1x6-20' Brownstone Grooved - Harvest Azek PVC Decking,TIMBERTECH,Parksite,,,,,,,,,accepted,0,{},"{'brand': 'TIMBERTECH', 'source': 'structured_field', 'confidence': 0.99, 'candidates': ['TIMBERTECH']} | {'value': 'Parksite', 'score': 100.0, 'match': 'Parksite'}"
AGB15512SG,1x6-12' Slate Gray Grooved - Harvest Azek PVC Decking,TIMBERTECH,Parksite,,,,,,,,,accepted,0,{},"{'brand': 'TIMBERTECH', 'source': 'structured_field', 'confidence': 0.99, 'candidates': ['TIMBERTECH']} | {'value': 'Parksite', 'score': 100.0, 'match': 'Parksite'}"
AGB15516SG,1x6-16' Slate Gray Grooved - Harvest Azek PVC Decking,TIMBERTECH,Parksite,,,,,,,,,accepted,0,{},"{'brand': 'TIMBERTECH', 'source': 'structured_field', 'confidence': 0.99, 'candidates': ['TIMBERTECH']} | {'value': 'Parksite', 'score': 100.0, 'match': 'Parksite'}"
AGB15520SG,1x6-20' Slate Gray Grooved - Harvest Azek PVC Decking,TIMBERTECH,Parksite,,,,,,,,,accepted,0,{},"{'brand': 'TIMBERTECH', 'source': 'structured_field', 'confidence': 0.99, 'candidates': ['TIMBERTECH']} | {'value': 'Parksite', 'score': 100.0, 'match': 'Parksite'}"
543140016,1nx6-16' Biscayne Sq Edge - Trex Transcend Lineage Decking,TREX,U S Lumber,,,,,,,,,accepted,0,{},"{'brand': 'TREX', 'source': 'structured_field', 'confidence': 0.99, 'candidates': ['TREX']} | {'value': 'U S Lumber', 'score': 100.0, 'match': 'U S Lumber'}"
543140020,1nx6-20' Biscayne Sq Edge - Trex Transcend Lineage Decking,TREX,U S Lumber,,,,,,,,,accepted,0,{},"{'brand': 'TREX', 'source': 'structured_field', 'confidence': 0.99, 'candidates': ['TREX']} | {'value': 'U S Lumber', 'score': 100.0, 'match': 'U S Lumber'}"
543142016,1nx6-16' Carmel Sq Edge - Trex Transcend Lineage Decking,TREX,U S Lumber,,,,,,,,,accepted,0,{},"{'brand': 'TREX', 'source': 'structured_field', 'confidence': 0.99, 'candidates': ['TREX']} | {'value': 'U S Lumber', 'score': 100.0, 'match': 'U S Lumber'}"
543142020,1nx6-20' Carmel Sq Edge - Trex Transcend Lineage Decking,TREX,U S Lumber,,,,,,,,,accepted,0,{},"{'brand': 'TREX', 'source': 'structured_field', 'confidence': 0.99, 'candidates': ['TREX']} | {'value': 'U S Lumber', 'score': 100.0, 'match': 'U S Lumber'}"
543144016,1nx6-16' Island Mist Sq Edge - Trex Transcend Lineage Decking,TREX,U S Lumber,,,,,,,,,accepted,0,{},"{'brand': 'TREX', 'source': 'structured_field', 'confidence': 0.99, 'candidates': ['TREX']} | {'value': 'U S Lumber', 'score': 100.0, 'match': 'U S Lumber'}"
543144020,1nx6-20' Island Mist Sq Edge - Trex Transcend Lineage Decking,TREX,U S Lumber,,,,,,,,,accepted,0,{},"{'brand': 'TREX', 'source': 'structured_field', 'confidence': 0.99, 'candidates': ['TREX']} | {'value': 'U S Lumber', 'score': 100.0, 'match': 'U S Lumber'}"
543143016,1nx6-16' Jasper Sq Edge - Trex Transcend Lineage Decking,TREX,U S Lumber,,,,,,,,,accepted,0,{},"{'brand': 'TREX', 'source': 'structured_field', 'confidence': 0.99, 'candidates': ['TREX']} | {'value': 'U S Lumber', 'score': 100.0, 'match': 'U S Lumber'}"
543143020,1nx6-20' Jasper Sq Edge - Trex Transcend Lineage Decking,TREX,U S Lumber,,,,,,,,,accepted,0,{},"{'brand': 'TREX', 'source': 'structured_field', 'confidence': 0.99, 'candidates': ['TREX']} | {'value': 'U S Lumber', 'score': 100.0, 'match': 'U S Lumber'}"
543141016,1nx6-16' Rainier Sq Edge - Trex Transcend Lineage Decking,TREX,U S Lumber,,,,,,,,,accepted,0,{},"{'brand': 'TREX', 'source': 'structured_field', 'confidence': 0.99, 'candidates': ['TREX']} | {'value': 'U S Lumber', 'score': 100.0, 'match': 'U S Lumber'}"
543141020,1nx6-20' Rainier Sq Edge - Trex Transcend Lineage Decking,TREX,U S Lumber,,,,,,,,,accepted,0,{},"{'brand': 'TREX', 'source': 'structured_field', 'confidence': 0.99, 'candidates': ['TREX']} | {'value': 'U S Lumber', 'score': 100.0, 'match': 'U S Lumber'}"
543140412,1nx6-12' Biscayne Grooved - Trex Transcend Lineage Decking,TREX,U S Lumber,,,,,,,,,accepted,0,{},"{'brand': 'TREX', 'source': 'structured_field', 'confidence': 0.99, 'candidates': ['TREX']} | {'value': 'U S Lumber', 'score': 100.0, 'match': 'U S Lumber'}"
543140416,1nx6-16' Biscayne Grooved - Trex Transcend Lineage Decking,TREX,U S Lumber,,,,,,,,,accepted,0,{},"{'brand': 'TREX', 'source': 'structured_field', 'confidence': 0.99, 'candidates': ['TREX']} | {'value': 'U S Lumber', 'score': 100.0, 'match': 'U S Lumber'}"
543140420,1nx6-20' Biscayne Grooved - Trex Transcend Lineage Decking,TREX,U S Lumber,,,,,,,,,accepted,0,{},"{'brand': 'TREX', 'source': 'structured_field', 'confidence': 0.99, 'candidates': ['TREX']} | {'value': 'U S Lumber', 'score': 100.0, 'match': 'U S Lumber'}"
543142412,1nx6-12' Carmel Grooved - Trex Transcend Lineage Decking,TREX,U S Lumber,,,,,,,,,accepted,0,{},"{'brand': 'TREX', 'source': 'structured_field', 'confidence': 0.99, 'candidates': ['TREX']} | {'value': 'U S Lumber', 'score': 100.0, 'match': 'U S Lumber'}"
543142416,1nx6-16' Carmel Grooved - Trex Transcend Lineage Decking,TREX,U S Lumber,,,,,,,,,accepted,0,{},"{'brand': 'TREX', 'source': 'structured_field', 'confidence': 0.99, 'candidates': ['TREX']} | {'value': 'U S Lumber', 'score': 100.0, 'match': 'U S Lumber'}"
543142420,1nx6-20' Carmel Grooved - Trex Transcend Lineage Decking,TREX,U S Lumber,,,,,,,,,accepted,0,{},"{'brand': 'TREX', 'source': 'structured_field', 'confidence': 0.99, 'candidates': ['TREX']} | {'value': 'U S Lumber', 'score': 100.0, 'match': 'U S Lumber'}"
543144412,1nx6-12' Island Mist Grooved - Trex Transcend Lineage Decking,TREX,U S Lumber,,,,,,,,,accepted,0,{},"{'brand': 'TREX', 'source': 'structured_field', 'confidence': 0.99, 'candidates': ['TREX']} | {'value': 'U S Lumber', 'score': 100.0, 'match': 'U S Lumber'}"
543144416,1nx6-16' Island Mist Grooved - Trex Transcend Lineage Decking,TREX,U S Lumber,,,,,,,,,accepted,0,{},"{'brand': 'TREX', 'source': 'structured_field', 'confidence': 0.99, 'candidates': ['TREX']} | {'value': 'U S Lumber', 'score': 100.0, 'match': 'U S Lumber'}"
543144420,1nx6-20' Island Mist Grooved - Trex Transcend Lineage Decking,TREX,U S Lumber,,,,,,,,,accepted,0,{},"{'brand': 'TREX', 'source': 'structured_field', 'confidence': 0.99, 'candidates': ['TREX']} | {'value': 'U S Lumber', 'score': 100.0, 'match': 'U S Lumber'}"
543143412,1nx6-12' Jasper Grooved - Trex Transcend Lineage Decking,TREX,U S Lumber,,,,,,,,,accepted,0,{},"{'brand': 'TREX', 'source': 'structured_field', 'confidence': 0.99, 'candidates': ['TREX']} | {'value': 'U S Lumber', 'score': 100.0, 'match': 'U S Lumber'}"
543143416,1nx6-16' Jasper Grooved - Trex Transcend Lineage Decking,TREX,U S Lumber,,,,,,,,,accepted,0,{},"{'brand': 'TREX', 'source': 'structured_field', 'confidence': 0.99, 'candidates': ['TREX']} | {'value': 'U S Lumber', 'score': 100.0, 'match': 'U S Lumber'}"
543143420,1nx6-20' Jasper Grooved - Trex Transcend Lineage Decking,TREX,U S Lumber,,,,,,,,,accepted,0,{},"{'brand': 'TREX', 'source': 'structured_field', 'confidence': 0.99, 'candidates': ['TREX']} | {'value': 'U S Lumber', 'score': 100.0, 'match': 'U S Lumber'}"
543141412,1nx6-12' Rainier Grooved - Trex Transcend Lineage Decking,TREX,U S Lumber,,,,,,,,,accepted,0,{},"{'brand': 'TREX', 'source': 'structured_field', 'confidence': 0.99, 'candidates': ['TREX']} | {'value': 'U S Lumber', 'score': 100.0, 'match': 'U S Lumber'}"
543141416,1nx6-16' Rainier Grooved - Trex Transcend Lineage Decking,TREX,U S Lumber,,,,,,,,,accepted,0,{},"{'brand': 'TREX', 'source': 'structured_field', 'confidence': 0.99, 'candidates': ['TREX']} | {'value': 'U S Lumber', 'score': 100.0, 'match': 'U S Lumber'}"
543141420,1nx6-20' Rainier Grooved - Trex Transcend Lineage Decking,TREX,U S Lumber,,,,,,,,,accepted,0,{},"{'brand': 'TREX', 'source': 'structured_field', 'confidence': 0.99, 'candidates': ['TREX']} | {'value': 'U S Lumber', 'score': 100.0, 'match': 'U S Lumber'}"
1513703,1nx6-16' Hatteras Sq Edge - Trex Transcend Lineage Decking,TREX,Boise Cascade Building Materials,,,,,,,,,accepted,0,{},"{'brand': 'TREX', 'source': 'structured_field', 'confidence': 0.99, 'candidates': ['TREX']} | {'value': 'Boise Cascade Building Materials', 'score': 100.0, 'match': 'Boise Cascade Building Materials'}"
1513704,1nx6-20' Hatteras Sq Edge - Trex Transcend Lineage Decking,TREX,Boise Cascade Building Materials,,,,,,,,,accepted,0,{},"{'brand': 'TREX', 'source': 'structured_field', 'confidence': 0.99, 'candidates': ['TREX']} | {'value': 'Boise Cascade Building Materials', 'score': 100.0, 'match': 'Boise Cascade Building Materials'}"
1513705,1nx6-12' Hatteras Grooved - Trex Transcend Lineage Decking,TREX,Boise Cascade Building Materials,,,,,,,,,accepted,0,{},"{'brand': 'TREX', 'source': 'structured_field', 'confidence': 0.99, 'candidates': ['TREX']} | {'value': 'Boise Cascade Building Materials', 'score': 100.0, 'match': 'Boise Cascade Building Materials'}"
1513706,1nx6-16' Hatteras Grooved - Trex Transcend Lineage Decking,TREX,Boise Cascade Building Materials,,,,,,,,,accepted,0,{},"{'brand': 'TREX', 'source': 'structured_field', 'confidence': 0.99, 'candidates': ['TREX']} | {'value': 'Boise Cascade Building Materials', 'score': 100.0, 'match': 'Boise Cascade Building Materials'}"
1513707,1nx6-20' Hatteras Grooved - Trex Transcend Lineage Decking,TREX,Boise Cascade Building Materials,,,,,,,,,accepted,0,{},"{'brand': 'TREX', 'source': 'structured_field', 'confidence': 0.99, 'candidates': ['TREX']} | {'value': 'Boise Cascade Building Materials', 'score': 100.0, 'match': 'Boise Cascade Building Materials'}"
1513708,1nx6-16' Salt Flat Sq Edge - Trex Transcend Lineage Decking,TREX,Boise Cascade Building Materials,,,,,,,,,accepted,0,{},"{'brand': 'TREX', 'source': 'structured_field', 'confidence': 0.99, 'candidates': ['TREX']} | {'value': 'Boise Cascade Building Materials', 'score': 100.0, 'match': 'Boise Cascade Building Materials'}"
1513709,1nx6-20' Salt Flat Sq Edge - Trex Transcend Lineage Decking,TREX,Boise Cascade Building Materials,,,,,,,,,accepted,0,{},"{'brand': 'TREX', 'source': 'structured_field', 'confidence': 0.99, 'candidates': ['TREX']} | {'value': 'Boise Cascade Building Materials', 'score': 100.0, 'match': 'Boise Cascade Building Materials'}"
1513710,1nx6-12' Salt Flat Grooved - Trex Transcend Lineage Decking,TREX,Boise Cascade Building Materials,,,,,,,,,accepted,0,{},"{'brand': 'TREX', 'source': 'structured_field', 'confidence': 0.99, 'candidates': ['TREX']} | {'value': 'Boise Cascade Building Materials', 'score': 100.0, 'match': 'Boise Cascade Building Materials'}"
1513711,1nx6-16' Salt Flat Grooved - Trex Transcend Lineage Decking,TREX,Boise Cascade Building Materials,,,,,,,,,accepted,0,{},"{'brand': 'TREX', 'source': 'structured_field', 'confidence': 0.99, 'candidates': ['TREX']} | {'value': 'Boise Cascade Building Materials', 'score': 100.0, 'match': 'Boise Cascade Building Materials'}"
1513712,1nx6-20' Salt Flat Grooved - Trex Transcend Lineage Decking,TREX,Boise Cascade Building Materials,,,,,,,,,accepted,0,{},"{'brand': 'TREX', 'source': 'structured_field', 'confidence': 0.99, 'candidates': ['TREX']} | {'value': 'Boise Cascade Building Materials', 'score': 100.0, 'match': 'Boise Cascade Building Materials'}"
1513717,1nx6-16' Honey Grove Sq Edge - Trex Enhance Naturals Decking,TREX,Boise Cascade Building Materials,,,,,,,,,accepted,0,{},"{'brand': 'TREX', 'source': 'structured_field', 'confidence': 0.99, 'candidates': ['TREX']} | {'value': 'Boise Cascade Building Materials', 'score': 100.0, 'match': 'Boise Cascade Building Materials'}"
1513718,1nx6-20' Honey Grove Sq Edge - Trex Enhance Naturals Decking,TREX,Boise Cascade Building Materials,,,,,,,,,accepted,0,{},"{'brand': 'TREX', 'source': 'structured_field', 'confidence': 0.99, 'candidates': ['TREX']} | {'value': 'Boise Cascade Building Materials', 'score': 100.0, 'match': 'Boise Cascade Building Materials'}"
1513719,1nx6-12' Honey Grove Grooved - Trex Enhance Naturals Decking,TREX,Boise Cascade Building Materials,,,,,,,,,accepted,0,{},"{'brand': 'TREX', 'source': 'structured_field', 'confidence': 0.99, 'candidates': ['TREX']} | {'value': 'Boise Cascade Building Materials', 'score': 100.0, 'match': 'Boise Cascade Building Materials'}"
1513720,1nx6-16' Honey Grove Grooved - Trex Enhance Naturals Decking,TREX,Boise Cascade Building Materials,,,,,,,,,accepted,0,{},"{'brand': 'TREX', 'source': 'structured_field', 'confidence': 0.99, 'candidates': ['TREX']} | {'value': 'Boise Cascade Building Materials', 'score': 100.0, 'match': 'Boise Cascade Building Materials'}"
1513721,1nx6-20' Honey Grove Grooved - Trex Enhance Naturals Decking,TREX,Boise Cascade Building Materials,,,,,,,,,accepted,0,{},"{'brand': 'TREX', 'source': 'structured_field', 'confidence': 0.99, 'candidates': ['TREX']} | {'value': 'Boise Cascade Building Materials', 'score': 100.0, 'match': 'Boise Cascade Building Materials'}"
1513724,1nx6-16' Tide Pool Sq Edge - Trex Enhance Basics Decking,TREX,Boise Cascade Building Materials,,,,,,,,,accepted,0,{},"{'brand': 'TREX', 'source': 'structured_field', 'confidence': 0.99, 'candidates': ['TREX']} | {'value': 'Boise Cascade Building Materials', 'score': 100.0, 'match': 'Boise Cascade Building Materials'}"
1513725,1nx6-20' Tide Pool Sq Edge - Trex Enhance Basics Decking,TREX,Boise Cascade Building Materials,,,,,,,,,accepted,0,{},"{'brand': 'TREX', 'source': 'structured_field', 'confidence': 0.99, 'candidates': ['TREX']} | {'value': 'Boise Cascade Building Materials', 'score': 100.0, 'match': 'Boise Cascade Building Materials'}"
1513726,1nx6-12' Tide Pool Grooved - Trex Enhance Basics Decking,TREX,Boise Cascade Building Materials,,,,,,,,,accepted,0,{},"{'brand': 'TREX', 'source': 'structured_field', 'confidence': 0.99, 'candidates': ['TREX']} | {'value': 'Boise Cascade Building Materials', 'score': 100.0, 'match': 'Boise Cascade Building Materials'}"
1513727,1nx6-16' Tide Pool Grooved - Trex Enhance Basics Decking,TREX,Boise Cascade Building Materials,,,,,,,,,accepted,0,{},"{'brand': 'TREX', 'source': 'structured_field', 'confidence': 0.99, 'candidates': ['TREX']} | {'value': 'Boise Cascade Building Materials', 'score': 100.0, 'match': 'Boise Cascade Building Materials'}"
1513728,1nx6-20' Tide Pool Grooved - Trex Enhance Basics Decking,TREX,Boise Cascade Building Materials,,,,,,,,,accepted,0,{},"{'brand': 'TREX', 'source': 'structured_field', 'confidence': 0.99, 'candidates': ['TREX']} | {'value': 'Boise Cascade Building Materials', 'score': 100.0, 'match': 'Boise Cascade Building Materials'}"
543076016,1nx6-16' Cinnamon Cove Sq Edge - Trex Enhance Naturals Decking,TREX,Boise Cascade Building Materials,,,,,,,,,accepted,0,{},"{'brand': 'TREX', 'source': 'structured_field', 'confidence': 0.99, 'candidates': ['TREX']} | {'value': 'Boise Cascade Building Materials', 'score': 100.0, 'match': 'Boise Cascade Building Materials'}"
543076020,1nx6-20' Cinnamon Cove Sq Edge - Trex Enhance Naturals Decking,TREX,Boise Cascade Building Materials,,,,,,,,,accepted,0,{},"{'brand': 'TREX', 'source': 'structured_field', 'confidence': 0.99, 'candidates': ['TREX']} | {'value': 'Boise Cascade Building Materials', 'score': 100.0, 'match': 'Boise Cascade Building Materials'}"
543076412,1nx6-12' Cinnamon Cove Grooved - Trex Enhance Naturals Decking,TREX,Boise Cascade Building Materials,,,,,,,,,accepted,0,{},"{'brand': 'TREX', 'source': 'structured_field', 'confidence': 0.99, 'candidates': ['TREX']} | {'value': 'Boise Cascade Building Materials', 'score': 100.0, 'match': 'Boise Cascade Building Materials'}"
543076416,1nx6-16' Cinnamon Cove Grooved - Trex Enhance Naturals Decking,TREX,Boise Cascade Building Materials,,,,,,,,,accepted,0,{},"{'brand': 'TREX', 'source': 'structured_field', 'confidence': 0.99, 'candidates': ['TREX']} | {'value': 'Boise Cascade Building Materials', 'score': 100.0, 'match': 'Boise Cascade Building Materials'}"
543076420,1nx6-20' Cinnamon Cove Grooved - Trex Enhance Naturals Decking,TREX,Boise Cascade Building Materials,,,,,,,,,accepted,0,{},"{'brand': 'TREX', 'source': 'structured_field', 'confidence': 0.99, 'candidates': ['TREX']} | {'value': 'Boise Cascade Building Materials', 'score': 100.0, 'match': 'Boise Cascade Building Materials'}"
1516870,1nx6-16' Golden Hour Sq Edge - Trex Enhance Naturals Decking,TREX,Boise Cascade Building Materials,,,,,,,,,accepted,0,{},"{'brand': 'TREX', 'source': 'structured_field', 'confidence': 0.99, 'candidates': ['TREX']} | {'value': 'Boise Cascade Building Materials', 'score': 100.0, 'match': 'Boise Cascade Building Materials'}"
1516871,1nx6-20' Golden Hour Sq Edge - Trex Enhance Naturals Decking,TREX,Boise Cascade Building Materials,,,,,,,,,accepted,0,{},"{'brand': 'TREX', 'source': 'structured_field', 'confidence': 0.99, 'candidates': ['TREX']} | {'value': 'Boise Cascade Building Materials', 'score': 100.0, 'match': 'Boise Cascade Building Materials'}"
1516872,1nx6-12' Golden Hour Grooved - Trex Enhance Naturals Decking,TREX,Boise Cascade Building Materials,,,,,,,,,accepted,0,{},"{'brand': 'TREX', 'source': 'structured_field', 'confidence': 0.99, 'candidates': ['TREX']} | {'value': 'Boise Cascade Building Materials', 'score': 100.0, 'match': 'Boise Cascade Building Materials'}"
1516873,1nx6-16' Golden Hour Grooved - Trex Enhance Naturals Decking,TREX,Boise Cascade Building Materials,,,,,,,,,accepted,0,{},"{'brand': 'TREX', 'source': 'structured_field', 'confidence': 0.99, 'candidates': ['TREX']} | {'value': 'Boise Cascade Building Materials', 'score': 100.0, 'match': 'Boise Cascade Building Materials'}"
1516874,1nx6-20' Golden Hour Grooved - Trex Enhance Naturals Decking,TREX,Boise Cascade Building Materials,,,,,,,,,accepted,0,{},"{'brand': 'TREX', 'source': 'structured_field', 'confidence': 0.99, 'candidates': ['TREX']} | {'value': 'Boise Cascade Building Materials', 'score': 100.0, 'match': 'Boise Cascade Building Materials'}"
1516879,1nx6-16' Pebble Beach Sq Edge - Trex Enhance Basics Decking,TREX,Boise Cascade Building Materials,,,,,,,,,accepted,0,{},"{'brand': 'TREX', 'source': 'structured_field', 'confidence': 0.99, 'candidates': ['TREX']} | {'value': 'Boise Cascade Building Materials', 'score': 100.0, 'match': 'Boise Cascade Building Materials'}"
1516880,1nx6-20' Pebble Beach Sq Edge - Trex Enhance Basics Decking,TREX,Boise Cascade Building Materials,,,,,,,,,accepted,0,{},"{'brand': 'TREX', 'source': 'structured_field', 'confidence': 0.99, 'candidates': ['TREX']} | {'value': 'Boise Cascade Building Materials', 'score': 100.0, 'match': 'Boise Cascade Building Materials'}"
1516881,1nx6-12' Pebble Beach Grooved - Trex Enhance Basics Decking,TREX,Boise Cascade Building Materials,,,,,,,,,accepted,0,{},"{'brand': 'TREX', 'source': 'structured_field', 'confidence': 0.99, 'candidates': ['TREX']} | {'value': 'Boise Cascade Building Materials', 'score': 100.0, 'match': 'Boise Cascade Building Materials'}"
1516882,1nx6-16' Pebble Beach Grooved - Trex Enhance Basics Decking,TREX,Boise Cascade Building Materials,,,,,,,,,accepted,0,{},"{'brand': 'TREX', 'source': 'structured_field', 'confidence': 0.99, 'candidates': ['TREX']} | {'value': 'Boise Cascade Building Materials', 'score': 100.0, 'match': 'Boise Cascade Building Materials'}"
1516883,1nx6-20' Pebble Beach Grooved - Trex Enhance Basics Decking,TREX,Boise Cascade Building Materials,,,,,,,,,accepted,0,{},"{'brand': 'TREX', 'source': 'structured_field', 'confidence': 0.99, 'candidates': ['TREX']} | {'value': 'Boise Cascade Building Materials', 'score': 100.0, 'match': 'Boise Cascade Building Materials'}"
543005016,7/8nx6-16' Malted Barley Sq Edge - Trex Select 2.0 Decking,TREX,Boise Cascade Building Materials,,,,,,,,,accepted,0,{},"{'brand': 'TREX', 'source': 'structured_field', 'confidence': 0.99, 'candidates': ['TREX']} | {'value': 'Boise Cascade Building Materials', 'score': 100.0, 'match': 'Boise Cascade Building Materials'}"
543005020,7/8nx6-20' Malted Barley Sq Edge - Trex Select 2.0 Decking,TREX,Boise Cascade Building Materials,,,,,,,,,accepted,0,{},"{'brand': 'TREX', 'source': 'structured_field', 'confidence': 0.99, 'candidates': ['TREX']} | {'value': 'Boise Cascade Building Materials', 'score': 100.0, 'match': 'Boise Cascade Building Materials'}"
543005412,7/8nx6-12' Malted Barley Grooved - Trex Select 2.0 Decking,TREX,Boise Cascade Building Materials,,,,,,,,,accepted,0,{},"{'brand': 'TREX', 'source': 'structured_field', 'confidence': 0.99, 'candidates': ['TREX']} | {'value': 'Boise Cascade Building Materials', 'score': 100.0, 'match': 'Boise Cascade Building Materials'}"
543005416,7/8nx6-16' Malted Barley Grooved - Trex Select 2.0 Decking,TREX,Boise Cascade Building Materials,,,,,,,,,accepted,0,{},"{'brand': 'TREX', 'source': 'structured_field', 'confidence': 0.99, 'candidates': ['TREX']} | {'value': 'Boise Cascade Building Materials', 'score': 100.0, 'match': 'Boise Cascade Building Materials'}"
543005420,7/8nx6-20' Malted Barley Grooved - Trex Select 2.0 Decking,TREX,Boise Cascade Building Materials,,,,,,,,,accepted,0,{},"{'brand': 'TREX', 'source': 'structured_field', 'confidence': 0.99, 'candidates': ['TREX']} | {'value': 'Boise Cascade Building Materials', 'score': 100.0, 'match': 'Boise Cascade Building Materials'}"
1516891,7/8nx6-16' Millstone Sq Edge - Trex Select 2.0 Decking,TREX,Boise Cascade Building Materials,,,,,,,,,accepted,0,{},"{'brand': 'TREX', 'source': 'structured_field', 'confidence': 0.99, 'candidates': ['TREX']} | {'value': 'Boise Cascade Building Materials', 'score': 100.0, 'match': 'Boise Cascade Building Materials'}"
1516892,7/8nx6-20' Millstone Sq Edge -Trex Select 2.0 Decking,TREX,Boise Cascade Building Materials,,,,,,,,,accepted,0,{},"{'brand': 'TREX', 'source': 'structured_field', 'confidence': 0.99, 'candidates': ['TREX']} | {'value': 'Boise Cascade Building Materials', 'score': 100.0, 'match': 'Boise Cascade Building Materials'}"
1516893,7/8nx6-12' Millstone Grooved - Trex Select 2.0 Decking,TREX,Boise Cascade Building Materials,,,,,,,,,accepted,0,{},"{'brand': 'TREX', 'source': 'structured_field', 'confidence': 0.99, 'candidates': ['TREX']} | {'value': 'Boise Cascade Building Materials', 'score': 100.0, 'match': 'Boise Cascade Building Materials'}"
1516894,7/8nx6-16' Millstone Grooved - Trex Select 2.0 Decking,TREX,Boise Cascade Building Materials,,,,,,,,,accepted,0,{},"{'brand': 'TREX', 'source': 'structured_field', 'confidence': 0.99, 'candidates': ['TREX']} | {'value': 'Boise Cascade Building Materials', 'score': 100.0, 'match': 'Boise Cascade Building Materials'}"
1516895,7/8nx6-20' Millstone Grooved - Trex Select 2.0 Decking,TREX,Boise Cascade Building Materials,,,,,,,,,accepted,0,{},"{'brand': 'TREX', 'source': 'structured_field', 'confidence': 0.99, 'candidates': ['TREX']} | {'value': 'Boise Cascade Building Materials', 'score': 100.0, 'match': 'Boise Cascade Building Materials'}"
543007016,7/8nx6-16' Whiskey Barrel Sq Edge - Trex Select 2.0 Decking,TREX,Boise Cascade Building Materials,,,,,,,,,accepted,0,{},"{'brand': 'TREX', 'source': 'structured_field', 'confidence': 0.99, 'candidates': ['TREX']} | {'value': 'Boise Cascade Building Materials', 'score': 100.0, 'match': 'Boise Cascade Building Materials'}"
543007020,7/8nx6-20' Whiskey Barrel Sq Edge - Trex Select 2.0 Decking,TREX,Boise Cascade Building Materials,,,,,,,,,accepted,0,{},"{'brand': 'TREX', 'source': 'structured_field', 'confidence': 0.99, 'candidates': ['TREX']} | {'value': 'Boise Cascade Building Materials', 'score': 100.0, 'match': 'Boise Cascade Building Materials'}"
543007412,7/8nx6-12' Whiskey Barrel Grooved - Trex Select 2.0 Decking,TREX,Boise Cascade Building Materials,,,,,,,,,accepted,0,{},"{'brand': 'TREX', 'source': 'structured_field', 'confidence': 0.99, 'candidates': ['TREX']} | {'value': 'Boise Cascade Building Materials', 'score': 100.0, 'match': 'Boise Cascade Building Materials'}"
543007416,7/8nx6-16' Whiskey Barrel Grooved - Trex Select 2.0 Decking,TREX,Boise Cascade Building Materials,,,,,,,,,accepted,0,{},"{'brand': 'TREX', 'source': 'structured_field', 'confidence': 0.99, 'candidates': ['TREX']} | {'value': 'Boise Cascade Building Materials', 'score': 100.0, 'match': 'Boise Cascade Building Materials'}"
543007420,7/8nx6-20' Whiskey Barrel Grooved - Trex Select 2.0 Decking,TREX,Boise Cascade Building Materials,,,,,,,,,accepted,0,{},"{'brand': 'TREX', 'source': 'structured_field', 'confidence': 0.99, 'candidates': ['TREX']} | {'value': 'Boise Cascade Building Materials', 'score': 100.0, 'match': 'Boise Cascade Building Materials'}"
ADR5117512CS,1x12-12' Coastline - Vintage Azek PVC Fascia,TIMBERTECH,Parksite,,,,,,,,,accepted,0,{},"{'brand': 'TIMBERTECH', 'source': 'structured_field', 'confidence': 0.99, 'candidates': ['TIMBERTECH']} | {'value': 'Parksite', 'score': 100.0, 'match': 'Parksite'}"
ADR5117512MH,1x12-12' Mahogany - Vintage Azek PVC Fascia,TIMBERTECH,Parksite,,,,,,,,,accepted,0,{},"{'brand': 'TIMBERTECH', 'source': 'structured_field', 'confidence': 0.99, 'candidates': ['TIMBERTECH']} | {'value': 'Parksite', 'score': 100.0, 'match': 'Parksite'}"
ADR5117512WT,1x12-12' Weathered Teak - Vintage Azek PVC Fascia,TIMBERTECH,Parksite,,,,,,,,,accepted,0,{},"{'brand': 'TIMBERTECH', 'source': 'structured_field', 'confidence': 0.99, 'candidates': ['TIMBERTECH']} | {'value': 'Parksite', 'score': 100.0, 'match': 'Parksite'}"
ADR5117512AW,1x12-12' American Walnut - Landmark Azek PVC Fascia,TIMBERTECH,Parksite,,,,,,,,,accepted,0,{},"{'brand': 'TIMBERTECH', 'source': 'structured_field', 'confidence': 0.99, 'candidates': ['TIMBERTECH']} | {'value': 'Parksite', 'score': 100.0, 'match': 'Parksite'}"
ADR5117512CG,1x12-12' Castle Gate - Landmark Azek PVC Fascia,TIMBERTECH,Parksite,,,,,,,,,accepted,0,{},"{'brand': 'TIMBERTECH', 'source': 'structured_field', 'confidence': 0.99, 'candidates': ['TIMBERTECH']} | {'value': 'Parksite', 'score': 100.0, 'match': 'Parksite'}"
ADR5117512FW,1x12-12' French White Oak - Landmark Azek PVC Fascia,TIMBERTECH,Parksite,,,,,,,,,accepted,0,{},"{'brand': 'TIMBERTECH', 'source': 'structured_field', 'confidence': 0.99, 'candidates': ['TIMBERTECH']} | {'value': 'Parksite', 'score': 100.0, 'match': 'Parksite'}"
1508395,1x8-12' Brownstone - Harvest Azek PVC Fascia,TIMBERTECH,Parksite,,,,,,,,,accepted,0,{},"{'brand': 'TIMBERTECH', 'source': 'structured_field', 'confidence': 0.99, 'candidates': ['TIMBERTECH']} | {'value': 'Parksite', 'score': 100.0, 'match': 'Parksite'}"
1508396,1x8-12' Slate Gray - Harvest Azek PVC Fascia,TIMBERTECH,Parksite,,,,,,,,,accepted,0,{},"{'brand': 'TIMBERTECH', 'source': 'structured_field', 'confidence': 0.99, 'candidates': ['TIMBERTECH']} | {'value': 'Parksite', 'score': 100.0, 'match': 'Parksite'}"
ADCR5117512BS,1x12-12' Brownstone - Harvest Azek PVC Fascia,TIMBERTECH,Parksite,,,,,,,,,accepted,0,{},"{'brand': 'TIMBERTECH', 'source': 'structured_field', 'confidence': 0.99, 'candidates': ['TIMBERTECH']} | {'value': 'Parksite', 'score': 100.0, 'match': 'Parksite'}"
ADCR5117512SG,1x12-12' Slate Gray - Harvest Azek PVC Fascia,TIMBERTECH,Parksite,,,,,,,,,accepted,0,{},"{'brand': 'TIMBERTECH', 'source': 'structured_field', 'confidence': 0.99, 'candidates': ['TIMBERTECH']} | {'value': 'Parksite', 'score': 100.0, 'match': 'Parksite'}"
543140908,1x8-12' Biscayne - Trex Lineage,TREX,U S Lumber,,,,,,,,,accepted,0,{},"{'brand': 'TREX', 'source': 'structured_field', 'confidence': 0.99, 'candidates': ['TREX']} | {'value': 'U S Lumber', 'score': 100.0, 'match': 'U S Lumber'}"
543142908,1x8-12' Carmel - Trex Lineage,TREX,U S Lumber,,,,,,,,,accepted,0,{},"{'brand': 'TREX', 'source': 'structured_field', 'confidence': 0.99, 'candidates': ['TREX']} | {'value': 'U S Lumber', 'score': 100.0, 'match': 'U S Lumber'}"
543143908,1x8-12' Jasper - Trex Lineage,TREX,U S Lumber,,,,,,,,,accepted,0,{},"{'brand': 'TREX', 'source': 'structured_field', 'confidence': 0.99, 'candidates': ['TREX']} | {'value': 'U S Lumber', 'score': 100.0, 'match': 'U S Lumber'}"
543140912,1x12-12' Biscayne - Trex Lineage,TREX,U S Lumber,,,,,,,,,accepted,0,{},"{'brand': 'TREX', 'source': 'structured_field', 'confidence': 0.99, 'candidates': ['TREX']} | {'value': 'U S Lumber', 'score': 100.0, 'match': 'U S Lumber'}"
543142912,1x12-12' Carmel - Trex Lineage,TREX,U S Lumber,,,,,,,,,accepted,0,{},"{'brand': 'TREX', 'source': 'structured_field', 'confidence': 0.99, 'candidates': ['TREX']} | {'value': 'U S Lumber', 'score': 100.0, 'match': 'U S Lumber'}"
543143912,1x12-12' Jasper - Trex Lineage,TREX,U S Lumber,,,,,,,,,accepted,0,{},"{'brand': 'TREX', 'source': 'structured_field', 'confidence': 0.99, 'candidates': ['TREX']} | {'value': 'U S Lumber', 'score': 100.0, 'match': 'U S Lumber'}"
1513715,1x12-12' Hatteras - Trex Lineage,TREX,Boise Cascade Building Materials,,,,,,,,,accepted,0,{},"{'brand': 'TREX', 'source': 'structured_field', 'confidence': 0.99, 'candidates': ['TREX']} | {'value': 'Boise Cascade Building Materials', 'score': 100.0, 'match': 'Boise Cascade Building Materials'}"
1513716,1x12-12' Salt Flat - Trex Lineage,TREX,Boise Cascade Building Materials,,,,,,,,,accepted,0,{},"{'brand': 'TREX', 'source': 'structured_field', 'confidence': 0.99, 'candidates': ['TREX']} | {'value': 'Boise Cascade Building Materials', 'score': 100.0, 'match': 'Boise Cascade Building Materials'}"
1513722,1x8-12' Honey Grove - Trex Enhance Naturals Fascia,TREX,Boise Cascade Building Materials,,,,,,,,,accepted,0,{},"{'brand': 'TREX', 'source': 'structured_field', 'confidence': 0.99, 'candidates': ['TREX']} | {'value': 'Boise Cascade Building Materials', 'score': 100.0, 'match': 'Boise Cascade Building Materials'}"
1513723,1x12-12' Honey Grove - Trex Enhance Naturals Fascia,TREX,Boise Cascade Building Materials,,,,,,,,,accepted,0,{},"{'brand': 'TREX', 'source': 'structured_field', 'confidence': 0.99, 'candidates': ['TREX']} | {'value': 'Boise Cascade Building Materials', 'score': 100.0, 'match': 'Boise Cascade Building Materials'}"
1513729,1x8-12' Tide Pool - Trex Enhance Basics Fascia,TREX,Boise Cascade Building Materials,,,,,,,,,accepted,0,{},"{'brand': 'TREX', 'source': 'structured_field', 'confidence': 0.99, 'candidates': ['TREX']} | {'value': 'Boise Cascade Building Materials', 'score': 100.0, 'match': 'Boise Cascade Building Materials'}"
1513730,1x12-12' Tide Pool - Trex Enhance Basics Fascia,TREX,Boise Cascade Building Materials,,,,,,,,,accepted,0,{},"{'brand': 'TREX', 'source': 'structured_field', 'confidence': 0.99, 'candidates': ['TREX']} | {'value': 'Boise Cascade Building Materials', 'score': 100.0, 'match': 'Boise Cascade Building Materials'}"
543076916,1x8-12' Cinnamon Cove - Trex Enhance Naturals Fascia,TREX,Boise Cascade Building Materials,,,,,,,,,accepted,0,{},"{'brand': 'TREX', 'source': 'structured_field', 'confidence': 0.99, 'candidates': ['TREX']} | {'value': 'Boise Cascade Building Materials', 'score': 100.0, 'match': 'Boise Cascade Building Materials'}"
1516876,1x8-12' Golden Hour - Trex Enhance Naturals Fascia,TREX,Boise Cascade Building Materials,,,,,,,,,accepted,0,{},"{'brand': 'TREX', 'source': 'structured_field', 'confidence': 0.99, 'candidates': ['TREX']} | {'value': 'Boise Cascade Building Materials', 'score': 100.0, 'match': 'Boise Cascade Building Materials'}"
543076936,1x12-12' Cinnamon Cove - Trex Enhance Naturals Fascia,TREX,Boise Cascade Building Materials,,,,,,,,,accepted,0,{},"{'brand': 'TREX', 'source': 'structured_field', 'confidence': 0.99, 'candidates': ['TREX']} | {'value': 'Boise Cascade Building Materials', 'score': 100.0, 'match': 'Boise Cascade Building Materials'}"
1516878,1x12-12' Golden Hour - Trex Enhance Naturals Fascia,TREX,Boise Cascade Building Materials,,,,,,,,,accepted,0,{},"{'brand': 'TREX', 'source': 'structured_field', 'confidence': 0.99, 'candidates': ['TREX']} | {'value': 'Boise Cascade Building Materials', 'score': 100.0, 'match': 'Boise Cascade Building Materials'}"
1516884,1x8-12' Pebble Beach - Trex Enhance Basics Fascia,TREX,Boise Cascade Building Materials,,,,,,,,,accepted,0,{},"{'brand': 'TREX', 'source': 'structured_field', 'confidence': 0.99, 'candidates': ['TREX']} | {'value': 'Boise Cascade Building Materials', 'score': 100.0, 'match': 'Boise Cascade Building Materials'}"
1516885,1x12-12' Pebble Beach - Trex Enhance Basics Fascia,TREX,Boise Cascade Building Materials,,,,,,,,,accepted,0,{},"{'brand': 'TREX', 'source': 'structured_field', 'confidence': 0.99, 'candidates': ['TREX']} | {'value': 'Boise Cascade Building Materials', 'score': 100.0, 'match': 'Boise Cascade Building Materials'}"
543005916,1x8-12' Malted Barley - Trex Select 2.0 Fascia,TREX,Boise Cascade Building Materials,,,,,,,,,accepted,0,{},"{'brand': 'TREX', 'source': 'structured_field', 'confidence': 0.99, 'candidates': ['TREX']} | {'value': 'Boise Cascade Building Materials', 'score': 100.0, 'match': 'Boise Cascade Building Materials'}"
1516902,1x8-12' Millstone - Trex Select 2.0 Fascia,TREX,Boise Cascade Building Materials,,,,,,,,,accepted,0,{},"{'brand': 'TREX', 'source': 'structured_field', 'confidence': 0.99, 'candidates': ['TREX']} | {'value': 'Boise Cascade Building Materials', 'score': 100.0, 'match': 'Boise Cascade Building Materials'}"
543007916,1x8-12' Whiskey Barrel - Trex Select 2.0 Fascia,TREX,Boise Cascade Building Materials,,,,,,,,,accepted,0,{},"{'brand': 'TREX', 'source': 'structured_field', 'confidence': 0.99, 'candidates': ['TREX']} | {'value': 'Boise Cascade Building Materials', 'score': 100.0, 'match': 'Boise Cascade Building Materials'}"
543005936,1x12-12' Malted Barley - Trex Select 2.0 Fascia,TREX,Boise Cascade Building Materials,,,,,,,,,accepted,0,{},"{'brand': 'TREX', 'source': 'structured_field', 'confidence': 0.99, 'candidates': ['TREX']} | {'value': 'Boise Cascade Building Materials', 'score': 100.0, 'match': 'Boise Cascade Building Materials'}"
1516905,1x12-12' Millstone - Trex Select 2.0 Fascia,TREX,Boise Cascade Building Materials,,,,,,,,,accepted,0,{},"{'brand': 'TREX', 'source': 'structured_field', 'confidence': 0.99, 'candidates': ['TREX']} | {'value': 'Boise Cascade Building Materials', 'score': 100.0, 'match': 'Boise Cascade Building Materials'}"
543007936,1x12-12' Whiskey Barrel - Trex Select 2.0 Fascia,TREX,Boise Cascade Building Materials,,,,,,,,,accepted,0,{},"{'brand': 'TREX', 'source': 'structured_field', 'confidence': 0.99, 'candidates': ['TREX']} | {'value': 'Boise Cascade Building Materials', 'score': 100.0, 'match': 'Boise Cascade Building Materials'}"
543144908,1x8-12' Island Mist - Trex Lineage,TREX,U S Lumber,,,,,,,,,accepted,0,{},"{'brand': 'TREX', 'source': 'structured_field', 'confidence': 0.99, 'candidates': ['TREX']} | {'value': 'U S Lumber', 'score': 100.0, 'match': 'U S Lumber'}"
543141908,1x8-12' Rainier - Trex Lineage,TREX,U S Lumber,,,,,,,,,accepted,0,{},"{'brand': 'TREX', 'source': 'structured_field', 'confidence': 0.99, 'candidates': ['TREX']} | {'value': 'U S Lumber', 'score': 100.0, 'match': 'U S Lumber'}"
543144912,1x12-12' Island Mist - Trex Lineage,TREX,U S Lumber,,,,,,,,,accepted,0,{},"{'brand': 'TREX', 'source': 'structured_field', 'confidence': 0.99, 'candidates': ['TREX']} | {'value': 'U S Lumber', 'score': 100.0, 'match': 'U S Lumber'}"
543141912,1x12-12' Rainier - Trex Lineage,TREX,U S Lumber,,,,,,,,,accepted,0,{},"{'brand': 'TREX', 'source': 'structured_field', 'confidence': 0.99, 'candidates': ['TREX']} | {'value': 'U S Lumber', 'score': 100.0, 'match': 'U S Lumber'}"
1513713,1x8-12' Hatteras - Trex Lineage,TREX,Boise Cascade Building Materials,,,,,,,,,accepted,0,{},"{'brand': 'TREX', 'source': 'structured_field', 'confidence': 0.99, 'candidates': ['TREX']} | {'value': 'Boise Cascade Building Materials', 'score': 100.0, 'match': 'Boise Cascade Building Materials'}"
1513714,1x8-12' Salt Flat - Trex Lineage,TREX,Boise Cascade Building Materials,,,,,,,,,accepted,0,{},"{'brand': 'TREX', 'source': 'structured_field', 'confidence': 0.99, 'candidates': ['TREX']} | {'value': 'Boise Cascade Building Materials', 'score': 100.0, 'match': 'Boise Cascade Building Materials'}"
73012503,4x4 Wh Heritage Post Trim RDI,,First Alert - B R K Brands,,,,,,,,,accepted,0,{},"{'brand': None, 'source': None, 'confidence': 0.0, 'candidates': []} | {'value': 'First Alert - B R K Brands', 'score': 100.0, 'match': 'First Alert - B R K Brands'}"
73018131,6x6 Wh Elite Post Trim 4pc RDI,,First Alert - B R K Brands,,,,,,,,4.0,accepted,1,{'pack_quantity': 0.7},"{'brand': None, 'source': None, 'confidence': 0.0, 'candidates': []} | {'value': 'First Alert - B R K Brands', 'score': 100.0, 'match': 'First Alert - B R K Brands'}"
73018091,4x4 Wh Elite Post Trim RDI,,First Alert - B R K Brands,,,,,,,,,accepted,0,{},"{'brand': None, 'source': None, 'confidence': 0.0, 'candidates': []} | {'value': 'First Alert - B R K Brands', 'score': 100.0, 'match': 'First Alert - B R K Brands'}"
73018066,Clay 6x6 Elite Post Trim RDI - 4pc,,First Alert - B R K Brands,,,,,,,,4.0,accepted,1,{'pack_quantity': 0.7},"{'brand': None, 'source': None, 'confidence': 0.0, 'candidates': []} | {'value': 'First Alert - B R K Brands', 'score': 100.0, 'match': 'First Alert - B R K Brands'}"
73018076,4x4 Wh Flat Post Cap RDI,,First Alert - B R K Brands,,,,,,,,,accepted,0,{},"{'brand': None, 'source': None, 'confidence': 0.0, 'candidates': []} | {'value': 'First Alert - B R K Brands', 'score': 100.0, 'match': 'First Alert - B R K Brands'}"
61109087,Wh 4x4-39 Blank Post RDI,,First Alert - B R K Brands,,,,,,,,,accepted,0,{},"{'brand': None, 'source': None, 'confidence': 0.0, 'candidates': []} | {'value': 'First Alert - B R K Brands', 'score': 100.0, 'match': 'First Alert - B R K Brands'}"
73018731,Wh 6x6-108 Post Sleeve RDI,,First Alert - B R K Brands,,,,,,,,,accepted,0,{},"{'brand': None, 'source': None, 'confidence': 0.0, 'candidates': []} | {'value': 'First Alert - B R K Brands', 'score': 100.0, 'match': 'First Alert - B R K Brands'}"
61109090,Wh 4x4-108 Post Sleeve RDI,,First Alert - B R K Brands,,,,,,,,,accepted,0,{},"{'brand': None, 'source': None, 'confidence': 0.0, 'candidates': []} | {'value': 'First Alert - B R K Brands', 'score': 100.0, 'match': 'First Alert - B R K Brands'}"
73053603,Clay 4x4-108 Post Sleeve RDI,,First Alert - B R K Brands,,,,,,,,,accepted,0,{},"{'brand': None, 'source': None, 'confidence': 0.0, 'candidates': []} | {'value': 'First Alert - B R K Brands', 'score': 100.0, 'match': 'First Alert - B R K Brands'}"
73053608,Clay 6x6-108 Post Sleeve RDI,,First Alert - B R K Brands,,,,,,,,,accepted,0,{},"{'brand': None, 'source': None, 'confidence': 0.0, 'candidates': []} | {'value': 'First Alert - B R K Brands', 'score': 100.0, 'match': 'First Alert - B R K Brands'}"
543340896,"4x4-37"" Black Alum Post Sleeve Select Alum Railing - w/Cap & Skirt",TREX,Boise Cascade Building Materials,,,,,,,,,accepted,0,{},"{'brand': 'TREX', 'source': 'structured_field', 'confidence': 0.99, 'candidates': ['TREX']} | {'value': 'Boise Cascade Building Materials', 'score': 100.0, 'match': 'Boise Cascade Building Materials'}"
543340898,"4x4-43"" Black Alum Post Sleeve Select Alum Railing w/Cap & Skirt",TREX,Boise Cascade Building Materials,,,,,,,,,accepted,0,{},"{'brand': 'TREX', 'source': 'structured_field', 'confidence': 0.99, 'candidates': ['TREX']} | {'value': 'Boise Cascade Building Materials', 'score': 100.0, 'match': 'Boise Cascade Building Materials'}"
73272TBK,6x6-10' Black Alum Deco - Support Post,DSI Westbury,Palmer Donavin Mfg Company,,,,,,,,,accepted,0,{},"{'brand': 'DSI Westbury', 'source': 'structured_field', 'confidence': 0.99, 'candidates': ['DSI Westbury']} | {'value': 'Palmer Donavin Mfg Company', 'score': 100.0, 'match': 'Palmer Donavin Mfg Company'}"
543302127,6' Wh Select T-Rail Kit Stair - w/Sq Composite Balusters,TREX,U S Lumber,,,,,,,,,accepted,0,{},"{'brand': 'TREX', 'source': 'structured_field', 'confidence': 0.99, 'candidates': ['TREX']} | {'value': 'U S Lumber', 'score': 100.0, 'match': 'U S Lumber'}"
543302147,8' Wh Select T-Rail Kit Stair - w/Sq Composite Balusters,TREX,U S Lumber,,,,,,,,,accepted,0,{},"{'brand': 'TREX', 'source': 'structured_field', 'confidence': 0.99, 'candidates': ['TREX']} | {'value': 'U S Lumber', 'score': 100.0, 'match': 'U S Lumber'}"
73019599,Finyline Wh 6' Str Rail Kit Sq,,First Alert - B R K Brands,,,,,,,,,accepted,0,{},"{'brand': None, 'source': None, 'confidence': 0.0, 'candidates': []} | {'value': 'First Alert - B R K Brands', 'score': 100.0, 'match': 'First Alert - B R K Brands'}"
73019648,Finyline Wh 8' Str Rail Kit Sq,,First Alert - B R K Brands,,,,,,,,,accepted,0,{},"{'brand': None, 'source': None, 'confidence': 0.0, 'candidates': []} | {'value': 'First Alert - B R K Brands', 'score': 100.0, 'match': 'First Alert - B R K Brands'}"
73019598,Finyline Wh 6' Str Rail Kit Rd - w/Black Alum Balusters,,First Alert - B R K Brands,,,,,,,,,accepted,0,{},"{'brand': None, 'source': None, 'confidence': 0.0, 'candidates': []} | {'value': 'First Alert - B R K Brands', 'score': 100.0, 'match': 'First Alert - B R K Brands'}"
73019647,Finyline Wh 8' Str Rail Kit Rd - w/Black Alum Balusters,,First Alert - B R K Brands,,,,,,,,,accepted,0,{},"{'brand': None, 'source': None, 'confidence': 0.0, 'candidates': []} | {'value': 'First Alert - B R K Brands', 'score': 100.0, 'match': 'First Alert - B R K Brands'}"
543300257,6' Black Select Classic Stair - Rail w/Rnd Black Alum Baluster,TREX,Boise Cascade Building Materials,,,,,,,,,accepted,0,{},"{'brand': 'TREX', 'source': 'structured_field', 'confidence': 0.99, 'candidates': ['TREX']} | {'value': 'Boise Cascade Building Materials', 'score': 100.0, 'match': 'Boise Cascade Building Materials'}"
543300277,8' Black Select Classic Stair - Rail w/Rnd Black Alum Baluster,TREX,Boise Cascade Building Materials,,,,,,,,,accepted,0,{},"{'brand': 'TREX', 'source': 'structured_field', 'confidence': 0.99, 'candidates': ['TREX']} | {'value': 'Boise Cascade Building Materials', 'score': 100.0, 'match': 'Boise Cascade Building Materials'}"
SPB-44BPL,"Patriot 4""x4""x37""/43"" Adjustable Self Leveling Support Post",,First Alert - B R K Brands,,4.0,4.0,37.0,,,,,accepted,3,"{'diameter': 0.7, 'thickness': 0.7, 'arbor': 0.7}","{'brand': None, 'source': None, 'confidence': 0.0, 'candidates': []} | {'value': 'First Alert - B R K Brands', 'score': 100.0, 'match': 'First Alert - B R K Brands'}"
925219,"2""x50' Deck Joist Tape - Protecto Wrap",,Palmer Donavin Mfg Company,,,,,,,,,accepted,0,{},"{'brand': None, 'source': None, 'confidence': 0.0, 'candidates': []} | {'value': 'Palmer Donavin Mfg Company', 'score': 100.0, 'match': 'Palmer Donavin Mfg Company'}"
27233,24x48 WH Attic Access Door,AJM,A J Manufacturing Inc,,,,,,,,,accepted,0,{},"{'brand': 'AJM', 'source': 'structured_field', 'confidence': 0.99, 'candidates': ['AJM']} | {'value': 'A J Manufacturing Inc', 'score': 100.0, 'match': 'A J Manufacturing Inc'}"
1517602,6068R Gliding Patio Dr 4500 United Blk Ext/WH Int LowE Arg w/J,United Window & Door,United Window & Door Manufacturing,,,,,,,,,accepted,0,{},"{'brand': 'United Window & Door', 'source': 'structured_field', 'confidence': 0.99, 'candidates': ['United Window & Door']} | {'value': 'United Window & Door Manufacturing', 'score': 100.0, 'match': 'United Window & Door Manufacturing'}"
1517603,6068L Gliding Patio Dr 4500 United Blk Ext/WH Int LowE Arg w/J,United Window & Door,United Window & Door Manufacturing,,,,,,,,,accepted,0,{},"{'brand': 'United Window & Door', 'source': 'structured_field', 'confidence': 0.99, 'candidates': ['United Window & Door']} | {'value': 'United Window & Door Manufacturing', 'score': 100.0, 'match': 'United Window & Door Manufacturing'}"
1517604,6068L Gliding Patio Dr 4500 United White LowE Arg w/J,United Window & Door,United Window & Door Manufacturing,,,,,,,,,accepted,0,{},"{'brand': 'United Window & Door', 'source': 'structured_field', 'confidence': 0.99, 'candidates': ['United Window & Door']} | {'value': 'United Window & Door Manufacturing', 'score': 100.0, 'match': 'United Window & Door Manufacturing'}"
1517605,6068R Gliding Patio Dr 4500 United White LowE Arg w/J,United Window & Door,United Window & Door Manufacturing,,,,,,,,,accepted,0,{},"{'brand': 'United Window & Door', 'source': 'structured_field', 'confidence': 0.99, 'candidates': ['United Window & Door']} | {'value': 'United Window & Door Manufacturing', 'score': 100.0, 'match': 'United Window & Door Manufacturing'}"
FS C01 2004S,"FS C01 Velux Fxd Skylt Gry/Wh - w/Solar Shade RO 21""x26-7/8""",,Velux America Inc,,,,,,,,,accepted,0,{},"{'brand': None, 'source': None, 'confidence': 0.0, 'candidates': []} | {'value': 'Velux America Inc', 'score': 100.0, 'match': 'Velux America Inc'}"
FS C04 2004S,"FS C04 Velux Fxd Skylt Gry/Wh - w/Solar Shade RO 21""x37-7/8""",,Velux America Inc,,,,,,,,,accepted,0,{},"{'brand': None, 'source': None, 'confidence': 0.0, 'candidates': []} | {'value': 'Velux America Inc', 'score': 100.0, 'match': 'Velux America Inc'}"
FS C06 2004S,"FS C06 Velux Fxd Skylt Gry/Wh - w/Solar Shade RO 21""x45-7/8""",,Velux America Inc,,,,,,,,,accepted,0,{},"{'brand': None, 'source': None, 'confidence': 0.0, 'candidates': []} | {'value': 'Velux America Inc', 'score': 100.0, 'match': 'Velux America Inc'}"
1501831,31.5x14.75 Bsmt ecoLitePlus WH - Hopper DLA w/Screen,PROVIA,ProVia,,,,,,,,,accepted,0,{},"{'brand': 'PROVIA', 'source': 'structured_field', 'confidence': 0.99, 'candidates': ['PROVIA']} | {'value': 'ProVia', 'score': 100.0, 'match': 'ProVia'}"
1501832,31.5x22.75 Bsmt ecoLitePlus WH - Hopper DLA w/Screen,PROVIA,ProVia,,,,,,,,,accepted,0,{},"{'brand': 'PROVIA', 'source': 'structured_field', 'confidence': 0.99, 'candidates': ['PROVIA']} | {'value': 'ProVia', 'score': 100.0, 'match': 'ProVia'}"
1515974,3030 Slider 3900 United Black WH Int LowE-2 w/Half Scrn w/J,United Window & Door,First Alert - B R K Brands,,,,,,,,,accepted,0,{},"{'brand': 'United Window & Door', 'source': 'structured_field', 'confidence': 0.99, 'candidates': ['United Window & Door']} | {'value': 'First Alert - B R K Brands', 'score': 100.0, 'match': 'First Alert - B R K Brands'}"
640383,"1/2"" 54""x10 Drywall Easi-Lite",,Certainteed Gypsum,,,,,,,,,accepted,0,{},"{'brand': None, 'source': None, 'confidence': 0.0, 'candidates': []} | {'value': 'Certainteed Gypsum', 'score': 100.0, 'match': 'Certainteed Gypsum'}"
653258,"5/8"" 4x9 Drywall Firelite",,Certainteed Gypsum,,,,,,,,,accepted,0,{},"{'brand': None, 'source': None, 'confidence': 0.0, 'candidates': []} | {'value': 'Certainteed Gypsum', 'score': 100.0, 'match': 'Certainteed Gypsum'}"
413S-DBA-36,"413S 36"" Alum Threshold DBZ",HAGER,Hager Hinge Co,,,,,,,,,accepted,0,{},"{'brand': 'HAGER', 'source': 'structured_field', 'confidence': 0.99, 'candidates': ['HAGER']} | {'value': 'Hager Hinge Co', 'score': 100.0, 'match': 'Hager Hinge Co'}"
413S-DBA-72,"413S 72"" Alum Threshold DBZ",HAGER,Hager Hinge Co,,,,,,,,,accepted,0,{},"{'brand': 'HAGER', 'source': 'structured_field', 'confidence': 0.99, 'candidates': ['HAGER']} | {'value': 'Hager Hinge Co', 'score': 100.0, 'match': 'Hager Hinge Co'}"
1511506,4'x65' Zip Rainscreen,,Huber Eng Wood LLC,,,,,,,,,accepted,0,{},"{'brand': None, 'source': None, 'confidence': 0.0, 'candidates': []} | {'value': 'Huber Eng Wood LLC', 'score': 100.0, 'match': 'Huber Eng Wood LLC'}"
1513577,1x8-12' Doug Fir STK Smooth 1S2E,COMMODITY - UNBRANDED,Westwood Lumber Sales,,,,,,,,,accepted,0,{},"{'brand': 'COMMODITY - UNBRANDED', 'source': 'structured_field', 'confidence': 0.99, 'candidates': ['COMMODITY - UNBRANDED']} | {'value': 'Westwood Lumber Sales', 'score': 100.0, 'match': 'Westwood Lumber Sales'}"
1513578,1x8-16' Doug Fir STK Smooth 1S2E,COMMODITY - UNBRANDED,Westwood Lumber Sales,,,,,,,,,accepted,0,{},"{'brand': 'COMMODITY - UNBRANDED', 'source': 'structured_field', 'confidence': 0.99, 'candidates': ['COMMODITY - UNBRANDED']} | {'value': 'Westwood Lumber Sales', 'score': 100.0, 'match': 'Westwood Lumber Sales'}"
1513579,1x12-12 'Doug Fir STK Smooth 1S2E,COMMODITY - UNBRANDED,Westwood Lumber Sales,,,,,,,,,accepted,0,{},"{'brand': 'COMMODITY - UNBRANDED', 'source': 'structured_field', 'confidence': 0.99, 'candidates': ['COMMODITY - UNBRANDED']} | {'value': 'Westwood Lumber Sales', 'score': 100.0, 'match': 'Westwood Lumber Sales'}"
1513580,1x12-16' Doug Fir STK Smooth 1S2E,COMMODITY - UNBRANDED,Westwood Lumber Sales,,,,,,,,,accepted,0,{},"{'brand': 'COMMODITY - UNBRANDED', 'source': 'structured_field', 'confidence': 0.99, 'candidates': ['COMMODITY - UNBRANDED']} | {'value': 'Westwood Lumber Sales', 'score': 100.0, 'match': 'Westwood Lumber Sales'}"
1501767,"3/4"" 4x8T&G Huber Blue PlusOSB - Sub Floor",,First Alert - B R K Brands,,,,,,,,,accepted,0,{},"{'brand': None, 'source': None, 'confidence': 0.0, 'candidates': []} | {'value': 'First Alert - B R K Brands', 'score': 100.0, 'match': 'First Alert - B R K Brands'}"
PP-8BL,8' Premier Rib XL Black,,Premier Metals,,,,,,,,,accepted,0,{},"{'brand': None, 'source': None, 'confidence': 0.0, 'candidates': []} | {'value': 'Premier Metals', 'score': 100.0, 'match': 'Premier Metals'}"
PP-10BL,10' Premier Rib XL Black,,Premier Metals,,,,,,,,,accepted,0,{},"{'brand': None, 'source': None, 'confidence': 0.0, 'candidates': []} | {'value': 'Premier Metals', 'score': 100.0, 'match': 'Premier Metals'}"
PP-12BL,12' Premier Rib XL Black,,Premier Metals,,,,,,,,,accepted,0,{},"{'brand': None, 'source': None, 'confidence': 0.0, 'candidates': []} | {'value': 'Premier Metals', 'score': 100.0, 'match': 'Premier Metals'}"
PP-8CH,8' Premier Rib XL Charcoal,,Premier Metals,,,,,,,,,accepted,0,{},"{'brand': None, 'source': None, 'confidence': 0.0, 'candidates': []} | {'value': 'Premier Metals', 'score': 100.0, 'match': 'Premier Metals'}"
PP-10CH,10' Premier Rib XL Charcoal,,Premier Metals,,,,,,,,,accepted,0,{},"{'brand': None, 'source': None, 'confidence': 0.0, 'candidates': []} | {'value': 'Premier Metals', 'score': 100.0, 'match': 'Premier Metals'}"
PP-12CH,12' Premier Rib XL Charcoal,,Premier Metals,,,,,,,,,accepted,0,{},"{'brand': None, 'source': None, 'confidence': 0.0, 'candidates': []} | {'value': 'Premier Metals', 'score': 100.0, 'match': 'Premier Metals'}"
PP-8WH,8' Premier Rib XL White,,Premier Metals,,,,,,,,,accepted,0,{},"{'brand': None, 'source': None, 'confidence': 0.0, 'candidates': []} | {'value': 'Premier Metals', 'score': 100.0, 'match': 'Premier Metals'}"
PP-10WH,10' Premier Rib XL White,,Premier Metals,,,,,,,,,accepted,0,{},"{'brand': None, 'source': None, 'confidence': 0.0, 'candidates': []} | {'value': 'Premier Metals', 'score': 100.0, 'match': 'Premier Metals'}"
1504345,OC Duration TruDef Wburg Gray (BDL),,Palmer Donavin Mfg Company,,,,,,,,,accepted,0,{},"{'brand': None, 'source': None, 'confidence': 0.0, 'candidates': []} | {'value': 'Palmer Donavin Mfg Company', 'score': 100.0, 'match': 'Palmer Donavin Mfg Company'}"
2733,3'x65' Henry Eaveguard - Ice Guard,,Palmer Donavin Mfg Company,,,,,,,,,accepted,0,{},"{'brand': None, 'source': None, 'confidence': 0.0, 'candidates': []} | {'value': 'Palmer Donavin Mfg Company', 'score': 100.0, 'match': 'Palmer Donavin Mfg Company'}"
7547,Ice Guard OC Weathr Lk Mat 2sq,,First Alert - B R K Brands,,,,,,,,,accepted,0,{},"{'brand': None, 'source': None, 'confidence': 0.0, 'candidates': []} | {'value': 'First Alert - B R K Brands', 'score': 100.0, 'match': 'First Alert - B R K Brands'}"
8912220,"7-1/4""x12' Hardie Sdg Smooth - Primed HardiePlank",JAMESHARDIE,Boise Cascade Building Materials,,,,,,,,,accepted,0,{},"{'brand': 'JAMESHARDIE', 'source': 'structured_field', 'confidence': 0.99, 'candidates': ['JAMESHARDIE']} | {'value': 'Boise Cascade Building Materials', 'score': 100.0, 'match': 'Boise Cascade Building Materials'}"
8904015,4'x10' HardiePanel Smooth - Primed,JAMESHARDIE,Boise Cascade Building Materials,,,,,,,,,accepted,0,{},"{'brand': 'JAMESHARDIE', 'source': 'structured_field', 'confidence': 0.99, 'candidates': ['JAMESHARDIE']} | {'value': 'Boise Cascade Building Materials', 'score': 100.0, 'match': 'Boise Cascade Building Materials'}"
25796,"6""x16' Smart Lap Sdg Cedar",LP SMARTSIDE,U S Lumber,,,,,,,,,accepted,0,{},"{'brand': 'LP SMARTSIDE', 'source': 'structured_field', 'confidence': 0.99, 'candidates': ['LP SMARTSIDE']} | {'value': 'U S Lumber', 'score': 100.0, 'match': 'U S Lumber'}"
40503,"3/8"" 16""x16' Smart Pan Cedar - No-Groove Sq Edge B&B",LP SMARTSIDE,U S Lumber,,,,,,,,,accepted,0,{},"{'brand': 'LP SMARTSIDE', 'source': 'structured_field', 'confidence': 0.99, 'candidates': ['LP SMARTSIDE']} | {'value': 'U S Lumber', 'score': 100.0, 'match': 'U S Lumber'}"
25825,"3/8"" 4x10 Smart Pan Cedar - No-Groove w/Shiplap Edges",LP SMARTSIDE,U S Lumber,,,,,,,,,accepted,0,{},"{'brand': 'LP SMARTSIDE', 'source': 'structured_field', 'confidence': 0.99, 'candidates': ['LP SMARTSIDE']} | {'value': 'U S Lumber', 'score': 100.0, 'match': 'U S Lumber'}"
25822,"3/8"" 12""x16' Smart Vented Soff - Cedar Soffit",LP SMARTSIDE,U S Lumber,,,,,,,,,accepted,0,{},"{'brand': 'LP SMARTSIDE', 'source': 'structured_field', 'confidence': 0.99, 'candidates': ['LP SMARTSIDE']} | {'value': 'U S Lumber', 'score': 100.0, 'match': 'U S Lumber'}"
543650101,Black Alum ADA Wall Mount Trex,TREX,Boise Cascade Building Materials,,,,,,,,,accepted,0,{},"{'brand': 'TREX', 'source': 'structured_field', 'confidence': 0.99, 'candidates': ['TREX']} | {'value': 'Boise Cascade Building Materials', 'score': 100.0, 'match': 'Boise Cascade Building Materials'}"
543650010,Black Alum ADA Int End Cap - Trex,TREX,Boise Cascade Building Materials,,,,,,,,,accepted,0,{},"{'brand': 'TREX', 'source': 'structured_field', 'confidence': 0.99, 'candidates': ['TREX']} | {'value': 'Boise Cascade Building Materials', 'score': 100.0, 'match': 'Boise Cascade Building Materials'}"
543650048,8' Black Alum ADA Rail Trex,TREX,Boise Cascade Building Materials,,,,,,,,,accepted,0,{},"{'brand': 'TREX', 'source': 'structured_field', 'confidence': 0.99, 'candidates': ['TREX']} | {'value': 'Boise Cascade Building Materials', 'score': 100.0, 'match': 'Boise Cascade Building Materials'}"
1506969,"1-1/2"" 4x8 Huber Zip R6.6 - Insulated R-Sheathing",,First Alert - B R K Brands,,,,,,,,,accepted,0,{},"{'brand': None, 'source': None, 'confidence': 0.0, 'candidates': []} | {'value': 'First Alert - B R K Brands', 'score': 100.0, 'match': 'First Alert - B R K Brands'}"
1514681,"1"" 4x8 Huber Zip R3.6 - Insulated R-Sheathing",,First Alert - B R K Brands,,,,,,,,,accepted,0,{},"{'brand': None, 'source': None, 'confidence': 0.0, 'candidates': []} | {'value': 'First Alert - B R K Brands', 'score': 100.0, 'match': 'First Alert - B R K Brands'}"
1514726,"2"" 4x8 Huber Zip R9.6 - Insulated R-Sheathing",,First Alert - B R K Brands,,,,,,,,,accepted,0,{},"{'brand': None, 'source': None, 'confidence': 0.0, 'candidates': []} | {'value': 'First Alert - B R K Brands', 'score': 100.0, 'match': 'First Alert - B R K Brands'}"
1728ABL,2x2 Black Fine Fissured 1728BL,,Palmer Donavin Mfg Company,,,,,,,,,accepted,0,{},"{'brand': None, 'source': None, 'confidence': 0.0, 'candidates': []} | {'value': 'Palmer Donavin Mfg Company', 'score': 100.0, 'match': 'Palmer Donavin Mfg Company'}"
402-R,402R 12V12AH 8D Battery,,MillerTech Energy Solutions,,,,,,,,,accepted,0,{},"{'brand': None, 'source': None, 'confidence': 0.0, 'candidates': []} | {'value': 'MillerTech Energy Solutions', 'score': 100.0, 'match': 'MillerTech Energy Solutions'}"
SL1672,SL1672 Jumpstart & Pwr Supply,Schumacher,First Alert - B R K Brands,,,,,,,,,accepted,0,{},"{'brand': 'Schumacher', 'source': 'structured_field', 'confidence': 0.99, 'candidates': ['Schumacher']} | {'value': 'First Alert - B R K Brands', 'score': 100.0, 'match': 'First Alert - B R K Brands'}"
BM-DW20-YLW-6,BM-DW20-YLW-6 Dewalt - Battery Mounts 6pk,StealthMounts,Metalmark Industrial Inc,,,,,,,,,accepted,0,{},"{'brand': 'StealthMounts', 'source': 'structured_field', 'confidence': 0.99, 'candidates': ['StealthMounts']} | {'value': 'Metalmark Industrial Inc', 'score': 100.0, 'match': 'Metalmark Industrial Inc'}"
BHA1-UPC,16-24 Adjust Hanger,Southwire,Southwire/g Turner,,,,,,,,,accepted,0,{},"{'brand': 'Southwire', 'source': 'structured_field', 'confidence': 0.99, 'candidates': ['Southwire']} | {'value': 'Southwire/g Turner', 'score': 100.0, 'match': 'Southwire/g Turner'}"
G1941-UPC,"G1941UPC 4"" Sq Cover Sw/Outlet",Southwire,Southwire/g Turner,,,,,,,,,accepted,0,{},"{'brand': 'Southwire', 'source': 'structured_field', 'confidence': 0.99, 'candidates': ['Southwire']} | {'value': 'Southwire/g Turner', 'score': 100.0, 'match': 'Southwire/g Turner'}"
G1950-UPC,4x4 2G GFI Box Cover,Southwire,Southwire/g Turner,,,,,,,,,accepted,0,{},"{'brand': 'Southwire', 'source': 'structured_field', 'confidence': 0.99, 'candidates': ['Southwire']} | {'value': 'Southwire/g Turner', 'score': 100.0, 'match': 'Southwire/g Turner'}"
A410RCAR,4x4 1G PVC Box Cover,Carlon,Thomas & Betts,,,,,,,,,accepted,0,{},"{'brand': 'Carlon', 'source': 'structured_field', 'confidence': 0.99, 'candidates': ['Carlon']} | {'value': 'Thomas & Betts', 'score': 100.0, 'match': 'Thomas & Betts'}"
G1951-UPC,4x4 2G GFCI Duplex Box Cover,Southwire,Southwire/g Turner,,,,,,,,,accepted,0,{},"{'brand': 'Southwire', 'source': 'structured_field', 'confidence': 0.99, 'candidates': ['Southwire']} | {'value': 'Southwire/g Turner', 'score': 100.0, 'match': 'Southwire/g Turner'}"
52C3-5/8-UPC,4x4 1G Box Cover,Southwire,Southwire/g Turner,,,,,,,,,accepted,0,{},"{'brand': 'Southwire', 'source': 'structured_field', 'confidence': 0.99, 'candidates': ['Southwire']} | {'value': 'Southwire/g Turner', 'score': 100.0, 'match': 'Southwire/g Turner'}"
52C14-5/8-UPC,4x4 1G Box Cover,Southwire,Southwire/g Turner,,,,,,,,,accepted,0,{},"{'brand': 'Southwire', 'source': 'structured_field', 'confidence': 0.99, 'candidates': ['Southwire']} | {'value': 'Southwire/g Turner', 'score': 100.0, 'match': 'Southwire/g Turner'}"
52C3-UPC,4x4 1G Box Cover,Southwire,Southwire/g Turner,,,,,,,,,accepted,0,{},"{'brand': 'Southwire', 'source': 'structured_field', 'confidence': 0.99, 'candidates': ['Southwire']} | {'value': 'Southwire/g Turner', 'score': 100.0, 'match': 'Southwire/g Turner'}"
54151-F-UPC,4x4x1-1/2 Oct Box w/Bracket,Southwire,Southwire/g Turner,,4.0,4.0,1.5,,,,,accepted,3,"{'diameter': 0.7, 'thickness': 0.7, 'arbor': 0.7}","{'brand': 'Southwire', 'source': 'structured_field', 'confidence': 0.99, 'candidates': ['Southwire']} | {'value': 'Southwire/g Turner', 'score': 100.0, 'match': 'Southwire/g Turner'}"
54151-HUR-UPC,4x4x1-1/2 Oct Box w/Hanger,Southwire,Southwire/g Turner,,4.0,4.0,1.5,,,,,accepted,3,"{'diameter': 0.7, 'thickness': 0.7, 'arbor': 0.7}","{'brand': 'Southwire', 'source': 'structured_field', 'confidence': 0.99, 'candidates': ['Southwire']} | {'value': 'Southwire/g Turner', 'score': 100.0, 'match': 'Southwire/g Turner'}"
54151-JR-UPC,4x4x1-1/2 Oct Box w/Brakcet,Southwire,Southwire/g Turner,,4.0,4.0,1.5,,,,,accepted,3,"{'diameter': 0.7, 'thickness': 0.7, 'arbor': 0.7}","{'brand': 'Southwire', 'source': 'structured_field', 'confidence': 0.99, 'candidates': ['Southwire']} | {'value': 'Southwire/g Turner', 'score': 100.0, 'match': 'Southwire/g Turner'}"
54171-R-UPC,4x4x2 Oct Box,Southwire,Southwire/g Turner,,4.0,4.0,2.0,,,,,accepted,3,"{'diameter': 0.7, 'thickness': 0.7, 'arbor': 0.7}","{'brand': 'Southwire', 'source': 'structured_field', 'confidence': 0.99, 'candidates': ['Southwire']} | {'value': 'Southwire/g Turner', 'score': 100.0, 'match': 'Southwire/g Turner'}"
52151-S-UPC,4x4x1-1/2 Square Box,Southwire,Southwire/g Turner,,4.0,4.0,1.5,,,,,accepted,3,"{'diameter': 0.7, 'thickness': 0.7, 'arbor': 0.7}","{'brand': 'Southwire', 'source': 'structured_field', 'confidence': 0.99, 'candidates': ['Southwire']} | {'value': 'Southwire/g Turner', 'score': 100.0, 'match': 'Southwire/g Turner'}"
72171-3/4-1W-UPC,4-1/2x4-1/2x2 2G Box,Southwire,Southwire/g Turner,,4.5,4.5,2.0,,,,,accepted,3,"{'diameter': 0.7, 'thickness': 0.7, 'arbor': 0.7}","{'brand': 'Southwire', 'source': 'structured_field', 'confidence': 0.99, 'candidates': ['Southwire']} | {'value': 'Southwire/g Turner', 'score': 100.0, 'match': 'Southwire/g Turner'}"
5522-5EV,5522-5EV 2 Port Decor Plate,,Cooper Wiring Devices,,,,,,,,,accepted,0,{},"{'brand': None, 'source': None, 'confidence': 0.0, 'candidates': []} | {'value': 'Cooper Wiring Devices', 'score': 100.0, 'match': 'Cooper Wiring Devices'}"
AYCL-153PH-LA,AYCL-153PH-LA Lutron Dimmer LA,,Fenton Bros Electric Inc,,,,,,,,,accepted,0,{},"{'brand': None, 'source': None, 'confidence': 0.0, 'candidates': []} | {'value': 'Fenton Bros Electric Inc', 'score': 100.0, 'match': 'Fenton Bros Electric Inc'}"
AYCL-153PH-WH,AYCL-153PH-WH Lutron Dimmer Wh,,Fenton Bros Electric Inc,,,,,,,,,accepted,0,{},"{'brand': None, 'source': None, 'confidence': 0.0, 'candidates': []} | {'value': 'Fenton Bros Electric Inc', 'score': 100.0, 'match': 'Fenton Bros Electric Inc'}"
D23LP-R02-1RW,D23LPR021RW Plug In Dimmer Wh,Leviton,Leviton Mfg Co,,,,,,,,,accepted,0,{},"{'brand': 'Leviton', 'source': 'structured_field', 'confidence': 0.99, 'candidates': ['Leviton']} | {'value': 'Leviton Mfg Co', 'score': 100.0, 'match': 'Leviton Mfg Co'}"
TNOCD002,TNOCD002 125V Outdooor Timer,Prime,Prime Wire & Cable,,,,,,,,,accepted,0,{},"{'brand': 'Prime', 'source': 'structured_field', 'confidence': 0.99, 'candidates': ['Prime']} | {'value': 'Prime Wire & Cable', 'score': 100.0, 'match': 'Prime Wire & Cable'}"
TNDHD002,TNDHD002 125V 7Day Timer,Prime,Prime Wire & Cable,,,,,,,,,accepted,0,{},"{'brand': 'Prime', 'source': 'structured_field', 'confidence': 0.99, 'candidates': ['Prime']} | {'value': 'Prime Wire & Cable', 'score': 100.0, 'match': 'Prime Wire & Cable'}"
TNIDP12,TNIDP12 125V Dig Indoor Timer,Prime,Prime Wire & Cable,,,,,,,,,accepted,0,{},"{'brand': 'Prime', 'source': 'structured_field', 'confidence': 0.99, 'candidates': ['Prime']} | {'value': 'Prime Wire & Cable', 'score': 100.0, 'match': 'Prime Wire & Cable'}"
TNIW24,TNIW24 125V 24hr Mech Timer,Prime,Prime Wire & Cable,,,,,,,,,accepted,0,{},"{'brand': 'Prime', 'source': 'structured_field', 'confidence': 0.99, 'candidates': ['Prime']} | {'value': 'Prime Wire & Cable', 'score': 100.0, 'match': 'Prime Wire & Cable'}"
65-1222,65-1222 1' Led Lt Multi CCT,,Satco Prod Inc,,,,,,,,,accepted,0,{},"{'brand': None, 'source': None, 'confidence': 0.0, 'candidates': []} | {'value': 'Satco Prod Inc', 'score': 100.0, 'match': 'Satco Prod Inc'}"
65-1224,65-1224 4' Led Strip Light,Satco,Satco Prod Inc,,,,,,,,,accepted,0,{},"{'brand': 'Satco', 'source': 'structured_field', 'confidence': 0.99, 'candidates': ['Satco']} | {'value': 'Satco Prod Inc', 'score': 100.0, 'match': 'Satco Prod Inc'}"
45297BK,45297BK Kichler Wall Lt,,Kichler Lighting,,,,,,,,,accepted,0,{},"{'brand': None, 'source': None, 'confidence': 0.0, 'candidates': []} | {'value': 'Kichler Lighting', 'score': 100.0, 'match': 'Kichler Lighting'}"
45573BK,45573BK Kichler Wall Light,,Kichler Lighting,,,,,,,,,accepted,0,{},"{'brand': None, 'source': None, 'confidence': 0.0, 'candidates': []} | {'value': 'Kichler Lighting', 'score': 100.0, 'match': 'Kichler Lighting'}"
37418A,37418A Kichler Bath Light,,Kichler Lighting,,,,,,,,,accepted,0,{},"{'brand': None, 'source': None, 'confidence': 0.0, 'candidates': []} | {'value': 'Kichler Lighting', 'score': 100.0, 'match': 'Kichler Lighting'}"
37423A,37423A Kichler Bath Light,,Kichler Lighting,,,,,,,,,accepted,0,{},"{'brand': None, 'source': None, 'confidence': 0.0, 'candidates': []} | {'value': 'Kichler Lighting', 'score': 100.0, 'match': 'Kichler Lighting'}"
45496BKCLR,45496BKCLR Kichler Bath Light,,Kichler Lighting,,,,,,,,,accepted,0,{},"{'brand': None, 'source': None, 'confidence': 0.0, 'candidates': []} | {'value': 'Kichler Lighting', 'score': 100.0, 'match': 'Kichler Lighting'}"
45973BK,45973BK Kichler Wall Light,,Kichler Lighting,,,,,,,,,accepted,0,{},"{'brand': None, 'source': None, 'confidence': 0.0, 'candidates': []} | {'value': 'Kichler Lighting', 'score': 100.0, 'match': 'Kichler Lighting'}"
55155BK,55155BK Kichler Wall Lt,,Kichler Lighting,,,,,,,,,accepted,0,{},"{'brand': None, 'source': None, 'confidence': 0.0, 'candidates': []} | {'value': 'Kichler Lighting', 'score': 100.0, 'match': 'Kichler Lighting'}"
55157CPZ,55157CPZ Kichler Wall Light,,Kichler Lighting,,,,,,,,,accepted,0,{},"{'brand': None, 'source': None, 'confidence': 0.0, 'candidates': []} | {'value': 'Kichler Lighting', 'score': 100.0, 'match': 'Kichler Lighting'}"
55184BK,55184BK Kichler Wall Lt,,Kichler Lighting,,,,,,,,,accepted,0,{},"{'brand': None, 'source': None, 'confidence': 0.0, 'candidates': []} | {'value': 'Kichler Lighting', 'score': 100.0, 'match': 'Kichler Lighting'}"
55185BK,55185BK Kichler Wall Lt,,Kichler Lighting,,,,,,,,,accepted,0,{},"{'brand': None, 'source': None, 'confidence': 0.0, 'candidates': []} | {'value': 'Kichler Lighting', 'score': 100.0, 'match': 'Kichler Lighting'}"
55186CH,55186CH Kichler Wall Lt,,Kichler Lighting,,,,,,,,,accepted,0,{},"{'brand': None, 'source': None, 'confidence': 0.0, 'candidates': []} | {'value': 'Kichler Lighting', 'score': 100.0, 'match': 'Kichler Lighting'}"
55210NI,55210NI Kichler Wall Light,,Kichler Lighting,,,,,,,,,accepted,0,{},"{'brand': None, 'source': None, 'confidence': 0.0, 'candidates': []} | {'value': 'Kichler Lighting', 'score': 100.0, 'match': 'Kichler Lighting'}"
55211BK,55211BK Kichler Wall Light,,Kichler Lighting,,,,,,,,,accepted,0,{},"{'brand': None, 'source': None, 'confidence': 0.0, 'candidates': []} | {'value': 'Kichler Lighting', 'score': 100.0, 'match': 'Kichler Lighting'}"
55211NI,55211NI Kichler Wall Light,,Kichler Lighting,,,,,,,,,accepted,0,{},"{'brand': None, 'source': None, 'confidence': 0.0, 'candidates': []} | {'value': 'Kichler Lighting', 'score': 100.0, 'match': 'Kichler Lighting'}"
55212NI,55212NI Kichler Wall Light,,Kichler Lighting,,,,,,,,,accepted,0,{},"{'brand': None, 'source': None, 'confidence': 0.0, 'candidates': []} | {'value': 'Kichler Lighting', 'score': 100.0, 'match': 'Kichler Lighting'}"
55226BKLFU,55226BKFLU Kichler Wall Lt,,Kichler Lighting,,,,,,,,,accepted,0,{},"{'brand': None, 'source': None, 'confidence': 0.0, 'candidates': []} | {'value': 'Kichler Lighting', 'score': 100.0, 'match': 'Kichler Lighting'}"
55239CPZLED,55239CPZLED Kichler Wall Lt,,Kichler Lighting,,,,,,,,,accepted,0,{},"{'brand': None, 'source': None, 'confidence': 0.0, 'candidates': []} | {'value': 'Kichler Lighting', 'score': 100.0, 'match': 'Kichler Lighting'}"
44072DBK,44072DBK Kichler Chandelier Lt,,Kichler Lighting,,,,,,,,,accepted,0,{},"{'brand': None, 'source': None, 'confidence': 0.0, 'candidates': []} | {'value': 'Kichler Lighting', 'score': 100.0, 'match': 'Kichler Lighting'}"
44073NI,44073NI Kichler Chandelier Lt,,Kichler Lighting,,,,,,,,,accepted,0,{},"{'brand': None, 'source': None, 'confidence': 0.0, 'candidates': []} | {'value': 'Kichler Lighting', 'score': 100.0, 'match': 'Kichler Lighting'}"
52033BK,52033BK Kichler Chandelier Lt,,Kichler Lighting,,,,,,,,,accepted,0,{},"{'brand': None, 'source': None, 'confidence': 0.0, 'candidates': []} | {'value': 'Kichler Lighting', 'score': 100.0, 'match': 'Kichler Lighting'}"
84322WH,84322WH Kichler Chandelier Lt,,Kichler Lighting,,,,,,,,,accepted,0,{},"{'brand': None, 'source': None, 'confidence': 0.0, 'candidates': []} | {'value': 'Kichler Lighting', 'score': 100.0, 'match': 'Kichler Lighting'}"
52404BK,52404BK Kichler Chandelier Lt,,Kichler Lighting,,,,,,,,,accepted,0,{},"{'brand': None, 'source': None, 'confidence': 0.0, 'candidates': []} | {'value': 'Kichler Lighting', 'score': 100.0, 'match': 'Kichler Lighting'}"
34686A,34686A Kichler Chandelier Lt,,Kichler Lighting,,,,,,,,,accepted,0,{},"{'brand': None, 'source': None, 'confidence': 0.0, 'candidates': []} | {'value': 'Kichler Lighting', 'score': 100.0, 'match': 'Kichler Lighting'}"
34687A,34687A Kichler Chandelier Lt,,Kichler Lighting,,,,,,,,,accepted,0,{},"{'brand': None, 'source': None, 'confidence': 0.0, 'candidates': []} | {'value': 'Kichler Lighting', 'score': 100.0, 'match': 'Kichler Lighting'}"
34688A,34688A Kichler Chandelier Lt,,First Alert - B R K Brands,,,,,,,,,accepted,0,{},"{'brand': None, 'source': None, 'confidence': 0.0, 'candidates': []} | {'value': 'First Alert - B R K Brands', 'score': 100.0, 'match': 'First Alert - B R K Brands'}"
43671BKCLR,43671BKCLR Kichler Chand Lt,,Kichler Lighting,,,,,,,,,accepted,0,{},"{'brand': None, 'source': None, 'confidence': 0.0, 'candidates': []} | {'value': 'Kichler Lighting', 'score': 100.0, 'match': 'Kichler Lighting'}"
52616BK,52616BK Kichler Chandelier Lt,,Kichler Lighting,,,,,,,,,accepted,0,{},"{'brand': None, 'source': None, 'confidence': 0.0, 'candidates': []} | {'value': 'Kichler Lighting', 'score': 100.0, 'match': 'Kichler Lighting'}"
52616NI,52616NI Kichler Chandelier Lt,,Kichler Lighting,,,,,,,,,accepted,0,{},"{'brand': None, 'source': None, 'confidence': 0.0, 'candidates': []} | {'value': 'Kichler Lighting', 'score': 100.0, 'match': 'Kichler Lighting'}"
52678BK,52678BK Kichler Chandelier Lt,,Kichler Lighting,,,,,,,,,accepted,0,{},"{'brand': None, 'source': None, 'confidence': 0.0, 'candidates': []} | {'value': 'Kichler Lighting', 'score': 100.0, 'match': 'Kichler Lighting'}"
52680CPZ,52680CPZ Kichler Chandelier Lt,,Kichler Lighting,,,,,,,,,accepted,0,{},"{'brand': None, 'source': None, 'confidence': 0.0, 'candidates': []} | {'value': 'Kichler Lighting', 'score': 100.0, 'match': 'Kichler Lighting'}"
52772BK,52772BK Kichler Chandelier Lt,,Kichler Lighting,,,,,,,,,accepted,0,{},"{'brand': None, 'source': None, 'confidence': 0.0, 'candidates': []} | {'value': 'Kichler Lighting', 'score': 100.0, 'match': 'Kichler Lighting'}"
82399,82399 Kichler Chandelier Lt,,Kichler Lighting,,,,,,,,,accepted,0,{},"{'brand': None, 'source': None, 'confidence': 0.0, 'candidates': []} | {'value': 'Kichler Lighting', 'score': 100.0, 'match': 'Kichler Lighting'}"
65-771R3,65-771R3 Nuvo Highbay Light,,Satco Prod Inc,,,,,,,,,accepted,0,{},"{'brand': None, 'source': None, 'confidence': 0.0, 'candidates': []} | {'value': 'Satco Prod Inc', 'score': 100.0, 'match': 'Satco Prod Inc'}"
42955BK,42955BK Kichler Ceiling Lt,,Kichler Lighting,,,,,,,,,accepted,0,{},"{'brand': None, 'source': None, 'confidence': 0.0, 'candidates': []} | {'value': 'Kichler Lighting', 'score': 100.0, 'match': 'Kichler Lighting'}"
42275BK,42275BK Kichler Ceiling Lt,,Kichler Lighting,,,,,,,,,accepted,0,{},"{'brand': None, 'source': None, 'confidence': 0.0, 'candidates': []} | {'value': 'Kichler Lighting', 'score': 100.0, 'match': 'Kichler Lighting'}"
62-1850,"62-1850 11"" Led Ceiling Light",,Satco Prod Inc,,,,,,,,,accepted,0,{},"{'brand': None, 'source': None, 'confidence': 0.0, 'candidates': []} | {'value': 'Satco Prod Inc', 'score': 100.0, 'match': 'Satco Prod Inc'}"
62-1852,"62-1852 14"" Satco Led Ceiling Lt",,Satco Prod Inc,,,,,,,,,accepted,0,{},"{'brand': None, 'source': None, 'confidence': 0.0, 'candidates': []} | {'value': 'Satco Prod Inc', 'score': 100.0, 'match': 'Satco Prod Inc'}"
62-1875,"62-1875 10"" Led Ceiling Lt Bn",,Satco Prod Inc,,,,,,,,,accepted,0,{},"{'brand': None, 'source': None, 'confidence': 0.0, 'candidates': []} | {'value': 'Satco Prod Inc', 'score': 100.0, 'match': 'Satco Prod Inc'}"
62-1876,"62-1876 13"" Satco Ceiling Light BN",,Satco Prod Inc,,,,,,,,,accepted,0,{},"{'brand': None, 'source': None, 'confidence': 0.0, 'candidates': []} | {'value': 'Satco Prod Inc', 'score': 100.0, 'match': 'Satco Prod Inc'}"
42296BK,42296BK Kichler Ceiling Lt,,Kichler Lighting,,,,,,,,,accepted,0,{},"{'brand': None, 'source': None, 'confidence': 0.0, 'candidates': []} | {'value': 'Kichler Lighting', 'score': 100.0, 'match': 'Kichler Lighting'}"
43913BK,43913BK Kichler Pendant Lt,,Kichler Lighting,,,,,,,,,accepted,0,{},"{'brand': None, 'source': None, 'confidence': 0.0, 'candidates': []} | {'value': 'Kichler Lighting', 'score': 100.0, 'match': 'Kichler Lighting'}"
HLSMS9129FS1E,"HLSMS9129FS1E 9"" Motion Lt",,Cooper Lighting,,,,,,,,,accepted,0,{},"{'brand': None, 'source': None, 'confidence': 0.0, 'candidates': []} | {'value': 'Cooper Lighting', 'score': 100.0, 'match': 'Cooper Lighting'}"
64-110,64-110 Satco Tape Light 16',,Satco Prod Inc,,,,,,,,,accepted,0,{},"{'brand': None, 'source': None, 'confidence': 0.0, 'candidates': []} | {'value': 'Satco Prod Inc', 'score': 100.0, 'match': 'Satco Prod Inc'}"
603571,603571 3' Strip Light Ext,Wiz,Phillips Lighting,,,,,,,,,accepted,0,{},"{'brand': 'Wiz', 'source': 'structured_field', 'confidence': 0.99, 'candidates': ['Wiz']} | {'value': 'Phillips Lighting', 'score': 100.0, 'match': 'Phillips Lighting'}"
65-572R1,65572 Satco 2x4 Led Flat Panel,,Satco Prod Inc,,,,,,,,,accepted,0,{},"{'brand': None, 'source': None, 'confidence': 0.0, 'candidates': []} | {'value': 'Satco Prod Inc', 'score': 100.0, 'match': 'Satco Prod Inc'}"
52476AVI,52476AVI Kichler Pendant Lt,,Kichler Lighting,,,,,,,,,accepted,0,{},"{'brand': None, 'source': None, 'confidence': 0.0, 'candidates': []} | {'value': 'Kichler Lighting', 'score': 100.0, 'match': 'Kichler Lighting'}"
42199BK,42199BK Kichler Pendant Lt,,Kichler Lighting,,,,,,,,,accepted,0,{},"{'brand': None, 'source': None, 'confidence': 0.0, 'candidates': []} | {'value': 'Kichler Lighting', 'score': 100.0, 'match': 'Kichler Lighting'}"
42199BKCS,42199BKCS Kichler Pendant Lt,,Kichler Lighting,,,,,,,,,accepted,0,{},"{'brand': None, 'source': None, 'confidence': 0.0, 'candidates': []} | {'value': 'Kichler Lighting', 'score': 100.0, 'match': 'Kichler Lighting'}"
42200BK,42200BK Kichler Pendant Lt,,Kichler Lighting,,,,,,,,,accepted,0,{},"{'brand': None, 'source': None, 'confidence': 0.0, 'candidates': []} | {'value': 'Kichler Lighting', 'score': 100.0, 'match': 'Kichler Lighting'}"
42200BKCS,42200BKCS Kichler Pendant Lt,,Kichler Lighting,,,,,,,,,accepted,0,{},"{'brand': None, 'source': None, 'confidence': 0.0, 'candidates': []} | {'value': 'Kichler Lighting', 'score': 100.0, 'match': 'Kichler Lighting'}"
43851BK,43851BK Kichler Pendant Lt,,Kichler Lighting,,,,,,,,,accepted,0,{},"{'brand': None, 'source': None, 'confidence': 0.0, 'candidates': []} | {'value': 'Kichler Lighting', 'score': 100.0, 'match': 'Kichler Lighting'}"
43852BK,43852BK Kichler Pendant Lt,,Kichler Lighting,,,,,,,,,accepted,0,{},"{'brand': None, 'source': None, 'confidence': 0.0, 'candidates': []} | {'value': 'Kichler Lighting', 'score': 100.0, 'match': 'Kichler Lighting'}"
43853BK,43853BK Kichler Pendant Lt,,Kichler Lighting,,,,,,,,,accepted,0,{},"{'brand': None, 'source': None, 'confidence': 0.0, 'candidates': []} | {'value': 'Kichler Lighting', 'score': 100.0, 'match': 'Kichler Lighting'}"
43905BK,43905BK Kichler Pendant Lt,,Kichler Lighting,,,,,,,,,accepted,0,{},"{'brand': None, 'source': None, 'confidence': 0.0, 'candidates': []} | {'value': 'Kichler Lighting', 'score': 100.0, 'match': 'Kichler Lighting'}"
43911BK,43911BK Kichler Pendant Lt,,Kichler Lighting,,,,,,,,,accepted,0,{},"{'brand': None, 'source': None, 'confidence': 0.0, 'candidates': []} | {'value': 'Kichler Lighting', 'score': 100.0, 'match': 'Kichler Lighting'}"
52529BK,52529BK Kichler Pendant Light,,Kichler Lighting,,,,,,,,,accepted,0,{},"{'brand': None, 'source': None, 'confidence': 0.0, 'candidates': []} | {'value': 'Kichler Lighting', 'score': 100.0, 'match': 'Kichler Lighting'}"
52662BKCLR,52662BKCLR Kichler Pendant Lt,,Kichler Lighting,,,,,,,,,accepted,0,{},"{'brand': None, 'source': None, 'confidence': 0.0, 'candidates': []} | {'value': 'Kichler Lighting', 'score': 100.0, 'match': 'Kichler Lighting'}"
52734CPZ,52734CPZ Kichler Pendant Light,,Kichler Lighting,,,,,,,,,accepted,0,{},"{'brand': None, 'source': None, 'confidence': 0.0, 'candidates': []} | {'value': 'Kichler Lighting', 'score': 100.0, 'match': 'Kichler Lighting'}"
82400,82400 Kichler Pendant Lt,,Kichler Lighting,,,,,,,,,accepted,0,{},"{'brand': None, 'source': None, 'confidence': 0.0, 'candidates': []} | {'value': 'Kichler Lighting', 'score': 100.0, 'match': 'Kichler Lighting'}"
S11606,"S11606 8"" Round Down Lt 30K",,Satco Prod Inc,,,,,,,,,accepted,0,{},"{'brand': None, 'source': None, 'confidence': 0.0, 'candidates': []} | {'value': 'Satco Prod Inc', 'score': 100.0, 'match': 'Satco Prod Inc'}"
S11828,"S11828 8"" Led Down Light",,Satco Prod Inc,,,,,,,,,accepted,0,{},"{'brand': None, 'source': None, 'confidence': 0.0, 'candidates': []} | {'value': 'Satco Prod Inc', 'score': 100.0, 'match': 'Satco Prod Inc'}"
801274,"801274 10w LED 6"" Retro 50k",Philips,Phillips Lighting,,,,,,,,,accepted,0,{},"{'brand': 'Philips', 'source': 'structured_field', 'confidence': 0.99, 'candidates': ['Philips']} | {'value': 'Phillips Lighting', 'score': 100.0, 'match': 'Phillips Lighting'}"
S11860,"S11860 6"" Downlight White 5 CCT",,Satco Prod Inc,,,,,,,,,accepted,0,{},"{'brand': None, 'source': None, 'confidence': 0.0, 'candidates': []} | {'value': 'Satco Prod Inc', 'score': 100.0, 'match': 'Satco Prod Inc'}"
S11562,"S11562 Starfish 6"" D/W Downlight",,Satco Prod Inc,,,,,,,,,accepted,0,{},"{'brand': None, 'source': None, 'confidence': 0.0, 'candidates': []} | {'value': 'Satco Prod Inc', 'score': 100.0, 'match': 'Satco Prod Inc'}"
S11646,"S11646 6"" Downlight Wh",,Satco Prod Inc,,,,,,,,,accepted,0,{},"{'brand': None, 'source': None, 'confidence': 0.0, 'candidates': []} | {'value': 'Satco Prod Inc', 'score': 100.0, 'match': 'Satco Prod Inc'}"
S11801R1,"S11801R1 6"" Led Downlight Wh",,Satco Prod Inc,,,,,,,,,accepted,0,{},"{'brand': None, 'source': None, 'confidence': 0.0, 'candidates': []} | {'value': 'Satco Prod Inc', 'score': 100.0, 'match': 'Satco Prod Inc'}"
S11848,"S11848 10"" Down Light Wh",,Satco Prod Inc,,,,,,,,,accepted,0,{},"{'brand': None, 'source': None, 'confidence': 0.0, 'candidates': []} | {'value': 'Satco Prod Inc', 'score': 100.0, 'match': 'Satco Prod Inc'}"
S11849,"S11849 12"" Down Light Wh",,Satco Prod Inc,,,,,,,,,accepted,0,{},"{'brand': None, 'source': None, 'confidence': 0.0, 'candidates': []} | {'value': 'Satco Prod Inc', 'score': 100.0, 'match': 'Satco Prod Inc'}"
HLBSL609FS5,"HLBSL609FS5 6"" Down Light",,Cooper Lighting,,,,,,,,,accepted,0,{},"{'brand': None, 'source': None, 'confidence': 0.0, 'candidates': []} | {'value': 'Cooper Lighting', 'score': 100.0, 'match': 'Cooper Lighting'}"
WF4REGSWW590CRIMW,"WF4REGSWW590CRIMW 4"" Down Light",,Lithonia Lighting,,,,,,,,,accepted,0,{},"{'brand': None, 'source': None, 'confidence': 0.0, 'candidates': []} | {'value': 'Lithonia Lighting', 'score': 100.0, 'match': 'Lithonia Lighting'}"
43849WH5CCT,43849WH5CCT Kichler Ceiling Lt,,Kichler Lighting,,,,,,,,,accepted,0,{},"{'brand': None, 'source': None, 'confidence': 0.0, 'candidates': []} | {'value': 'Kichler Lighting', 'score': 100.0, 'match': 'Kichler Lighting'}"
62-1777,"62-1777 15"" Ceiling Lt Wh",,Satco Prod Inc,,,,,,,,,accepted,0,{},"{'brand': None, 'source': None, 'confidence': 0.0, 'candidates': []} | {'value': 'Satco Prod Inc', 'score': 100.0, 'match': 'Satco Prod Inc'}"
62-1778,"62-1778 19"" Ceiling Lt Wh",,Satco Prod Inc,,,,,,,,,accepted,0,{},"{'brand': None, 'source': None, 'confidence': 0.0, 'candidates': []} | {'value': 'Satco Prod Inc', 'score': 100.0, 'match': 'Satco Prod Inc'}"
62-1784,62-1784 24x24 Led Ceiling Lt,,Satco Prod Inc,,,,,,,,,accepted,0,{},"{'brand': None, 'source': None, 'confidence': 0.0, 'candidates': []} | {'value': 'Satco Prod Inc', 'score': 100.0, 'match': 'Satco Prod Inc'}"
62-1787,"62-1787 15"" Ceiling Lt Bk",,Satco Prod Inc,,,,,,,,,accepted,0,{},"{'brand': None, 'source': None, 'confidence': 0.0, 'candidates': []} | {'value': 'Satco Prod Inc', 'score': 100.0, 'match': 'Satco Prod Inc'}"
62-1788,"62-1788 19"" Ceiling Lt Bk",,Satco Prod Inc,,,,,,,,,accepted,0,{},"{'brand': None, 'source': None, 'confidence': 0.0, 'candidates': []} | {'value': 'Satco Prod Inc', 'score': 100.0, 'match': 'Satco Prod Inc'}"
SHOP/4X2/840/V1,4' Feit Shop Light 4500L 40k,Feit Electric,Feit Electric,,,,,,,,,accepted,0,{},"{'brand': 'Feit Electric', 'source': 'structured_field', 'confidence': 0.99, 'candidates': ['Feit Electric']} | {'value': 'Feit Electric', 'score': 100.0, 'match': 'Feit Electric'}"
45495BKCLR,45495BKCLR Kichler Wall Lt,,Kichler Lighting,,,,,,,,,accepted,0,{},"{'brand': None, 'source': None, 'confidence': 0.0, 'candidates': []} | {'value': 'Kichler Lighting', 'score': 100.0, 'match': 'Kichler Lighting'}"
55209NI,55209NI Kichler Wall Sconce,,Kichler Lighting,,,,,,,,,accepted,0,{},"{'brand': None, 'source': None, 'confidence': 0.0, 'candidates': []} | {'value': 'Kichler Lighting', 'score': 100.0, 'match': 'Kichler Lighting'}"
65-1210,65-1210 2' LED Wrap Lt,,Satco Prod Inc,,,,,,,,,accepted,0,{},"{'brand': None, 'source': None, 'confidence': 0.0, 'candidates': []} | {'value': 'Satco Prod Inc', 'score': 100.0, 'match': 'Satco Prod Inc'}"
65-1211,65-1211 4' Led Wrap Light,,Satco Prod Inc,,,,,,,,,accepted,0,{},"{'brand': None, 'source': None, 'confidence': 0.0, 'candidates': []} | {'value': 'Satco Prod Inc', 'score': 100.0, 'match': 'Satco Prod Inc'}"
141465,"141465 15W Flor 18"" T12 27k",Philips,Phillips Lighting,,,,,,,,,accepted,0,{},"{'brand': 'Philips', 'source': 'structured_field', 'confidence': 0.99, 'candidates': ['Philips']} | {'value': 'Phillips Lighting', 'score': 100.0, 'match': 'Phillips Lighting'}"
391227,"391227 32W Led 12"" T9 30K",Philips,Phillips Lighting,,,,,,,,,accepted,0,{},"{'brand': 'Philips', 'source': 'structured_field', 'confidence': 0.99, 'candidates': ['Philips']} | {'value': 'Phillips Lighting', 'score': 100.0, 'match': 'Phillips Lighting'}"
392225,"392225 22W Flor 8"" T9 30k",Philips,Phillips Lighting,,,,,,,,,accepted,0,{},"{'brand': 'Philips', 'source': 'structured_field', 'confidence': 0.99, 'candidates': ['Philips']} | {'value': 'Phillips Lighting', 'score': 100.0, 'match': 'Phillips Lighting'}"
S3539,S3539 20W Halogen Pin T4,Satco,Satco Prod Inc,,,,,,,,,accepted,0,{},"{'brand': 'Satco', 'source': 'structured_field', 'confidence': 0.99, 'candidates': ['Satco']} | {'value': 'Satco Prod Inc', 'score': 100.0, 'match': 'Satco Prod Inc'}"
S3496,S3496 300W Halogen T3 Bulb,Satco,Satco Prod Inc,,,,,,,,,accepted,0,{},"{'brand': 'Satco', 'source': 'structured_field', 'confidence': 0.99, 'candidates': ['Satco']} | {'value': 'Satco Prod Inc', 'score': 100.0, 'match': 'Satco Prod Inc'}"
467316,467316 150W Sodium Med 21k,Philips,Phillips Lighting,,,,,,,,,accepted,0,{},"{'brand': 'Philips', 'source': 'structured_field', 'confidence': 0.99, 'candidates': ['Philips']} | {'value': 'Phillips Lighting', 'score': 100.0, 'match': 'Phillips Lighting'}"
S3709,S3709 25W Incan 27K,Satco,Satco Prod Inc,,,,,,,,,accepted,0,{},"{'brand': 'Satco', 'source': 'structured_field', 'confidence': 0.99, 'candidates': ['Satco']} | {'value': 'Satco Prod Inc', 'score': 100.0, 'match': 'Satco Prod Inc'}"
S4720,S4720 25W Incan 27K,Satco,Satco Prod Inc,,,,,,,,,accepted,0,{},"{'brand': 'Satco', 'source': 'structured_field', 'confidence': 0.99, 'candidates': ['Satco']} | {'value': 'Satco Prod Inc', 'score': 100.0, 'match': 'Satco Prod Inc'}"
S3720,S3720 40w Inc A15 Med 26k,Satco,Satco Prod Inc,,,,,,,,,accepted,0,{},"{'brand': 'Satco', 'source': 'structured_field', 'confidence': 0.99, 'candidates': ['Satco']} | {'value': 'Satco Prod Inc', 'score': 100.0, 'match': 'Satco Prod Inc'}"
S3702,S3702 40W Incan Med 27K,Satco,Satco Prod Inc,,,,,,,,,accepted,0,{},"{'brand': 'Satco', 'source': 'structured_field', 'confidence': 0.99, 'candidates': ['Satco']} | {'value': 'Satco Prod Inc', 'score': 100.0, 'match': 'Satco Prod Inc'}"
S3703,S3703 40W Incan Med 27K,Satco,Satco Prod Inc,,,,,,,,,accepted,0,{},"{'brand': 'Satco', 'source': 'structured_field', 'confidence': 0.99, 'candidates': ['Satco']} | {'value': 'Satco Prod Inc', 'score': 100.0, 'match': 'Satco Prod Inc'}"
S3797,S3797 4W Incan Cand 27K 2pk,Satco,Satco Prod Inc,,,,,,,,,accepted,0,{},"{'brand': 'Satco', 'source': 'structured_field', 'confidence': 0.99, 'candidates': ['Satco']} | {'value': 'Satco Prod Inc', 'score': 100.0, 'match': 'Satco Prod Inc'}"
S4724,S4724 4W Incan Cand 27K 4pk,Satco,Satco Prod Inc,,,,,,,,,accepted,0,{},"{'brand': 'Satco', 'source': 'structured_field', 'confidence': 0.99, 'candidates': ['Satco']} | {'value': 'Satco Prod Inc', 'score': 100.0, 'match': 'Satco Prod Inc'}"
S4717,S4717 6W Incan Cand 27k 2pk,Satco,Satco Prod Inc,,,,,,,,,accepted,0,{},"{'brand': 'Satco', 'source': 'structured_field', 'confidence': 0.99, 'candidates': ['Satco']} | {'value': 'Satco Prod Inc', 'score': 100.0, 'match': 'Satco Prod Inc'}"
S3794,S3794 7W Incan Med 27K,Satco,Satco Prod Inc,,,,,,,,,accepted,0,{},"{'brand': 'Satco', 'source': 'structured_field', 'confidence': 0.99, 'candidates': ['Satco']} | {'value': 'Satco Prod Inc', 'score': 100.0, 'match': 'Satco Prod Inc'}"
S3795,S3795 7W Incan Med 27K,Satco,Satco Prod Inc,,,,,,,,,accepted,0,{},"{'brand': 'Satco', 'source': 'structured_field', 'confidence': 0.99, 'candidates': ['Satco']} | {'value': 'Satco Prod Inc', 'score': 100.0, 'match': 'Satco Prod Inc'}"
S4726,S4726 7W Incan Cand 27K 4pk,Satco,Satco Prod Inc,,,,,,,,,accepted,0,{},"{'brand': 'Satco', 'source': 'structured_field', 'confidence': 0.99, 'candidates': ['Satco']} | {'value': 'Satco Prod Inc', 'score': 100.0, 'match': 'Satco Prod Inc'}"
S11429,S11429 60W Led Bulb 27K,Satco,Satco Prod Inc,,,,,,,,,accepted,0,{},"{'brand': 'Satco', 'source': 'structured_field', 'confidence': 0.99, 'candidates': ['Satco']} | {'value': 'Satco Prod Inc', 'score': 100.0, 'match': 'Satco Prod Inc'}"
S21354,S21354 8W Led T9 Med 27k,,Satco Prod Inc,,,,,,,,,accepted,0,{},"{'brand': None, 'source': None, 'confidence': 0.0, 'candidates': []} | {'value': 'Satco Prod Inc', 'score': 100.0, 'match': 'Satco Prod Inc'}"
S21363,S21363 8W Led Edison ST19 27K,,Satco Prod Inc,,,,,,,,,accepted,0,{},"{'brand': None, 'source': None, 'confidence': 0.0, 'candidates': []} | {'value': 'Satco Prod Inc', 'score': 100.0, 'match': 'Satco Prod Inc'}"
S11445,S11445 12W Led Med 30k Motion,,Satco Prod Inc,,,,,,,,,accepted,0,{},"{'brand': None, 'source': None, 'confidence': 0.0, 'candidates': []} | {'value': 'Satco Prod Inc', 'score': 100.0, 'match': 'Satco Prod Inc'}"
567313,567313 50W Led MR16 30K 3pk,Philips,Phillips Lighting,,,,,,,,,accepted,0,{},"{'brand': 'Philips', 'source': 'structured_field', 'confidence': 0.99, 'candidates': ['Philips']} | {'value': 'Phillips Lighting', 'score': 100.0, 'match': 'Phillips Lighting'}"
586875,586875 60W Led Multi CCT 4pk,Philips,Phillips Lighting,,,,,,,,,accepted,0,{},"{'brand': 'Philips', 'source': 'structured_field', 'confidence': 0.99, 'candidates': ['Philips']} | {'value': 'Phillips Lighting', 'score': 100.0, 'match': 'Phillips Lighting'}"
576355,576355 60/100/150 Led Med 50k,Philips,Phillips Lighting,,,,,,,,,accepted,0,{},"{'brand': 'Philips', 'source': 'structured_field', 'confidence': 0.99, 'candidates': ['Philips']} | {'value': 'Phillips Lighting', 'score': 100.0, 'match': 'Phillips Lighting'}"
576363,576363 100/150/200 Led Med 27k,Philips,Phillips Lighting,,,,,,,,,accepted,0,{},"{'brand': 'Philips', 'source': 'structured_field', 'confidence': 0.99, 'candidates': ['Philips']} | {'value': 'Phillips Lighting', 'score': 100.0, 'match': 'Phillips Lighting'}"
565374,565374 75W Led A19 Med 27k 4pk,Philips,Phillips Lighting,,,,,,,,,accepted,0,{},"{'brand': 'Philips', 'source': 'structured_field', 'confidence': 0.99, 'candidates': ['Philips']} | {'value': 'Phillips Lighting', 'score': 100.0, 'match': 'Phillips Lighting'}"
565390,565390 75W Led A19 Med 50k 4pk,Philips,Phillips Lighting,,,,,,,,,accepted,0,{},"{'brand': 'Philips', 'source': 'structured_field', 'confidence': 0.99, 'candidates': ['Philips']} | {'value': 'Phillips Lighting', 'score': 100.0, 'match': 'Phillips Lighting'}"
576371,576371 100/150/200 Led Med 50k,Philips,Phillips Lighting,,,,,,,,,accepted,0,{},"{'brand': 'Philips', 'source': 'structured_field', 'confidence': 0.99, 'candidates': ['Philips']} | {'value': 'Phillips Lighting', 'score': 100.0, 'match': 'Phillips Lighting'}"
576496,576496 45W Led R20 Med 27k,Philips,Phillips Lighting,,,,,,,,,accepted,0,{},"{'brand': 'Philips', 'source': 'structured_field', 'confidence': 0.99, 'candidates': ['Philips']} | {'value': 'Phillips Lighting', 'score': 100.0, 'match': 'Phillips Lighting'}"
564856,564856 40W Led ST19 27k 2pk,Philips,Phillips Lighting,,,,,,,,,accepted,0,{},"{'brand': 'Philips', 'source': 'structured_field', 'confidence': 0.99, 'candidates': ['Philips']} | {'value': 'Phillips Lighting', 'score': 100.0, 'match': 'Phillips Lighting'}"
565796,565796 60W Led A19 Med 20k,Philips,Phillips Lighting,,,,,,,,,accepted,0,{},"{'brand': 'Philips', 'source': 'structured_field', 'confidence': 0.99, 'candidates': ['Philips']} | {'value': 'Phillips Lighting', 'score': 100.0, 'match': 'Phillips Lighting'}"
576389,576389 100/200/300 Led Med 27k,Philips,Phillips Lighting,,,,,,,,,accepted,0,{},"{'brand': 'Philips', 'source': 'structured_field', 'confidence': 0.99, 'candidates': ['Philips']} | {'value': 'Phillips Lighting', 'score': 100.0, 'match': 'Phillips Lighting'}"
564492,564492 75W Adj Base 27k 3pk,Philips,Phillips Lighting,,,,,,,,,accepted,0,{},"{'brand': 'Philips', 'source': 'structured_field', 'confidence': 0.99, 'candidates': ['Philips']} | {'value': 'Phillips Lighting', 'score': 100.0, 'match': 'Phillips Lighting'}"
603449,603449 Wiz 60W Led Med Clr Ch,Wiz,Phillips Lighting,,,,,,,,,accepted,0,{},"{'brand': 'Wiz', 'source': 'structured_field', 'confidence': 0.99, 'candidates': ['Wiz']} | {'value': 'Phillips Lighting', 'score': 100.0, 'match': 'Phillips Lighting'}"
586909,586909 Led 60W Med A19 27K,Philips,Phillips Lighting,,,,,,,,,accepted,0,{},"{'brand': 'Philips', 'source': 'structured_field', 'confidence': 0.99, 'candidates': ['Philips']} | {'value': 'Phillips Lighting', 'score': 100.0, 'match': 'Phillips Lighting'}"
566364,566364 75W Led ST19 27k 4pk,Philips,Phillips Lighting,,,,,,,,,accepted,0,{},"{'brand': 'Philips', 'source': 'structured_field', 'confidence': 0.99, 'candidates': ['Philips']} | {'value': 'Phillips Lighting', 'score': 100.0, 'match': 'Phillips Lighting'}"
576397,576394 100/200/300 Led A23 50k,Philips,Phillips Lighting,,,,,,,,,accepted,0,{},"{'brand': 'Philips', 'source': 'structured_field', 'confidence': 0.99, 'candidates': ['Philips']} | {'value': 'Phillips Lighting', 'score': 100.0, 'match': 'Phillips Lighting'}"
571497,571497 150W Led Med 27k,Philips,Phillips Lighting,,,,,,,,,accepted,0,{},"{'brand': 'Philips', 'source': 'structured_field', 'confidence': 0.99, 'candidates': ['Philips']} | {'value': 'Phillips Lighting', 'score': 100.0, 'match': 'Phillips Lighting'}"
576306,576306 40W Led A19 5CCT 4pk,Philips,Phillips Lighting,,,,,,,,,accepted,0,{},"{'brand': 'Philips', 'source': 'structured_field', 'confidence': 0.99, 'candidates': ['Philips']} | {'value': 'Phillips Lighting', 'score': 100.0, 'match': 'Phillips Lighting'}"
588533,588533 40W Led Cand 3pk,Philips,Phillips Lighting,,,,,,,,,accepted,0,{},"{'brand': 'Philips', 'source': 'structured_field', 'confidence': 0.99, 'candidates': ['Philips']} | {'value': 'Phillips Lighting', 'score': 100.0, 'match': 'Phillips Lighting'}"
576520,576520 65W Led Med 27k,Philips,Phillips Lighting,,,,,,,,,accepted,0,{},"{'brand': 'Philips', 'source': 'structured_field', 'confidence': 0.99, 'candidates': ['Philips']} | {'value': 'Phillips Lighting', 'score': 100.0, 'match': 'Phillips Lighting'}"
574004,574004 75W Led ST19 27k 2pk,Philips,Phillips Lighting,,,,,,,,,accepted,0,{},"{'brand': 'Philips', 'source': 'structured_field', 'confidence': 0.99, 'candidates': ['Philips']} | {'value': 'Phillips Lighting', 'score': 100.0, 'match': 'Phillips Lighting'}"
574012,574012 75W Led ST19 50k 2pk,Philips,Phillips Lighting,,,,,,,,,accepted,0,{},"{'brand': 'Philips', 'source': 'structured_field', 'confidence': 0.99, 'candidates': ['Philips']} | {'value': 'Phillips Lighting', 'score': 100.0, 'match': 'Phillips Lighting'}"
573971,573971 75W Led ST19 20k 4pk,Philips,Phillips Lighting,,,,,,,,,accepted,0,{},"{'brand': 'Philips', 'source': 'structured_field', 'confidence': 0.99, 'candidates': ['Philips']} | {'value': 'Phillips Lighting', 'score': 100.0, 'match': 'Phillips Lighting'}"
573989,573989 40W Led Med 27K 4pk,Philips,Phillips Lighting,,,,,,,,,accepted,0,{},"{'brand': 'Philips', 'source': 'structured_field', 'confidence': 0.99, 'candidates': ['Philips']} | {'value': 'Phillips Lighting', 'score': 100.0, 'match': 'Phillips Lighting'}"
576769,576769 65W Led BR30 Med 27k,Philips,Phillips Lighting,,,,,,,,,accepted,0,{},"{'brand': 'Philips', 'source': 'structured_field', 'confidence': 0.99, 'candidates': ['Philips']} | {'value': 'Phillips Lighting', 'score': 100.0, 'match': 'Phillips Lighting'}"
567446,567446 60W Led Med 50K 3pk,Philips,Phillips Lighting,,,,,,,,,accepted,0,{},"{'brand': 'Philips', 'source': 'structured_field', 'confidence': 0.99, 'candidates': ['Philips']} | {'value': 'Phillips Lighting', 'score': 100.0, 'match': 'Phillips Lighting'}"
573997,573997 40W Led Med 50k 4pk,Philips,Phillips Lighting,,,,,,,,,accepted,0,{},"{'brand': 'Philips', 'source': 'structured_field', 'confidence': 0.99, 'candidates': ['Philips']} | {'value': 'Phillips Lighting', 'score': 100.0, 'match': 'Phillips Lighting'}"
571463,571463 100W Led BR30 Med 50k,Philips,Phillips Lighting,,,,,,,,,accepted,0,{},"{'brand': 'Philips', 'source': 'structured_field', 'confidence': 0.99, 'candidates': ['Philips']} | {'value': 'Phillips Lighting', 'score': 100.0, 'match': 'Phillips Lighting'}"
576512,576512 65W Led BR40 Med 27k,Philips,Phillips Lighting,,,,,,,,,accepted,0,{},"{'brand': 'Philips', 'source': 'structured_field', 'confidence': 0.99, 'candidates': ['Philips']} | {'value': 'Phillips Lighting', 'score': 100.0, 'match': 'Phillips Lighting'}"
581181,581181 40W Led Med 2pk,Philips,Phillips Lighting,,,,,,,,,accepted,0,{},"{'brand': 'Philips', 'source': 'structured_field', 'confidence': 0.99, 'candidates': ['Philips']} | {'value': 'Phillips Lighting', 'score': 100.0, 'match': 'Phillips Lighting'}"
GT-CB-100C,GTCB100C Led 100W Cob Bulb,GT-Lite,Keystone,,,,,,,,,accepted,0,{},"{'brand': 'GT-Lite', 'source': 'structured_field', 'confidence': 0.99, 'candidates': ['GT-Lite']} | {'value': 'Keystone', 'score': 100.0, 'match': 'Keystone'}"
566430,566430 75W Led Med 50k 4pk,Philips,Phillips Lighting,,,,,,,,,accepted,0,{},"{'brand': 'Philips', 'source': 'structured_field', 'confidence': 0.99, 'candidates': ['Philips']} | {'value': 'Phillips Lighting', 'score': 100.0, 'match': 'Phillips Lighting'}"
568337,568337 120W Led Par38 Med 50k,Philips,Phillips Lighting,,,,,,,,,accepted,0,{},"{'brand': 'Philips', 'source': 'structured_field', 'confidence': 0.99, 'candidates': ['Philips']} | {'value': 'Phillips Lighting', 'score': 100.0, 'match': 'Phillips Lighting'}"
565788,565788 40W Led A19 Med 27k,Philips,Phillips Lighting,,,,,,,,,accepted,0,{},"{'brand': 'Philips', 'source': 'structured_field', 'confidence': 0.99, 'candidates': ['Philips']} | {'value': 'Phillips Lighting', 'score': 100.0, 'match': 'Phillips Lighting'}"
565770,565770 40W Led A19 Med 50k,Philips,Phillips Lighting,,,,,,,,,accepted,0,{},"{'brand': 'Philips', 'source': 'structured_field', 'confidence': 0.99, 'candidates': ['Philips']} | {'value': 'Phillips Lighting', 'score': 100.0, 'match': 'Phillips Lighting'}"
573436,573436 60W Led A19 Med 27k 2pk,Philips,Phillips Lighting,,,,,,,,,accepted,0,{},"{'brand': 'Philips', 'source': 'structured_field', 'confidence': 0.99, 'candidates': ['Philips']} | {'value': 'Phillips Lighting', 'score': 100.0, 'match': 'Phillips Lighting'}"
576538,576538 65W Led BR30 Med 50k,Philips,Phillips Lighting,,,,,,,,,accepted,0,{},"{'brand': 'Philips', 'source': 'structured_field', 'confidence': 0.99, 'candidates': ['Philips']} | {'value': 'Phillips Lighting', 'score': 100.0, 'match': 'Phillips Lighting'}"
573451,573451 40W Led Med 27k 2pk,Philips,Phillips Lighting,,,,,,,,,accepted,0,{},"{'brand': 'Philips', 'source': 'structured_field', 'confidence': 0.99, 'candidates': ['Philips']} | {'value': 'Phillips Lighting', 'score': 100.0, 'match': 'Phillips Lighting'}"
586883,586883 100W Led Multi CCT 2pk,Philips,Phillips Lighting,,,,,,,,,accepted,0,{},"{'brand': 'Philips', 'source': 'structured_field', 'confidence': 0.99, 'candidates': ['Philips']} | {'value': 'Phillips Lighting', 'score': 100.0, 'match': 'Phillips Lighting'}"
586859,586859 40W Led Med 27K Back Up,Philips,Phillips Lighting,,,,,,,,,accepted,0,{},"{'brand': 'Philips', 'source': 'structured_field', 'confidence': 0.99, 'candidates': ['Philips']} | {'value': 'Phillips Lighting', 'score': 100.0, 'match': 'Phillips Lighting'}"
576488,576488 45W Led R20 Med 50k,Philips,Phillips Lighting,,,,,,,,,accepted,0,{},"{'brand': 'Philips', 'source': 'structured_field', 'confidence': 0.99, 'candidates': ['Philips']} | {'value': 'Phillips Lighting', 'score': 100.0, 'match': 'Phillips Lighting'}"
575217,575217 60W Led Med 50k 2pk,Philips,Phillips Lighting,,,,,,,,,accepted,0,{},"{'brand': 'Philips', 'source': 'structured_field', 'confidence': 0.99, 'candidates': ['Philips']} | {'value': 'Phillips Lighting', 'score': 100.0, 'match': 'Phillips Lighting'}"
586479,586479 90W Led Med Multi CCT,Philips,Phillips Lighting,,,,,,,,,accepted,0,{},"{'brand': 'Philips', 'source': 'structured_field', 'confidence': 0.99, 'candidates': ['Philips']} | {'value': 'Phillips Lighting', 'score': 100.0, 'match': 'Phillips Lighting'}"
571471,571471 100W Led BR30 Med 27k,Philips,Phillips Lighting,,,,,,,,,accepted,0,{},"{'brand': 'Philips', 'source': 'structured_field', 'confidence': 0.99, 'candidates': ['Philips']} | {'value': 'Phillips Lighting', 'score': 100.0, 'match': 'Phillips Lighting'}"
570762,570762 50W Led Par16 30k 3pk,Philips,Phillips Lighting,,,,,,,,,accepted,0,{},"{'brand': 'Philips', 'source': 'structured_field', 'confidence': 0.99, 'candidates': ['Philips']} | {'value': 'Phillips Lighting', 'score': 100.0, 'match': 'Phillips Lighting'}"
533352,571505 150W Led Med 50k,Philips,Phillips Lighting,,,,,,,,,accepted,0,{},"{'brand': 'Philips', 'source': 'structured_field', 'confidence': 0.99, 'candidates': ['Philips']} | {'value': 'Phillips Lighting', 'score': 100.0, 'match': 'Phillips Lighting'}"
573519,573519 100W Led A21 27k 2pk,Philips,Phillips Lighting,,,,,,,,,accepted,0,{},"{'brand': 'Philips', 'source': 'structured_field', 'confidence': 0.99, 'candidates': ['Philips']} | {'value': 'Phillips Lighting', 'score': 100.0, 'match': 'Phillips Lighting'}"
573378,573378 60W Led Med 27k 3pk,Philips,Phillips Lighting,,,,,,,,,accepted,0,{},"{'brand': 'Philips', 'source': 'structured_field', 'confidence': 0.99, 'candidates': ['Philips']} | {'value': 'Phillips Lighting', 'score': 100.0, 'match': 'Phillips Lighting'}"
565622,565622 60W Led Med 20k,Philips,Phillips Lighting,,,,,,,,,accepted,0,{},"{'brand': 'Philips', 'source': 'structured_field', 'confidence': 0.99, 'candidates': ['Philips']} | {'value': 'Phillips Lighting', 'score': 100.0, 'match': 'Phillips Lighting'}"
586891,586891 Led 60W Med A19 27k,Philips,Phillips Lighting,,,,,,,,,accepted,0,{},"{'brand': 'Philips', 'source': 'structured_field', 'confidence': 0.99, 'candidates': ['Philips']} | {'value': 'Phillips Lighting', 'score': 100.0, 'match': 'Phillips Lighting'}"
585448,585448 120W Led Motion Bulb,Philips,Phillips Lighting,,,,,,,,,accepted,0,{},"{'brand': 'Philips', 'source': 'structured_field', 'confidence': 0.99, 'candidates': ['Philips']} | {'value': 'Phillips Lighting', 'score': 100.0, 'match': 'Phillips Lighting'}"
573444,573444 60W Led A19 Med 50k 2pk,Philips,Phillips Lighting,,,,,,,,,accepted,0,{},"{'brand': 'Philips', 'source': 'structured_field', 'confidence': 0.99, 'candidates': ['Philips']} | {'value': 'Phillips Lighting', 'score': 100.0, 'match': 'Phillips Lighting'}"
566687,566687 60W Cand Led 27k 3pk,Philips,Phillips Lighting,,,,,,,,,accepted,0,{},"{'brand': 'Philips', 'source': 'structured_field', 'confidence': 0.99, 'candidates': ['Philips']} | {'value': 'Phillips Lighting', 'score': 100.0, 'match': 'Phillips Lighting'}"
564385,564385 40w Led Med 27k 2pk,Philips,Phillips Lighting,,,,,,,,,accepted,0,{},"{'brand': 'Philips', 'source': 'structured_field', 'confidence': 0.99, 'candidates': ['Philips']} | {'value': 'Phillips Lighting', 'score': 100.0, 'match': 'Phillips Lighting'}"
566661,566661 40W LED Cand 27k 3pk,Philips,Phillips Lighting,,,,,,,,,accepted,0,{},"{'brand': 'Philips', 'source': 'structured_field', 'confidence': 0.99, 'candidates': ['Philips']} | {'value': 'Phillips Lighting', 'score': 100.0, 'match': 'Phillips Lighting'}"
564898,564898 60W Cand Led 50k 3pk,Philips,Phillips Lighting,,,,,,,,,accepted,0,{},"{'brand': 'Philips', 'source': 'structured_field', 'confidence': 0.99, 'candidates': ['Philips']} | {'value': 'Phillips Lighting', 'score': 100.0, 'match': 'Phillips Lighting'}"
538319,588525 40W Led Cand 3pk,Philips,Phillips Lighting,,,,,,,,,accepted,0,{},"{'brand': 'Philips', 'source': 'structured_field', 'confidence': 0.99, 'candidates': ['Philips']} | {'value': 'Phillips Lighting', 'score': 100.0, 'match': 'Phillips Lighting'}"
576009,576009 100W Led Par30L Med 50k,Philips,Phillips Lighting,,,,,,,,,accepted,0,{},"{'brand': 'Philips', 'source': 'structured_field', 'confidence': 0.99, 'candidates': ['Philips']} | {'value': 'Phillips Lighting', 'score': 100.0, 'match': 'Phillips Lighting'}"
564450,564450 40W Led Cand 27k 2pk,Philips,Phillips Lighting,,,,,,,,,accepted,0,{},"{'brand': 'Philips', 'source': 'structured_field', 'confidence': 0.99, 'candidates': ['Philips']} | {'value': 'Phillips Lighting', 'score': 100.0, 'match': 'Phillips Lighting'}"
572669,572669 60W Led F15 Med 27k,Philips,Phillips Lighting,,,,,,,,,accepted,0,{},"{'brand': 'Philips', 'source': 'structured_field', 'confidence': 0.99, 'candidates': ['Philips']} | {'value': 'Phillips Lighting', 'score': 100.0, 'match': 'Phillips Lighting'}"
564906,564906 60W Led Med 27k 2pk,Philips,Phillips Lighting,,,,,,,,,accepted,0,{},"{'brand': 'Philips', 'source': 'structured_field', 'confidence': 0.99, 'candidates': ['Philips']} | {'value': 'Phillips Lighting', 'score': 100.0, 'match': 'Phillips Lighting'}"
573410,573410 40W Led A19 Med 27k 2pk,Philips,Phillips Lighting,,,,,,,,,accepted,0,{},"{'brand': 'Philips', 'source': 'structured_field', 'confidence': 0.99, 'candidates': ['Philips']} | {'value': 'Phillips Lighting', 'score': 100.0, 'match': 'Phillips Lighting'}"
576504,576504 65W Led BR40 Med 50k,Philips,Phillips Lighting,,,,,,,,,accepted,0,{},"{'brand': 'Philips', 'source': 'structured_field', 'confidence': 0.99, 'candidates': ['Philips']} | {'value': 'Phillips Lighting', 'score': 100.0, 'match': 'Phillips Lighting'}"
576017,576017 100W Led Par30L Med 30k,Philips,Phillips Lighting,,,,,,,,,accepted,0,{},"{'brand': 'Philips', 'source': 'structured_field', 'confidence': 0.99, 'candidates': ['Philips']} | {'value': 'Phillips Lighting', 'score': 100.0, 'match': 'Phillips Lighting'}"
574392,574392 40W Led B11 Med 27k 3pk,Philips,Phillips Lighting,,,,,,,,,accepted,0,{},"{'brand': 'Philips', 'source': 'structured_field', 'confidence': 0.99, 'candidates': ['Philips']} | {'value': 'Phillips Lighting', 'score': 100.0, 'match': 'Phillips Lighting'}"
576751,576751 65W Led BR30 Med 3pk,Philips,Phillips Lighting,,,,,,,,,accepted,0,{},"{'brand': 'Philips', 'source': 'structured_field', 'confidence': 0.99, 'candidates': ['Philips']} | {'value': 'Phillips Lighting', 'score': 100.0, 'match': 'Phillips Lighting'}"
583161,583161 Led 65W Med BR30 3pk,Philips,Phillips Lighting,,,,,,,,,accepted,0,{},"{'brand': 'Philips', 'source': 'structured_field', 'confidence': 0.99, 'candidates': ['Philips']} | {'value': 'Phillips Lighting', 'score': 100.0, 'match': 'Phillips Lighting'}"
566695,566695 60W Led Med 27k 3pk,Philips,Phillips Lighting,,,,,,,,,accepted,0,{},"{'brand': 'Philips', 'source': 'structured_field', 'confidence': 0.99, 'candidates': ['Philips']} | {'value': 'Phillips Lighting', 'score': 100.0, 'match': 'Phillips Lighting'}"
577007,577007 125W Led Med 30k Flood,Philips,Phillips Lighting,,,,,,,,,accepted,0,{},"{'brand': 'Philips', 'source': 'structured_field', 'confidence': 0.99, 'candidates': ['Philips']} | {'value': 'Phillips Lighting', 'score': 100.0, 'match': 'Phillips Lighting'}"
566653,566653 25W Led Cand 27k 3pk,Philips,Phillips Lighting,,,,,,,,,accepted,0,{},"{'brand': 'Philips', 'source': 'structured_field', 'confidence': 0.99, 'candidates': ['Philips']} | {'value': 'Phillips Lighting', 'score': 100.0, 'match': 'Phillips Lighting'}"
566679,566679 40W Led Med 27k 3pk,Philips,Phillips Lighting,,,,,,,,,accepted,0,{},"{'brand': 'Philips', 'source': 'structured_field', 'confidence': 0.99, 'candidates': ['Philips']} | {'value': 'Phillips Lighting', 'score': 100.0, 'match': 'Phillips Lighting'}"
573311,573311 60W Led Med 27k 2pk,Philips,Phillips Lighting,,,,,,,,,accepted,0,{},"{'brand': 'Philips', 'source': 'structured_field', 'confidence': 0.99, 'candidates': ['Philips']} | {'value': 'Phillips Lighting', 'score': 100.0, 'match': 'Phillips Lighting'}"
573394,573394 60W Led Cand 27k 2pk,Philips,Phillips Lighting,,,,,,,,,accepted,0,{},"{'brand': 'Philips', 'source': 'structured_field', 'confidence': 0.99, 'candidates': ['Philips']} | {'value': 'Phillips Lighting', 'score': 100.0, 'match': 'Phillips Lighting'}"
573329,573329 60W Cand Led 27k 2pk,Philips,Phillips Lighting,,,,,,,,,accepted,0,{},"{'brand': 'Philips', 'source': 'structured_field', 'confidence': 0.99, 'candidates': ['Philips']} | {'value': 'Phillips Lighting', 'score': 100.0, 'match': 'Phillips Lighting'}"
564930,564930 40W Cand Led 50k 3pk,Philips,Phillips Lighting,,,,,,,,,accepted,0,{},"{'brand': 'Philips', 'source': 'structured_field', 'confidence': 0.99, 'candidates': ['Philips']} | {'value': 'Phillips Lighting', 'score': 100.0, 'match': 'Phillips Lighting'}"
565000,565000 60W Led Med 27k 2pk,Philips,Phillips Lighting,,,,,,,,,accepted,0,{},"{'brand': 'Philips', 'source': 'structured_field', 'confidence': 0.99, 'candidates': ['Philips']} | {'value': 'Phillips Lighting', 'score': 100.0, 'match': 'Phillips Lighting'}"
564922,564922 60W Led BA11 50k 3pk,Philips,Phillips Lighting,,,,,,,,,accepted,0,{},"{'brand': 'Philips', 'source': 'structured_field', 'confidence': 0.99, 'candidates': ['Philips']} | {'value': 'Phillips Lighting', 'score': 100.0, 'match': 'Phillips Lighting'}"
573295,573295 40W Led Med 27k 2pk,Philips,Phillips Lighting,,,,,,,,,accepted,0,{},"{'brand': 'Philips', 'source': 'structured_field', 'confidence': 0.99, 'candidates': ['Philips']} | {'value': 'Phillips Lighting', 'score': 100.0, 'match': 'Phillips Lighting'}"
564914,564914 60W Med Led 50k 2pk,Philips,Phillips Lighting,,,,,,,,,accepted,0,{},"{'brand': 'Philips', 'source': 'structured_field', 'confidence': 0.99, 'candidates': ['Philips']} | {'value': 'Phillips Lighting', 'score': 100.0, 'match': 'Phillips Lighting'}"
573485,573485 60W Led A19 Med 50k 2pk,Philips,Phillips Lighting,,,,,,,,,accepted,0,{},"{'brand': 'Philips', 'source': 'structured_field', 'confidence': 0.99, 'candidates': ['Philips']} | {'value': 'Phillips Lighting', 'score': 100.0, 'match': 'Phillips Lighting'}"
573337,573337 40W Led G25 Med 50k 2pk,Philips,Phillips Lighting,,,,,,,,,accepted,0,{},"{'brand': 'Philips', 'source': 'structured_field', 'confidence': 0.99, 'candidates': ['Philips']} | {'value': 'Phillips Lighting', 'score': 100.0, 'match': 'Phillips Lighting'}"
544874,544874 32W Led T8 UBulb 40k,Philips,Phillips Lighting,,,,,,,,,accepted,0,{},"{'brand': 'Philips', 'source': 'structured_field', 'confidence': 0.99, 'candidates': ['Philips']} | {'value': 'Phillips Lighting', 'score': 100.0, 'match': 'Phillips Lighting'}"
570846,570846 50W Led Med 22K 2pk,Philips,Phillips Lighting,,,,,,,,,accepted,0,{},"{'brand': 'Philips', 'source': 'structured_field', 'confidence': 0.99, 'candidates': ['Philips']} | {'value': 'Phillips Lighting', 'score': 100.0, 'match': 'Phillips Lighting'}"
565473,565473 60W Led A19 Bulb 2pk,Philips,Phillips Lighting,,,,,,,,,accepted,0,{},"{'brand': 'Philips', 'source': 'structured_field', 'confidence': 0.99, 'candidates': ['Philips']} | {'value': 'Phillips Lighting', 'score': 100.0, 'match': 'Phillips Lighting'}"
573402,573402 60W Led Med 50k 2pk,Philips,Phillips Lighting,,,,,,,,,accepted,0,{},"{'brand': 'Philips', 'source': 'structured_field', 'confidence': 0.99, 'candidates': ['Philips']} | {'value': 'Phillips Lighting', 'score': 100.0, 'match': 'Phillips Lighting'}"
573352,573352 40W Led Med 27k 2pk,Philips,Phillips Lighting,,,,,,,,,accepted,0,{},"{'brand': 'Philips', 'source': 'structured_field', 'confidence': 0.99, 'candidates': ['Philips']} | {'value': 'Phillips Lighting', 'score': 100.0, 'match': 'Phillips Lighting'}"
573428,573428 40W Med Led 50k 2pk,Philips,Phillips Lighting,,,,,,,,,accepted,0,{},"{'brand': 'Philips', 'source': 'structured_field', 'confidence': 0.99, 'candidates': ['Philips']} | {'value': 'Phillips Lighting', 'score': 100.0, 'match': 'Phillips Lighting'}"
573386,573386 60W Led Med 27k 2pk,Philips,Phillips Lighting,,,,,,,,,accepted,0,{},"{'brand': 'Philips', 'source': 'structured_field', 'confidence': 0.99, 'candidates': ['Philips']} | {'value': 'Phillips Lighting', 'score': 100.0, 'match': 'Phillips Lighting'}"
564948,564948 40W Led Med 50k 3pk,Philips,Phillips Lighting,,,,,,,,,accepted,0,{},"{'brand': 'Philips', 'source': 'structured_field', 'confidence': 0.99, 'candidates': ['Philips']} | {'value': 'Phillips Lighting', 'score': 100.0, 'match': 'Phillips Lighting'}"
573303,573303 40W Led Cand 27k 2pk,Philips,Phillips Lighting,,,,,,,,,accepted,0,{},"{'brand': 'Philips', 'source': 'structured_field', 'confidence': 0.99, 'candidates': ['Philips']} | {'value': 'Phillips Lighting', 'score': 100.0, 'match': 'Phillips Lighting'}"
573188,573188 250W Led Par38 Med 50k,Philips,Phillips Lighting,,,,,,,,,accepted,0,{},"{'brand': 'Philips', 'source': 'structured_field', 'confidence': 0.99, 'candidates': ['Philips']} | {'value': 'Phillips Lighting', 'score': 100.0, 'match': 'Phillips Lighting'}"
573469,573469 40W Led A19 Med 50k 2pk,Philips,Phillips Lighting,,,,,,,,,accepted,0,{},"{'brand': 'Philips', 'source': 'structured_field', 'confidence': 0.99, 'candidates': ['Philips']} | {'value': 'Phillips Lighting', 'score': 100.0, 'match': 'Phillips Lighting'}"
565671,565671 25W Led Med 20K,Philips,Phillips Lighting,,,,,,,,,accepted,0,{},"{'brand': 'Philips', 'source': 'structured_field', 'confidence': 0.99, 'candidates': ['Philips']} | {'value': 'Phillips Lighting', 'score': 100.0, 'match': 'Phillips Lighting'}"
573204,573204 75W Led Par20 Med 50k,Philips,Phillips Lighting,,,,,,,,,accepted,0,{},"{'brand': 'Philips', 'source': 'structured_field', 'confidence': 0.99, 'candidates': ['Philips']} | {'value': 'Phillips Lighting', 'score': 100.0, 'match': 'Phillips Lighting'}"
581199,581199 60W Led Med 2pk,Philips,Phillips Lighting,,,,,,,,,accepted,0,{},"{'brand': 'Philips', 'source': 'structured_field', 'confidence': 0.99, 'candidates': ['Philips']} | {'value': 'Phillips Lighting', 'score': 100.0, 'match': 'Phillips Lighting'}"
565887,565887 60W Led Med 20k,Philips,Phillips Lighting,,,,,,,,,accepted,0,{},"{'brand': 'Philips', 'source': 'structured_field', 'confidence': 0.99, 'candidates': ['Philips']} | {'value': 'Phillips Lighting', 'score': 100.0, 'match': 'Phillips Lighting'}"
586867,586867 60W Led Med 27K,Philips,Phillips Lighting,,,,,,,,,accepted,0,{},"{'brand': 'Philips', 'source': 'structured_field', 'confidence': 0.99, 'candidates': ['Philips']} | {'value': 'Phillips Lighting', 'score': 100.0, 'match': 'Phillips Lighting'}"
568451,5686451 50W Led Med 50k 2pk,Philips,Phillips Lighting,,,,,,,,,accepted,0,{},"{'brand': 'Philips', 'source': 'structured_field', 'confidence': 0.99, 'candidates': ['Philips']} | {'value': 'Phillips Lighting', 'score': 100.0, 'match': 'Phillips Lighting'}"
568444,568444 90W Led Par38 50k 2pk,Philips,Phillips Lighting,,,,,,,,,accepted,0,{},"{'brand': 'Philips', 'source': 'structured_field', 'confidence': 0.99, 'candidates': ['Philips']} | {'value': 'Phillips Lighting', 'score': 100.0, 'match': 'Phillips Lighting'}"
573196,573196 75W Led Med 30K,Philips,Phillips Lighting,,,,,,,,,accepted,0,{},"{'brand': 'Philips', 'source': 'structured_field', 'confidence': 0.99, 'candidates': ['Philips']} | {'value': 'Phillips Lighting', 'score': 100.0, 'match': 'Phillips Lighting'}"
564500,564500 75W Adj Base 50k 3pk,Philips,Phillips Lighting,,,,,,,,,accepted,0,{},"{'brand': 'Philips', 'source': 'structured_field', 'confidence': 0.99, 'candidates': ['Philips']} | {'value': 'Phillips Lighting', 'score': 100.0, 'match': 'Phillips Lighting'}"
571513,571513 40/60/100 Led Med 27k,Philips,Phillips Lighting,,,,,,,,,accepted,0,{},"{'brand': 'Philips', 'source': 'structured_field', 'confidence': 0.99, 'candidates': ['Philips']} | {'value': 'Phillips Lighting', 'score': 100.0, 'match': 'Phillips Lighting'}"
588566,588566 40W Led Med 55k 3pk,Philips,Phillips Lighting,,,,,,,,,accepted,0,{},"{'brand': 'Philips', 'source': 'structured_field', 'confidence': 0.99, 'candidates': ['Philips']} | {'value': 'Phillips Lighting', 'score': 100.0, 'match': 'Phillips Lighting'}"
565655,565655 25W Led A15 Med 20k,Philips,Phillips Lighting,,,,,,,,,accepted,0,{},"{'brand': 'Philips', 'source': 'structured_field', 'confidence': 0.99, 'candidates': ['Philips']} | {'value': 'Phillips Lighting', 'score': 100.0, 'match': 'Phillips Lighting'}"
565812,565812 60W Med Led 50k,Philips,Phillips Lighting,,,,,,,,,accepted,0,{},"{'brand': 'Philips', 'source': 'structured_field', 'confidence': 0.99, 'candidates': ['Philips']} | {'value': 'Phillips Lighting', 'score': 100.0, 'match': 'Phillips Lighting'}"
586917,586917 40W Led Cand 27K 2pk,Philips,Phillips Lighting,,,,,,,,,accepted,0,{},"{'brand': 'Philips', 'source': 'structured_field', 'confidence': 0.99, 'candidates': ['Philips']} | {'value': 'Phillips Lighting', 'score': 100.0, 'match': 'Phillips Lighting'}"
46719,49719 Wall Light Motion Wh,,Maxsa Innovations,,,,,,,,,accepted,0,{},"{'brand': None, 'source': None, 'confidence': 0.0, 'candidates': []} | {'value': 'Maxsa Innovations', 'score': 100.0, 'match': 'Maxsa Innovations'}"
59061BSL,59061BSL Kichler Ext Wall Lt,,Kichler Lighting,,,,,,,,,accepted,0,{},"{'brand': None, 'source': None, 'confidence': 0.0, 'candidates': []} | {'value': 'Kichler Lighting', 'score': 100.0, 'match': 'Kichler Lighting'}"
59062BSL,59062BSL Kichler Ext Wall Lt,,Kichler Lighting,,,,,,,,,accepted,0,{},"{'brand': None, 'source': None, 'confidence': 0.0, 'candidates': []} | {'value': 'Kichler Lighting', 'score': 100.0, 'match': 'Kichler Lighting'}"
59124BKT,59124BKT Kichler Ext Wall Lt,,Kichler Lighting,,,,,,,,,accepted,0,{},"{'brand': None, 'source': None, 'confidence': 0.0, 'candidates': []} | {'value': 'Kichler Lighting', 'score': 100.0, 'match': 'Kichler Lighting'}"
59025BK,59025BK Kichler Post Lt,,Kichler Lighting,,,,,,,,,accepted,0,{},"{'brand': None, 'source': None, 'confidence': 0.0, 'candidates': []} | {'value': 'Kichler Lighting', 'score': 100.0, 'match': 'Kichler Lighting'}"
DCL183,Dewalt DCL183 Light - Rechargeable,DEWALT,Black & Decker/dewlt,,,,,,,,,accepted,0,{},"{'brand': 'DEWALT', 'source': 'structured_field', 'confidence': 0.99, 'candidates': ['DEWALT']} | {'value': 'Black & Decker/dewlt', 'score': 100.0, 'match': 'Black & Decker/dewlt'}"
73020,73020 Nano Clip Light Bk,,Streamlight,,,,,,,,,accepted,0,{},"{'brand': None, 'source': None, 'confidence': 0.0, 'candidates': []} | {'value': 'Streamlight', 'score': 100.0, 'match': 'Streamlight'}"
NEB-FLT-1021,NEBFLT1021 Slyde King FlashLt,,ACG Brands,,,,,,,,,accepted,0,{},"{'brand': None, 'source': None, 'confidence': 0.0, 'candidates': []} | {'value': 'ACG Brands', 'score': 100.0, 'match': 'ACG Brands'}"
NEB-FLT-0053,NEBFLT0053 2600L Flash Light,,ACG Brands,,,,,,,,,accepted,0,{},"{'brand': None, 'source': None, 'confidence': 0.0, 'candidates': []} | {'value': 'ACG Brands', 'score': 100.0, 'match': 'ACG Brands'}"
97708,97708 Police 800L Headlight,Police Security,Police Security,,,,,,,,,accepted,0,{},"{'brand': 'Police Security', 'source': 'structured_field', 'confidence': 0.99, 'candidates': ['Police Security']} | {'value': 'Police Security', 'score': 100.0, 'match': 'Police Security'}"
WORK6000XLTPPLUG,6000L Twin Head Work Light,Feit Electric,Feit Electric,,,,,,,,,accepted,0,{},"{'brand': 'Feit Electric', 'source': 'structured_field', 'confidence': 0.99, 'candidates': ['Feit Electric']} | {'value': 'Feit Electric', 'score': 100.0, 'match': 'Feit Electric'}"
HOM2040M200PRB,HOM2040M200PRB 200A Load Cntr,,Square D Con Prod Dv,,,,,,,,,accepted,0,{},"{'brand': None, 'source': None, 'confidence': 0.0, 'candidates': []} | {'value': 'Square D Con Prod Dv', 'score': 100.0, 'match': 'Square D Con Prod Dv'}"
HOM3060L225PGC,HOM3060L225PGC 225 Load Center,Square D,Square D Con Prod Dv,,,,,,,,,accepted,0,{},"{'brand': 'Square D', 'source': 'structured_field', 'confidence': 0.99, 'candidates': ['Square D']} | {'value': 'Square D Con Prod Dv', 'score': 100.0, 'match': 'Square D Con Prod Dv'}"
QO612L100RBCP,QO612L100RBCP 100A Load Center,Square D,Square D Con Prod Dv,,,,,,,,,accepted,0,{},"{'brand': 'Square D', 'source': 'structured_field', 'confidence': 0.99, 'candidates': ['Square D']} | {'value': 'Square D Con Prod Dv', 'score': 100.0, 'match': 'Square D Con Prod Dv'}"
13093005,4/0 Aluminum Entrance Cable (Linear Foot),,Southwire/g Turner,,,,,,,,,accepted,0,{},"{'brand': None, 'source': None, 'confidence': 0.0, 'candidates': []} | {'value': 'Southwire/g Turner', 'score': 100.0, 'match': 'Southwire/g Turner'}"
12-4 SO,12-4 SO Cord (Linear Foot),,First Alert - B R K Brands,,,,,,,,,accepted,0,{},"{'brand': None, 'source': None, 'confidence': 0.0, 'candidates': []} | {'value': 'First Alert - B R K Brands', 'score': 100.0, 'match': 'First Alert - B R K Brands'}"
96263-46-06,96263-46-06 CAT5E Wire (Linear Foot),,Woods Wire Southwire,,,,,,,,,accepted,0,{},"{'brand': None, 'source': None, 'confidence': 0.0, 'candidates': []} | {'value': 'Woods Wire Southwire', 'score': 100.0, 'match': 'Woods Wire Southwire'}"
R50003-ID,16-2 Stranded Wire CL3 500' (Linear Foot),,Southwire/g Turner,,,,,,,,,accepted,0,{},"{'brand': None, 'source': None, 'confidence': 0.0, 'candidates': []} | {'value': 'Southwire/g Turner', 'score': 100.0, 'match': 'Southwire/g Turner'}"
10-4 SO,10-4 SO Cord (Linear Foot),,Southwire/g Turner,,,,,,,,,accepted,0,{},"{'brand': None, 'source': None, 'confidence': 0.0, 'candidates': []} | {'value': 'Southwire/g Turner', 'score': 100.0, 'match': 'Southwire/g Turner'}"
23346-0408,23346-0408 Wire 16/3 SJEWA 250 (Linear Foot),,First Alert - B R K Brands,,,,,,,,,accepted,0,{},"{'brand': None, 'source': None, 'confidence': 0.0, 'candidates': []} | {'value': 'First Alert - B R K Brands', 'score': 100.0, 'match': 'First Alert - B R K Brands'}"
2/2/4 UD ALUM,2/2/4 UD Aluminum Triplex Wire (Linear Foot),,Southwire/g Turner,,,,,,,,,accepted,0,{},"{'brand': None, 'source': None, 'confidence': 0.0, 'candidates': []} | {'value': 'Southwire/g Turner', 'score': 100.0, 'match': 'Southwire/g Turner'}"
55418901,6/6/6 UD Triplex Aluminum Wire,,Southwire/g Turner,,,,,,,,,accepted,0,{},"{'brand': None, 'source': None, 'confidence': 0.0, 'candidates': []} | {'value': 'Southwire/g Turner', 'score': 100.0, 'match': 'Southwire/g Turner'}"
CG50K,"CG50K 1/2"" Cord Grip Kit",,Fenton Bros Electric Inc,,,,,,,,,accepted,0,{},"{'brand': None, 'source': None, 'confidence': 0.0, 'candidates': []} | {'value': 'Fenton Bros Electric Inc', 'score': 100.0, 'match': 'Fenton Bros Electric Inc'}"
R02-D215P-1RW,R02D215P1RW 15A Mini Outlet Wh,Leviton,Leviton Mfg Co,,,,,,,,,accepted,0,{},"{'brand': 'Leviton', 'source': 'structured_field', 'confidence': 0.99, 'candidates': ['Leviton']} | {'value': 'Leviton Mfg Co', 'score': 100.0, 'match': 'Leviton Mfg Co'}"
PBUC013,PBUC013 15A Wall Tap w/USB,Prime,Prime Wire & Cable,,,,,,,,,accepted,0,{},"{'brand': 'Prime', 'source': 'structured_field', 'confidence': 0.99, 'candidates': ['Prime']} | {'value': 'Prime Wire & Cable', 'score': 100.0, 'match': 'Prime Wire & Cable'}"
R00-GFNT1-00K,R00GFNT100K 15A Outlet Br,Leviton,Leviton Mfg Co,,,,,,,,,accepted,0,{},"{'brand': 'Leviton', 'source': 'structured_field', 'confidence': 0.99, 'candidates': ['Leviton']} | {'value': 'Leviton Mfg Co', 'score': 100.0, 'match': 'Leviton Mfg Co'}"
R92-GFWT1-0KW,R92GFWT10KW 15A GFCI Outlet Wh,Leviton,Leviton Mfg Co,,,,,,,,,accepted,0,{},"{'brand': 'Leviton', 'source': 'structured_field', 'confidence': 0.99, 'candidates': ['Leviton']} | {'value': 'Leviton Mfg Co', 'score': 100.0, 'match': 'Leviton Mfg Co'}"
R12-AGTR1-0KW,R12AGTR10KW 15A GFCI Outler Wh,Leviton,Leviton Mfg Co,,,,,,,,,accepted,0,{},"{'brand': 'Leviton', 'source': 'structured_field', 'confidence': 0.99, 'candidates': ['Leviton']} | {'value': 'Leviton Mfg Co', 'score': 100.0, 'match': 'Leviton Mfg Co'}"
R62-GFTA1-0KW,R92GFTA10KW 15A GFCI Outlet Wh,Leviton,Leviton Mfg Co,,,,,,,,,accepted,0,{},"{'brand': 'Leviton', 'source': 'structured_field', 'confidence': 0.99, 'candidates': ['Leviton']} | {'value': 'Leviton Mfg Co', 'score': 100.0, 'match': 'Leviton Mfg Co'}"
165-04729-00C,1650472900C 15A 125V Cord Conn,Leviton,Leviton Mfg Co,,,,,,,,,accepted,0,{},"{'brand': 'Leviton', 'source': 'structured_field', 'confidence': 0.99, 'candidates': ['Leviton']} | {'value': 'Leviton Mfg Co', 'score': 100.0, 'match': 'Leviton Mfg Co'}"
161-04720-00C,1610472000C 15A 125V Cord Conn,Leviton,Leviton Mfg Co,,,,,,,,,accepted,0,{},"{'brand': 'Leviton', 'source': 'structured_field', 'confidence': 0.99, 'candidates': ['Leviton']} | {'value': 'Leviton Mfg Co', 'score': 100.0, 'match': 'Leviton Mfg Co'}"
R02-GUAC1-0BW,R02GUAC10BW 15A/USB Outlet Wh,Leviton,Leviton Mfg Co,,,,,,,,,accepted,0,{},"{'brand': 'Leviton', 'source': 'structured_field', 'confidence': 0.99, 'candidates': ['Leviton']} | {'value': 'Leviton Mfg Co', 'score': 100.0, 'match': 'Leviton Mfg Co'}"
R56-CBR15-00T,R56CBR1500T 15A Outlet LA,Leviton,Leviton Mfg Co,,,,,,,,,accepted,0,{},"{'brand': 'Leviton', 'source': 'structured_field', 'confidence': 0.99, 'candidates': ['Leviton']} | {'value': 'Leviton Mfg Co', 'score': 100.0, 'match': 'Leviton Mfg Co'}"
R20-05378-P00,R2005378P00 6-50R Welder Outet,Leviton,Leviton Mfg Co,,,,,,,,,accepted,0,{},"{'brand': 'Leviton', 'source': 'structured_field', 'confidence': 0.99, 'candidates': ['Leviton']} | {'value': 'Leviton Mfg Co', 'score': 100.0, 'match': 'Leviton Mfg Co'}"
WC1V12W-SG-UPC,WC1V12WSGUPC 1G Cover Wh,Southwire,Southwire/g Turner,,,,,,,,,accepted,0,{},"{'brand': 'Southwire', 'source': 'structured_field', 'confidence': 0.99, 'candidates': ['Southwire']} | {'value': 'Southwire/g Turner', 'score': 100.0, 'match': 'Southwire/g Turner'}"
R51-GSRA1-THD,R5GSRA1THD 15A GFCI Plug,Leviton,Leviton Mfg Co,,,,,,,,,accepted,0,{},"{'brand': 'Leviton', 'source': 'structured_field', 'confidence': 0.99, 'candidates': ['Leviton']} | {'value': 'Leviton Mfg Co', 'score': 100.0, 'match': 'Leviton Mfg Co'}"
R62-CBR15-00W,R62CBR1500W 15A Outlet Wh,Leviton,Leviton Mfg Co,,,,,,,,,accepted,0,{},"{'brand': 'Leviton', 'source': 'structured_field', 'confidence': 0.99, 'candidates': ['Leviton']} | {'value': 'Leviton Mfg Co', 'score': 100.0, 'match': 'Leviton Mfg Co'}"
S03-05226-IS,S0305226IS IV Switch / Pilot,Leviton,Leviton Mfg Co,,,,,,,,,accepted,0,{},"{'brand': 'Leviton', 'source': 'structured_field', 'confidence': 0.99, 'candidates': ['Leviton']} | {'value': 'Leviton Mfg Co', 'score': 100.0, 'match': 'Leviton Mfg Co'}"
174-0CSB3-15W,174-OCSB3-15A Toggle 3-Way Switch Wh,,Leviton Mfg Co,,,,,,,,,accepted,0,{},"{'brand': None, 'source': None, 'confidence': 0.0, 'candidates': []} | {'value': 'Leviton Mfg Co', 'score': 100.0, 'match': 'Leviton Mfg Co'}"
R50-0SL13-000,T50-0SL13000 1G Wallplate SS - Blank,Leviton,Leviton Mfg Co,,,,,,,,,accepted,0,{},"{'brand': 'Leviton', 'source': 'structured_field', 'confidence': 0.99, 'candidates': ['Leviton']} | {'value': 'Leviton Mfg Co', 'score': 100.0, 'match': 'Leviton Mfg Co'}"
R52-0PJ13-00W,R520PJ1300W 1G Wallplate Wh - Blank,Leviton,Leviton Mfg Co,,,,,,,,,accepted,0,{},"{'brand': 'Leviton', 'source': 'structured_field', 'confidence': 0.99, 'candidates': ['Leviton']} | {'value': 'Leviton Mfg Co', 'score': 100.0, 'match': 'Leviton Mfg Co'}"
XOU2470BCGS,XOU2470BCGS Tall Beverage Center SS,,Appliance Dealers Cooperative,,,,,,,,,accepted,0,{},"{'brand': None, 'source': None, 'confidence': 0.0, 'candidates': []} | {'value': 'Appliance Dealers Cooperative', 'score': 100.0, 'match': 'Appliance Dealers Cooperative'}"
XOU24BCGSR,XOU24BCGSR Beverage Center SS,,Appliance Dealers Cooperative,,,,,,,,,accepted,0,{},"{'brand': None, 'source': None, 'confidence': 0.0, 'candidates': []} | {'value': 'Appliance Dealers Cooperative', 'score': 100.0, 'match': 'Appliance Dealers Cooperative'}"
XOU24WDZGBR,XOU24WDZGBR Beverage Center Bk,,Appliance Dealers Cooperative,,,,,,,,,accepted,0,{},"{'brand': None, 'source': None, 'confidence': 0.0, 'candidates': []} | {'value': 'Appliance Dealers Cooperative', 'score': 100.0, 'match': 'Appliance Dealers Cooperative'}"
C7CDAAS3PD3,C7CDAAS3PD3 Café Drip Coffee Maker MB,,Appliance Dealers Cooperative,,,,,,,,,accepted,0,{},"{'brand': None, 'source': None, 'confidence': 0.0, 'candidates': []} | {'value': 'Appliance Dealers Cooperative', 'score': 100.0, 'match': 'Appliance Dealers Cooperative'}"
C7CDAAS4PW3,C7CDAAS4PW3 Café Drip Coffee Maker MW,,Appliance Dealers Cooperative,,,,,,,,,accepted,0,{},"{'brand': None, 'source': None, 'confidence': 0.0, 'candidates': []} | {'value': 'Appliance Dealers Cooperative', 'score': 100.0, 'match': 'Appliance Dealers Cooperative'}"
C7CDABS2RS3,C7CDABS2RS3 Cafe Coffee Maker,,Appliance Dealers Cooperative,,,,,,,,,accepted,0,{},"{'brand': None, 'source': None, 'confidence': 0.0, 'candidates': []} | {'value': 'Appliance Dealers Cooperative', 'score': 100.0, 'match': 'Appliance Dealers Cooperative'}"
C7CDABS3RD3,C7CDABS3RD3 Café Coffee Maker MB,,Appliance Dealers Cooperative,,,,,,,,,accepted,0,{},"{'brand': None, 'source': None, 'confidence': 0.0, 'candidates': []} | {'value': 'Appliance Dealers Cooperative', 'score': 100.0, 'match': 'Appliance Dealers Cooperative'}"
C7CDABS4RW3,C7CDABS4RW3 Café Coffee Maker MW,,Appliance Dealers Cooperative,,,,,,,,,accepted,0,{},"{'brand': None, 'source': None, 'confidence': 0.0, 'candidates': []} | {'value': 'Appliance Dealers Cooperative', 'score': 100.0, 'match': 'Appliance Dealers Cooperative'}"
C7CEBBS2RS3,C7CEBBS2RS3 Cafe Auto Espresso Machine SS,,Appliance Dealers Cooperative,,,,,,,,,accepted,0,{},"{'brand': None, 'source': None, 'confidence': 0.0, 'candidates': []} | {'value': 'Appliance Dealers Cooperative', 'score': 100.0, 'match': 'Appliance Dealers Cooperative'}"
C7CEBBS4RW3,C7CEBBS4RW3 Café Auto Espresso Machine Wh,,Appliance Dealers Cooperative,,,,,,,,,accepted,0,{},"{'brand': None, 'source': None, 'confidence': 0.0, 'candidates': []} | {'value': 'Appliance Dealers Cooperative', 'score': 100.0, 'match': 'Appliance Dealers Cooperative'}"
C7CESAS2RS3,C7CESAS2RS3 Café Espresso SS,,Appliance Dealers Cooperative,,,,,,,,,accepted,0,{},"{'brand': None, 'source': None, 'confidence': 0.0, 'candidates': []} | {'value': 'Appliance Dealers Cooperative', 'score': 100.0, 'match': 'Appliance Dealers Cooperative'}"
C7CESAS3RD3,C7CESAS3RD3 Café Espresso Machine MB,,Appliance Dealers Cooperative,,,,,,,,,accepted,0,{},"{'brand': None, 'source': None, 'confidence': 0.0, 'candidates': []} | {'value': 'Appliance Dealers Cooperative', 'score': 100.0, 'match': 'Appliance Dealers Cooperative'}"
C7CESAS4RW3,C7CESAS4RW3 Cafe Espresso Wh,,Appliance Dealers Cooperative,,,,,,,,,accepted,0,{},"{'brand': None, 'source': None, 'confidence': 0.0, 'candidates': []} | {'value': 'Appliance Dealers Cooperative', 'score': 100.0, 'match': 'Appliance Dealers Cooperative'}"
WOSP30100SS,WOSP30100SS Beko Wall Oven SS,,Appliance Dealers Cooperative,,,,,,,,,accepted,0,{},"{'brand': None, 'source': None, 'confidence': 0.0, 'candidates': []} | {'value': 'Appliance Dealers Cooperative', 'score': 100.0, 'match': 'Appliance Dealers Cooperative'}"
MSER2090S,MSER2090S LG Microwave SS,,Appliance Dealers Cooperative,,,,,,,,,accepted,0,{},"{'brand': None, 'source': None, 'confidence': 0.0, 'candidates': []} | {'value': 'Appliance Dealers Cooperative', 'score': 100.0, 'match': 'Appliance Dealers Cooperative'}"
GCST16S1WSS,GCST16S1WSS GE Microwave SS,,Appliance Dealers Cooperative,,,,,,,,,accepted,0,{},"{'brand': None, 'source': None, 'confidence': 0.0, 'candidates': []} | {'value': 'Appliance Dealers Cooperative', 'score': 100.0, 'match': 'Appliance Dealers Cooperative'}"
PCWK15C1WSS,PCWK15C1WSS GE Microwave,,Appliance Dealers Cooperative,,,,,,,,,accepted,0,{},"{'brand': None, 'source': None, 'confidence': 0.0, 'candidates': []} | {'value': 'Appliance Dealers Cooperative', 'score': 100.0, 'match': 'Appliance Dealers Cooperative'}"
SMC2266KS,SMC2266KS Microwave SS Display Only,,Appliance Dealers Cooperative,,,,,,,,,accepted,0,{},"{'brand': None, 'source': None, 'confidence': 0.0, 'candidates': []} | {'value': 'Appliance Dealers Cooperative', 'score': 100.0, 'match': 'Appliance Dealers Cooperative'}"
SMD2479JS,SMD2479JS Microwave Drawer SS Display Only,,Appliance Dealers Cooperative,,,,,,,,,accepted,0,{},"{'brand': None, 'source': None, 'confidence': 0.0, 'candidates': []} | {'value': 'Appliance Dealers Cooperative', 'score': 100.0, 'match': 'Appliance Dealers Cooperative'}"
PEP9030DTBB,"PEP9030DTBB 30"" GE Cooktop Bk",,Appliance Dealers Cooperative,,,,,,,,,accepted,0,{},"{'brand': None, 'source': None, 'confidence': 0.0, 'candidates': []} | {'value': 'Appliance Dealers Cooperative', 'score': 100.0, 'match': 'Appliance Dealers Cooperative'}"
CES700P3MD1,"CES700P3MD1 Cafe 30"" Range Bk - Display",,Appliance Dealers Cooperative,,,,,,,,,accepted,0,{},"{'brand': None, 'source': None, 'confidence': 0.0, 'candidates': []} | {'value': 'Appliance Dealers Cooperative', 'score': 100.0, 'match': 'Appliance Dealers Cooperative'}"
PS960YPFS,"PS960YPFS 30"" GE Electric Range SS - Display Only",,Appliance Dealers Cooperative,,,,,,,,,accepted,0,{},"{'brand': None, 'source': None, 'confidence': 0.0, 'candidates': []} | {'value': 'Appliance Dealers Cooperative', 'score': 100.0, 'match': 'Appliance Dealers Cooperative'}"
PB900YVFS,"PB900YVFS Elect 30"" Range SS",,Appliance Dealers Cooperative,,,,,,,,,accepted,0,{},"{'brand': None, 'source': None, 'confidence': 0.0, 'candidates': []} | {'value': 'Appliance Dealers Cooperative', 'score': 100.0, 'match': 'Appliance Dealers Cooperative'}"
PCFE3080AF,"PCFE3080AF 30"" Elect Range SS - Display Only",,Appliance Dealers Cooperative,,,,,,,,,accepted,0,{},"{'brand': None, 'source': None, 'confidence': 0.0, 'candidates': []} | {'value': 'Appliance Dealers Cooperative', 'score': 100.0, 'match': 'Appliance Dealers Cooperative'}"
SLER30524SS,"SLER30524SS 30"" Elect Range SS",,Appliance Dealers Cooperative,,,,,,,,,accepted,0,{},"{'brand': None, 'source': None, 'confidence': 0.0, 'candidates': []} | {'value': 'Appliance Dealers Cooperative', 'score': 100.0, 'match': 'Appliance Dealers Cooperative'}"
LSEL6333ZE,"LSEL6333ZE LG 30"" Elec Range BS-Display Only",,Appliance Dealers Cooperative,,,,,,,,,accepted,0,{},"{'brand': None, 'source': None, 'confidence': 0.0, 'candidates': []} | {'value': 'Appliance Dealers Cooperative', 'score': 100.0, 'match': 'Appliance Dealers Cooperative'}"
KSES530SBE,"KSES530SBE 30"" Elect Range BO Display Only",,Appliance Dealers Cooperative,,,,,,,,,accepted,0,{},"{'brand': None, 'source': None, 'confidence': 0.0, 'candidates': []} | {'value': 'Appliance Dealers Cooperative', 'score': 100.0, 'match': 'Appliance Dealers Cooperative'}"
GCFG3661AF,"GCFG3661AF 36"" Frigidaire Gas Range SS",,Appliance Dealers Cooperative,,,,,,,,,accepted,0,{},"{'brand': None, 'source': None, 'confidence': 0.0, 'candidates': []} | {'value': 'Appliance Dealers Cooperative', 'score': 100.0, 'match': 'Appliance Dealers Cooperative'}"
WSGS7530RZ,"WSGS7530RZ 30"" Gas Range SS - Display Only",,Appliance Dealers Cooperative,,,,,,,,,accepted,0,{},"{'brand': None, 'source': None, 'confidence': 0.0, 'candidates': []} | {'value': 'Appliance Dealers Cooperative', 'score': 100.0, 'match': 'Appliance Dealers Cooperative'}"
CHP90301TBB,CHP90301TBB Café Cooktop Bk,,Appliance Dealers Cooperative,,,,,,,,,accepted,0,{},"{'brand': None, 'source': None, 'confidence': 0.0, 'candidates': []} | {'value': 'Appliance Dealers Cooperative', 'score': 100.0, 'match': 'Appliance Dealers Cooperative'}"
CVM517P3RD1,CVM517P3RD1 Cafe Microwave Bk - Display,,Appliance Dealers Cooperative,,,,,,,,,accepted,0,{},"{'brand': None, 'source': None, 'confidence': 0.0, 'candidates': []} | {'value': 'Appliance Dealers Cooperative', 'score': 100.0, 'match': 'Appliance Dealers Cooperative'}"
PMOS1980AF,PMOS1980AF OTR Microwave SS - Display Only,,Appliance Dealers Cooperative,,,,,,,,,accepted,0,{},"{'brand': None, 'source': None, 'confidence': 0.0, 'candidates': []} | {'value': 'Appliance Dealers Cooperative', 'score': 100.0, 'match': 'Appliance Dealers Cooperative'}"
WMMS3330RZ,WMMS3330RZ OTR Mocrowave SS - Display Only,,Appliance Dealers Cooperative,,,,,,,,,accepted,0,{},"{'brand': None, 'source': None, 'confidence': 0.0, 'candidates': []} | {'value': 'Appliance Dealers Cooperative', 'score': 100.0, 'match': 'Appliance Dealers Cooperative'}"
KMMF530PBE,KMMF530PBE OTR Microwave BO Display Only,,Appliance Dealers Cooperative,,,,,,,,,accepted,0,{},"{'brand': None, 'source': None, 'confidence': 0.0, 'candidates': []} | {'value': 'Appliance Dealers Cooperative', 'score': 100.0, 'match': 'Appliance Dealers Cooperative'}"
JXGRILL1,JXGRILL1 GE Range Grill,,Appliance Dealers Cooperative,,,,,,,,,accepted,0,{},"{'brand': None, 'source': None, 'confidence': 0.0, 'candidates': []} | {'value': 'Appliance Dealers Cooperative', 'score': 100.0, 'match': 'Appliance Dealers Cooperative'}"
C9TMA2S3PD3,C9TMA2S3PD3 Café Toaster MB,,Appliance Dealers Cooperative,,,,,,,,,accepted,0,{},"{'brand': None, 'source': None, 'confidence': 0.0, 'candidates': []} | {'value': 'Appliance Dealers Cooperative', 'score': 100.0, 'match': 'Appliance Dealers Cooperative'}"
C9TMA2S4PW3,C9TMA2S4PW3 Café Toaster MW,,Appliance Dealers Cooperative,,,,,,,,,accepted,0,{},"{'brand': None, 'source': None, 'confidence': 0.0, 'candidates': []} | {'value': 'Appliance Dealers Cooperative', 'score': 100.0, 'match': 'Appliance Dealers Cooperative'}"
C90AAAS2RS3,C90AAAS2RS3 Cafe Toast Oven SS,,Appliance Dealers Cooperative,,,,,,,,,accepted,0,{},"{'brand': None, 'source': None, 'confidence': 0.0, 'candidates': []} | {'value': 'Appliance Dealers Cooperative', 'score': 100.0, 'match': 'Appliance Dealers Cooperative'}"
C9TMA2SP2PS3,C9TMA2S2PS3 Cafe Toaster SS,,Appliance Dealers Cooperative,,,,,,,,,accepted,0,{},"{'brand': None, 'source': None, 'confidence': 0.0, 'candidates': []} | {'value': 'Appliance Dealers Cooperative', 'score': 100.0, 'match': 'Appliance Dealers Cooperative'}"
GDE21EMKES,GDE21EMKES GE 21CF Fridge SL Display Only,,Appliance Dealers Cooperative,,,,,,,,,accepted,0,{},"{'brand': None, 'source': None, 'confidence': 0.0, 'candidates': []} | {'value': 'Appliance Dealers Cooperative', 'score': 100.0, 'match': 'Appliance Dealers Cooperative'}"
FCM16SLWW,FCM16SLWW 16CF GE Freezer Chest MH,,Appliance Dealers Cooperative,,,,,,,,,accepted,0,{},"{'brand': None, 'source': None, 'confidence': 0.0, 'candidates': []} | {'value': 'Appliance Dealers Cooperative', 'score': 100.0, 'match': 'Appliance Dealers Cooperative'}"
GNE27JYMFS,GNE27JYMFS GE Fridge SS,,Appliance Dealers Cooperative,,,,,,,,,accepted,0,{},"{'brand': None, 'source': None, 'confidence': 0.0, 'candidates': []} | {'value': 'Appliance Dealers Cooperative', 'score': 100.0, 'match': 'Appliance Dealers Cooperative'}"
CVE28DP3ND1,CVE28DP3ND1 Cafe Fridge Bk,,Appliance Dealers Cooperative,,,,,,,,,accepted,0,{},"{'brand': None, 'source': None, 'confidence': 0.0, 'candidates': []} | {'value': 'Appliance Dealers Cooperative', 'score': 100.0, 'match': 'Appliance Dealers Cooperative'}"
GNE25JMKES,GNE25JMKES GE Fridge Slate - Display,,Appliance Dealers Cooperative,,,,,,,,,accepted,0,{},"{'brand': None, 'source': None, 'confidence': 0.0, 'candidates': []} | {'value': 'Appliance Dealers Cooperative', 'score': 100.0, 'match': 'Appliance Dealers Cooperative'}"
PRFS2883AF,"PRFS2883AF 36"" Fridge SS - Display Only",,Appliance Dealers Cooperative,,,,,,,,,accepted,0,{},"{'brand': None, 'source': None, 'confidence': 0.0, 'candidates': []} | {'value': 'Appliance Dealers Cooperative', 'score': 100.0, 'match': 'Appliance Dealers Cooperative'}"
PAD28BYTFS,PAD28BYTFS GE Fridge SS,,Appliance Dealers Cooperative,,,,,,,,,accepted,0,{},"{'brand': None, 'source': None, 'confidence': 0.0, 'candidates': []} | {'value': 'Appliance Dealers Cooperative', 'score': 100.0, 'match': 'Appliance Dealers Cooperative'}"
PGE29BYTFS,PGE29BYTFS GE Fridge SS,,Appliance Dealers Cooperative,,,,,,,,,accepted,0,{},"{'brand': None, 'source': None, 'confidence': 0.0, 'candidates': []} | {'value': 'Appliance Dealers Cooperative', 'score': 100.0, 'match': 'Appliance Dealers Cooperative'}"
ERFD19CGCS,ERFD19CGCS Element Fridge SS,,Appliance Dealers Cooperative,,,,,,,,,accepted,0,{},"{'brand': None, 'source': None, 'confidence': 0.0, 'candidates': []} | {'value': 'Appliance Dealers Cooperative', 'score': 100.0, 'match': 'Appliance Dealers Cooperative'}"
LT18S2100W,LT18S2100W LG Fridge Wh,,Appliance Dealers Cooperative,,,,,,,,,accepted,0,{},"{'brand': None, 'source': None, 'confidence': 0.0, 'candidates': []} | {'value': 'Appliance Dealers Cooperative', 'score': 100.0, 'match': 'Appliance Dealers Cooperative'}"
LT18S2100SS,LT18S2100S 18CF LG Fridge SS,,Appliance Dealers Cooperative,,,,,,,,,accepted,0,{},"{'brand': None, 'source': None, 'confidence': 0.0, 'candidates': []} | {'value': 'Appliance Dealers Cooperative', 'score': 100.0, 'match': 'Appliance Dealers Cooperative'}"
EUF17CDBW,EUF17CDBW Element 17CF Freezer - Upright,,Appliance Dealers Cooperative,,,,,,,,,accepted,0,{},"{'brand': None, 'source': None, 'confidence': 0.0, 'candidates': []} | {'value': 'Appliance Dealers Cooperative', 'score': 100.0, 'match': 'Appliance Dealers Cooperative'}"
EUF21CDBW,EUF21CDBW Element 21CF Freezer - Upright,,Appliance Dealers Cooperative,,,,,,,,,accepted,0,{},"{'brand': None, 'source': None, 'confidence': 0.0, 'candidates': []} | {'value': 'Appliance Dealers Cooperative', 'score': 100.0, 'match': 'Appliance Dealers Cooperative'}"
TP-1935,TP-1935 Hole Drilling System,,First Alert - B R K Brands,,,,,,,,,accepted,0,{},"{'brand': None, 'source': None, 'confidence': 0.0, 'candidates': []} | {'value': 'First Alert - B R K Brands', 'score': 100.0, 'match': 'First Alert - B R K Brands'}"
K527APBXR,"K527APBXR Senco .131x3"" SM BB - 500CT",,Senco Products Inc,,,,,,,,,accepted,0,{},"{'brand': None, 'source': None, 'confidence': 0.0, 'candidates': []} | {'value': 'Senco Products Inc', 'score': 100.0, 'match': 'Senco Products Inc'}"
603150,"603150 2-1/2"" Finish Nail 15GA - 4M",,National Nail Corp,,,,,,,,,accepted,0,{},"{'brand': None, 'source': None, 'confidence': 0.0, 'candidates': []} | {'value': 'National Nail Corp', 'score': 100.0, 'match': 'National Nail Corp'}"
d10cnk,"D10CNK Prebena 1/2""x3/8"" - Staple",,Prebena,,,,,,,,,accepted,0,{},"{'brand': None, 'source': None, 'confidence': 0.0, 'candidates': []} | {'value': 'Prebena', 'score': 100.0, 'match': 'Prebena'}"
e28cnkha,"E28CNKHA Prebena 2/4""x1 1/8"" - Staple",,Prebena,,,,,,,,,accepted,0,{},"{'brand': None, 'source': None, 'confidence': 0.0, 'candidates': []} | {'value': 'Prebena', 'score': 100.0, 'match': 'Prebena'}"
51334,"51334 44"" Wh Gilmour Fan",,Hunter Fan Co,,,,,,,,,accepted,0,{},"{'brand': None, 'source': None, 'confidence': 0.0, 'candidates': []} | {'value': 'Hunter Fan Co', 'score': 100.0, 'match': 'Hunter Fan Co'}"
59210,"59210 52"" BZ Sent Hunter Fan",Hunter,Hunter Fan Co,,,,,,,,,accepted,0,{},"{'brand': 'Hunter', 'source': 'structured_field', 'confidence': 0.99, 'candidates': ['Hunter']} | {'value': 'Hunter Fan Co', 'score': 100.0, 'match': 'Hunter Fan Co'}"
52485,"52485 52"" MB Anisten Fan",,Hunter Fan Co,,,,,,,,,accepted,0,{},"{'brand': None, 'source': None, 'confidence': 0.0, 'candidates': []} | {'value': 'Hunter Fan Co', 'score': 100.0, 'match': 'Hunter Fan Co'}"
52486,"52486 44"" MB Anisten Fan",,Hunter Fan Co,,,,,,,,,accepted,0,{},"{'brand': None, 'source': None, 'confidence': 0.0, 'candidates': []} | {'value': 'Hunter Fan Co', 'score': 100.0, 'match': 'Hunter Fan Co'}"
52487,"52487 52"" WH Anisten Fan",,Hunter Fan Co,,,,,,,,,accepted,0,{},"{'brand': None, 'source': None, 'confidence': 0.0, 'candidates': []} | {'value': 'Hunter Fan Co', 'score': 100.0, 'match': 'Hunter Fan Co'}"
52488,"52488 44"" WH Anisten Fan",,Hunter Fan Co,,,,,,,,,accepted,0,{},"{'brand': None, 'source': None, 'confidence': 0.0, 'candidates': []} | {'value': 'Hunter Fan Co', 'score': 100.0, 'match': 'Hunter Fan Co'}"
52655,"52655 52"" MB Xidane Hunter Fan",,Hunter Fan Co,,,,,,,,,accepted,0,{},"{'brand': None, 'source': None, 'confidence': 0.0, 'candidates': []} | {'value': 'Hunter Fan Co', 'score': 100.0, 'match': 'Hunter Fan Co'}"
59261,"59261 52"" PB Cassius Fan",,Hunter Fan Co,,,,,,,,,accepted,0,{},"{'brand': None, 'source': None, 'confidence': 0.0, 'candidates': []} | {'value': 'Hunter Fan Co', 'score': 100.0, 'match': 'Hunter Fan Co'}"
51731,"51731 52"" MB Jetty Hunter Fan",,Hunter Fan Co,,,,,,,,,accepted,0,{},"{'brand': None, 'source': None, 'confidence': 0.0, 'candidates': []} | {'value': 'Hunter Fan Co', 'score': 100.0, 'match': 'Hunter Fan Co'}"
XLC10ZW,XLC10ZW Makita 18V Cordless Vacuum (Bare),,Makita Usa Inc,,,,,,,,,accepted,0,{},"{'brand': None, 'source': None, 'confidence': 0.0, 'candidates': []} | {'value': 'Makita Usa Inc', 'score': 100.0, 'match': 'Makita Usa Inc'}"
HS-DA,HS-DA Motion Driveway Alert,,Sabre,,,,,,,,,accepted,0,{},"{'brand': None, 'source': None, 'confidence': 0.0, 'candidates': []} | {'value': 'Sabre', 'score': 100.0, 'match': 'Sabre'}"
73002252,Black Gate Gravity Latch RDI,,First Alert - B R K Brands,,,,,,,,,accepted,0,{},"{'brand': None, 'source': None, 'confidence': 0.0, 'candidates': []} | {'value': 'First Alert - B R K Brands', 'score': 100.0, 'match': 'First Alert - B R K Brands'}"
48-22-8396R,48-22-8396R Milw 24oz Bottle - Insulated,,Milwaukee Accessory,,,,,,,,,accepted,0,{},"{'brand': None, 'source': None, 'confidence': 0.0, 'candidates': []} | {'value': 'Milwaukee Accessory', 'score': 100.0, 'match': 'Milwaukee Accessory'}"
48-22-8397R,48-22-8397R Milw 36oz Bottle - Insulated,,Milwaukee Accessory,,,,,,,,,accepted,0,{},"{'brand': None, 'source': None, 'confidence': 0.0, 'candidates': []} | {'value': 'Milwaukee Accessory', 'score': 100.0, 'match': 'Milwaukee Accessory'}"
DCGG581B,DCGG581B Dewalt 20V Grease Gun 2-Speed,DEWALT,Black & Decker/dewlt,,,,,,,,,accepted,0,{},"{'brand': 'DEWALT', 'source': 'description', 'confidence': 0.85, 'candidates': ['DEWALT']} | {'value': 'Black & Decker/dewlt', 'score': 100.0, 'match': 'Black & Decker/dewlt'}"
DCGG581GD1,DCGG581GD1 Dewalt 20V Grease Gun 2-Speed Kit,DEWALT,Black & Decker/dewlt,,,,,,,,,accepted,0,{},"{'brand': 'DEWALT', 'source': 'description', 'confidence': 0.85, 'candidates': ['DEWALT']} | {'value': 'Black & Decker/dewlt', 'score': 100.0, 'match': 'Black & Decker/dewlt'}"
DWST41092,"DWST41092 Dewalt Tool Chest 41"" Bottom",DEWALT,Black & Decker/dewlt,,,,,,,,,accepted,0,{},"{'brand': 'DEWALT', 'source': 'description', 'confidence': 0.85, 'candidates': ['DEWALT']} | {'value': 'Black & Decker/dewlt', 'score': 100.0, 'match': 'Black & Decker/dewlt'}"
156436WHT,156436 Wh 4x4x120 Post Wrap,DSI Westbury,Palmer Donavin Mfg Company,,4.0,4.0,120.0,,,,,accepted,3,"{'diameter': 0.7, 'thickness': 0.7, 'arbor': 0.7}","{'brand': 'DSI Westbury', 'source': 'structured_field', 'confidence': 0.99, 'candidates': ['DSI Westbury']} | {'value': 'Palmer Donavin Mfg Company', 'score': 100.0, 'match': 'Palmer Donavin Mfg Company'}"
173950TBK,"4""x8'-6"" DSI SQ Black Alum Post Wrap",,Palmer Donavin Mfg Company,,,,,,,,,accepted,0,{},"{'brand': None, 'source': None, 'confidence': 0.0, 'candidates': []} | {'value': 'Palmer Donavin Mfg Company', 'score': 100.0, 'match': 'Palmer Donavin Mfg Company'}"
173951TBK,"6""x8'-6"" DSI SQ Black Alum Post Wrap",,Palmer Donavin Mfg Company,,,,,,,,,accepted,0,{},"{'brand': None, 'source': None, 'confidence': 0.0, 'candidates': []} | {'value': 'Palmer Donavin Mfg Company', 'score': 100.0, 'match': 'Palmer Donavin Mfg Company'}"
173952TBK,"6""x10' DSI SQ Black Alum Post Wrap",,Palmer Donavin Mfg Company,,,,,,,,,accepted,0,{},"{'brand': None, 'source': None, 'confidence': 0.0, 'candidates': []} | {'value': 'Palmer Donavin Mfg Company', 'score': 100.0, 'match': 'Palmer Donavin Mfg Company'}"
1624157,TW52 WH INSIDE CAS VIN WRAPPED,ANDERSEN,First Alert - B R K Brands,,,,,,,,,accepted,0,{},"{'brand': 'ANDERSEN', 'source': 'structured_field', 'confidence': 0.99, 'candidates': ['ANDERSEN']} | {'value': 'First Alert - B R K Brands', 'score': 100.0, 'match': 'First Alert - B R K Brands'}"
40025,40025 TS-54 Wal-Board T-Square 009-008,,Marshalltown Trowel,,,,,,,,,accepted,0,{},"{'brand': None, 'source': None, 'confidence': 0.0, 'candidates': []} | {'value': 'Marshalltown Trowel', 'score': 100.0, 'match': 'Marshalltown Trowel'}"
48-22-3301,48-22-3301 Milw Mechanical Pencil w/ Lead Pack,,Milwaukee Accessory,,,,,,,,,accepted,0,{},"{'brand': None, 'source': None, 'confidence': 0.0, 'candidates': []} | {'value': 'Milwaukee Accessory', 'score': 100.0, 'match': 'Milwaukee Accessory'}"
48-22-3302,48-22-3302 Milw Mechanical Pencil Replacement Lead,,Milwaukee Accessory,,,,,,,,,accepted,0,{},"{'brand': None, 'source': None, 'confidence': 0.0, 'candidates': []} | {'value': 'Milwaukee Accessory', 'score': 100.0, 'match': 'Milwaukee Accessory'}"
48-22-3303,48-22-3303 Milw Mechanical Pencil Replacement Lead-Color,,Milwaukee Accessory,,,,,,,,,accepted,0,{},"{'brand': None, 'source': None, 'confidence': 0.0, 'candidates': []} | {'value': 'Milwaukee Accessory', 'score': 100.0, 'match': 'Milwaukee Accessory'}"
TSDKAP218-G2,TSDKAP218-G2 Edge Safety - Khor Black Frame Polarized,,Edge Eyewear Inc,,,,,,,,,accepted,0,{},"{'brand': None, 'source': None, 'confidence': 0.0, 'candidates': []} | {'value': 'Edge Eyewear Inc', 'score': 100.0, 'match': 'Edge Eyewear Inc'}"
XPAP418,XPAP418 Edge Safety Glasses - Pumori Black Frame,,Edge Eyewear Inc,,,,,,,,,accepted,0,{},"{'brand': None, 'source': None, 'confidence': 0.0, 'candidates': []} | {'value': 'Edge Eyewear Inc', 'score': 100.0, 'match': 'Edge Eyewear Inc'}"
XDAP419,XDAP419 Edge Safety Glasses - Dawson Black Frame Red Lenses,,Edge Eyewear Inc,,,,,,,,,accepted,0,{},"{'brand': None, 'source': None, 'confidence': 0.0, 'candidates': []} | {'value': 'Edge Eyewear Inc', 'score': 100.0, 'match': 'Edge Eyewear Inc'}"
XB11PCVS,XB11PCVS Edge Safety Glasses - Photochromic Lense,,Edge Eyewear Inc,,,,,,,,11.0,accepted,1,{'pack_quantity': 0.7},"{'brand': None, 'source': None, 'confidence': 0.0, 'candidates': []} | {'value': 'Edge Eyewear Inc', 'score': 100.0, 'match': 'Edge Eyewear Inc'}"
KB121VS,KB121VS Edge Safety Glasses - Kabru Black Frame,,Edge Eyewear Inc,,,,,,,,,accepted,0,{},"{'brand': None, 'source': None, 'confidence': 0.0, 'candidates': []} | {'value': 'Edge Eyewear Inc', 'score': 100.0, 'match': 'Edge Eyewear Inc'}"
KB126VS,KB126VS Edge Safety Glasses - Kabru Black Frame,,Edge Eyewear Inc,,,,,,,,,accepted,0,{},"{'brand': None, 'source': None, 'confidence': 0.0, 'candidates': []} | {'value': 'Edge Eyewear Inc', 'score': 100.0, 'match': 'Edge Eyewear Inc'}"
TC121VS,TC121VS Edge Safety Glasses - Tacana Black Frame,,Edge Eyewear Inc,,,,,,,,,accepted,0,{},"{'brand': None, 'source': None, 'confidence': 0.0, 'candidates': []} | {'value': 'Edge Eyewear Inc', 'score': 100.0, 'match': 'Edge Eyewear Inc'}"
TC126VS,TC126VS Edge Safety Glasses - Tacana Black Frame,,Edge Eyewear Inc,,,,,,,,,accepted,0,{},"{'brand': None, 'source': None, 'confidence': 0.0, 'candidates': []} | {'value': 'Edge Eyewear Inc', 'score': 100.0, 'match': 'Edge Eyewear Inc'}"
MK113MPAP,MK113MPAP Edge Safety Glasses - Makalu Black Frame Polarized,,Edge Eyewear Inc,,,,,,,,,accepted,0,{},"{'brand': None, 'source': None, 'confidence': 0.0, 'candidates': []} | {'value': 'Edge Eyewear Inc', 'score': 100.0, 'match': 'Edge Eyewear Inc'}"
LS117MPAP,LS117MPAP Edge Safety Glasses - Lassen Black Frame Polarized,,Edge Eyewear Inc,,,,,,,,,accepted,0,{},"{'brand': None, 'source': None, 'confidence': 0.0, 'candidates': []} | {'value': 'Edge Eyewear Inc', 'score': 100.0, 'match': 'Edge Eyewear Inc'}"
FE-EFX-6L,FEEFX6L Lith Fire Extinguisher,,Ohio Firewatch Protection Inc,,,,,,,,,accepted,0,{},"{'brand': None, 'source': None, 'confidence': 0.0, 'candidates': []} | {'value': 'Ohio Firewatch Protection Inc', 'score': 100.0, 'match': 'Ohio Firewatch Protection Inc'}"
FE-EFX-9L,FEEFX9L Lith Fire Extinguisher,,Ohio Firewatch Protection Inc,,,,,,,,,accepted,0,{},"{'brand': None, 'source': None, 'confidence': 0.0, 'candidates': []} | {'value': 'Ohio Firewatch Protection Inc', 'score': 100.0, 'match': 'Ohio Firewatch Protection Inc'}"
1046793,1046793 Smoke & CO Alarm,First Alert,First Alert - B R K Brands,,,,,,,,,accepted,0,{},"{'brand': 'First Alert', 'source': 'structured_field', 'confidence': 0.99, 'candidates': ['First Alert']} | {'value': 'First Alert - B R K Brands', 'score': 100.0, 'match': 'First Alert - B R K Brands'}"
1046870,1046870 Smoke & CO Alarm,BRK,First Alert - B R K Brands,,,,,,,,,accepted,0,{},"{'brand': 'BRK', 'source': 'structured_field', 'confidence': 0.99, 'candidates': ['BRK']} | {'value': 'First Alert - B R K Brands', 'score': 100.0, 'match': 'First Alert - B R K Brands'}"
M701B-21L,M701B-21L Milw L Black Heated Work Glove Liners,,Milwaukee Accessory,,,,,,,,,accepted,0,{},"{'brand': None, 'source': None, 'confidence': 0.0, 'candidates': []} | {'value': 'Milwaukee Accessory', 'score': 100.0, 'match': 'Milwaukee Accessory'}"
M701B-21M,M701B-21M Milw M Black Heated Work Glove Liners,,Milwaukee Accessory,,,,,,,,,accepted,0,{},"{'brand': None, 'source': None, 'confidence': 0.0, 'candidates': []} | {'value': 'Milwaukee Accessory', 'score': 100.0, 'match': 'Milwaukee Accessory'}"
M701B-21S,M701B-21S Milw S Black Heated Work Glove Liners,,Milwaukee Accessory,,,,,,,,,accepted,0,{},"{'brand': None, 'source': None, 'confidence': 0.0, 'candidates': []} | {'value': 'Milwaukee Accessory', 'score': 100.0, 'match': 'Milwaukee Accessory'}"
M701B-21XL,M701B-21XL Milw XL Black Heated Work Glove Liners,,Milwaukee Accessory,,,,,,,,,accepted,0,{},"{'brand': None, 'source': None, 'confidence': 0.0, 'candidates': []} | {'value': 'Milwaukee Accessory', 'score': 100.0, 'match': 'Milwaukee Accessory'}"
MWUG42010124,UTW Pro Heated Glove Blk XS,,Tech Gear 5.7 Inc,,,,,,,,,accepted,0,{},"{'brand': None, 'source': None, 'confidence': 0.0, 'candidates': []} | {'value': 'Tech Gear 5.7 Inc', 'score': 100.0, 'match': 'Tech Gear 5.7 Inc'}"
MWUG42010224,UTW Pro Heated Glove Blk SM,,Tech Gear 5.7 Inc,,,,,,,,,accepted,0,{},"{'brand': None, 'source': None, 'confidence': 0.0, 'candidates': []} | {'value': 'Tech Gear 5.7 Inc', 'score': 100.0, 'match': 'Tech Gear 5.7 Inc'}"
MWUG42010324,UTW Pro Heated Glove Blk MD,,Tech Gear 5.7 Inc,,,,,,,,,accepted,0,{},"{'brand': None, 'source': None, 'confidence': 0.0, 'candidates': []} | {'value': 'Tech Gear 5.7 Inc', 'score': 100.0, 'match': 'Tech Gear 5.7 Inc'}"
MWUG42010424,UTW Pro Heated Glove Blk LG,,Tech Gear 5.7 Inc,,,,,,,,,accepted,0,{},"{'brand': None, 'source': None, 'confidence': 0.0, 'candidates': []} | {'value': 'Tech Gear 5.7 Inc', 'score': 100.0, 'match': 'Tech Gear 5.7 Inc'}"
MWUG42010524,UTW Pro Heated Glove Blk XL,,Tech Gear 5.7 Inc,,,,,,,,,accepted,0,{},"{'brand': None, 'source': None, 'confidence': 0.0, 'candidates': []} | {'value': 'Tech Gear 5.7 Inc', 'score': 100.0, 'match': 'Tech Gear 5.7 Inc'}"
MWUG42010624,UTW Pro Heated Glove Blk 2X,,Tech Gear 5.7 Inc,,,,,,,,,accepted,0,{},"{'brand': None, 'source': None, 'confidence': 0.0, 'candidates': []} | {'value': 'Tech Gear 5.7 Inc', 'score': 100.0, 'match': 'Tech Gear 5.7 Inc'}"
MWUG36010225,MWUG36010225 BLK SM Aerial Snow Heated Glove,,Tech Gear 5.7 Inc,,,,,,,,,accepted,0,{},"{'brand': None, 'source': None, 'confidence': 0.0, 'candidates': []} | {'value': 'Tech Gear 5.7 Inc', 'score': 100.0, 'match': 'Tech Gear 5.7 Inc'}"
MWUG36010325,MWUG36010325 BLK MD Aerial Snow Heated Glove,,Tech Gear 5.7 Inc,,,,,,,,,accepted,0,{},"{'brand': None, 'source': None, 'confidence': 0.0, 'candidates': []} | {'value': 'Tech Gear 5.7 Inc', 'score': 100.0, 'match': 'Tech Gear 5.7 Inc'}"
MWUG36010425,MWUG36010425 BLK LG Aerial Snow Heated Glove,,Tech Gear 5.7 Inc,,,,,,,,,accepted,0,{},"{'brand': None, 'source': None, 'confidence': 0.0, 'candidates': []} | {'value': 'Tech Gear 5.7 Inc', 'score': 100.0, 'match': 'Tech Gear 5.7 Inc'}"
MWUG36010525,MWUG36010525 BLK XL Aerial Snow Heated Glove,,Tech Gear 5.7 Inc,,,,,,,,,accepted,0,{},"{'brand': None, 'source': None, 'confidence': 0.0, 'candidates': []} | {'value': 'Tech Gear 5.7 Inc', 'score': 100.0, 'match': 'Tech Gear 5.7 Inc'}"
MWUG36010625,MWUG36010625 BLK 2X Aerial Snow Heated Glove,,Tech Gear 5.7 Inc,,,,,,,,,accepted,0,{},"{'brand': None, 'source': None, 'confidence': 0.0, 'candidates': []} | {'value': 'Tech Gear 5.7 Inc', 'score': 100.0, 'match': 'Tech Gear 5.7 Inc'}"
DPG15,DPG15 Dewalt AM/FM Hearing Protector,DEWALT,Radians,,,,,,,,,accepted,0,{},"{'brand': 'DEWALT', 'source': 'description', 'confidence': 0.85, 'candidates': ['DEWALT']} | {'value': 'Radians', 'score': 100.0, 'match': 'Radians'}"
F200B-21L,F200B-21L Milw M12 Womens - BLK Heated Hoodie Kit L,,Milwaukee Accessory,,,,,,,,,accepted,0,{},"{'brand': None, 'source': None, 'confidence': 0.0, 'candidates': []} | {'value': 'Milwaukee Accessory', 'score': 100.0, 'match': 'Milwaukee Accessory'}"
F200B-21M,F200B-21M Milw M12 Womens - BLK Heated Hoodie Kit M,,Milwaukee Accessory,,,,,,,,,accepted,0,{},"{'brand': None, 'source': None, 'confidence': 0.0, 'candidates': []} | {'value': 'Milwaukee Accessory', 'score': 100.0, 'match': 'Milwaukee Accessory'}"
M200B-21L,M200B-21L Milw M12 BLK - Heated Hoodie Kit L,,Milwaukee Accessory,,,,,,,,,accepted,0,{},"{'brand': None, 'source': None, 'confidence': 0.0, 'candidates': []} | {'value': 'Milwaukee Accessory', 'score': 100.0, 'match': 'Milwaukee Accessory'}"
M200B-21M,M200B-21M Milw M12 BLK - Heated Hoodie Kit M,,Milwaukee Accessory,,,,,,,,,accepted,0,{},"{'brand': None, 'source': None, 'confidence': 0.0, 'candidates': []} | {'value': 'Milwaukee Accessory', 'score': 100.0, 'match': 'Milwaukee Accessory'}"
M200B-21XL,M200B-21XL Milw M12 BLK - Heated Hoodie Kit XL,,Milwaukee Accessory,,,,,,,,,accepted,0,{},"{'brand': None, 'source': None, 'confidence': 0.0, 'candidates': []} | {'value': 'Milwaukee Accessory', 'score': 100.0, 'match': 'Milwaukee Accessory'}"
M200G-21L,M200G-21L Milw M12 Gray - Heated Hoodie Kit L,,Milwaukee Accessory,,,,,,,,,accepted,0,{},"{'brand': None, 'source': None, 'confidence': 0.0, 'candidates': []} | {'value': 'Milwaukee Accessory', 'score': 100.0, 'match': 'Milwaukee Accessory'}"
M200G-21M,M200G-21M Milw M12 Gray - Heated Hoodie Kit M,,Milwaukee Accessory,,,,,,,,,accepted,0,{},"{'brand': None, 'source': None, 'confidence': 0.0, 'candidates': []} | {'value': 'Milwaukee Accessory', 'score': 100.0, 'match': 'Milwaukee Accessory'}"
M200G-21XL,M200G-21XL Milw M12 Gray - Heated Hoodie Kit XL,,Milwaukee Accessory,,,,,,,,,accepted,0,{},"{'brand': None, 'source': None, 'confidence': 0.0, 'candidates': []} | {'value': 'Milwaukee Accessory', 'score': 100.0, 'match': 'Milwaukee Accessory'}"
48-11-2330,48-11-2330 Milw Heated Gear Power Source,,Milwaukee Accessory,,,,,,,,,accepted,0,{},"{'brand': None, 'source': None, 'confidence': 0.0, 'candidates': []} | {'value': 'Milwaukee Accessory', 'score': 100.0, 'match': 'Milwaukee Accessory'}"
DCBP250C,DCBP520C Dewalt Starter Kit,DEWALT,Black & Decker/dewlt,,,,,,,,,accepted,0,{},"{'brand': 'DEWALT', 'source': 'structured_field', 'confidence': 0.99, 'candidates': ['DEWALT']} | {'value': 'Black & Decker/dewlt', 'score': 100.0, 'match': 'Black & Decker/dewlt'}"
5328,5328 Lg. Leather Phone Holster - Clip-on,,First Alert - B R K Brands,,,,,,,,,accepted,0,{},"{'brand': None, 'source': None, 'confidence': 0.0, 'candidates': []} | {'value': 'First Alert - B R K Brands', 'score': 100.0, 'match': 'First Alert - B R K Brands'}"
3200-20,3200-20 Milw Voltage Detector,,Milwaukee Accessory,,,,,,,,,accepted,0,{},"{'brand': None, 'source': None, 'confidence': 0.0, 'candidates': []} | {'value': 'Milwaukee Accessory', 'score': 100.0, 'match': 'Milwaukee Accessory'}"
3202-20,3202-20 Milw Voltage Detector w/ LED,,Milwaukee Accessory,,,,,,,,,accepted,0,{},"{'brand': None, 'source': None, 'confidence': 0.0, 'candidates': []} | {'value': 'Milwaukee Accessory', 'score': 100.0, 'match': 'Milwaukee Accessory'}"
3203-20,3203-20 Milw Dual Range Voltage Detector w/ LED,,Milwaukee Accessory,,,,,,,,,accepted,0,{},"{'brand': None, 'source': None, 'confidence': 0.0, 'candidates': []} | {'value': 'Milwaukee Accessory', 'score': 100.0, 'match': 'Milwaukee Accessory'}"
BC-12300,"BC-12300 BigCal 12""/300mm",,Woodpeckers Inc,,,,,,,,,accepted,0,{},"{'brand': None, 'source': None, 'confidence': 0.0, 'candidates': []} | {'value': 'Woodpeckers Inc', 'score': 100.0, 'match': 'Woodpeckers Inc'}"
BC-24600,"BC-24600 BigCal 24""/600mm",,Woodpeckers Inc,,,,,,,,,accepted,0,{},"{'brand': None, 'source': None, 'confidence': 0.0, 'candidates': []} | {'value': 'Woodpeckers Inc', 'score': 100.0, 'match': 'Woodpeckers Inc'}"
DW08302CG,DW08302CG Dewalt Laser - Green 3 Spot,DEWALT,Black & Decker/dewlt,,,,,,,,,accepted,0,{},"{'brand': 'DEWALT', 'source': 'structured_field', 'confidence': 0.99, 'candidates': ['DEWALT']} | {'value': 'Black & Decker/dewlt', 'score': 100.0, 'match': 'Black & Decker/dewlt'}"
GCL165-42GL,GCL165--42GL Cross Line Laser,,Robt Bosch Tool Corp,,,,,,,,,accepted,0,{},"{'brand': None, 'source': None, 'confidence': 0.0, 'candidates': []} | {'value': 'Robt Bosch Tool Corp', 'score': 100.0, 'match': 'Robt Bosch Tool Corp'}"
DW08802CG,DW08802CG Dewalt Laser Green - Self-Level Cross Line,DEWALT,Black & Decker/dewlt,,,,,,,,,accepted,0,{},"{'brand': 'DEWALT', 'source': 'structured_field', 'confidence': 0.99, 'candidates': ['DEWALT']} | {'value': 'Black & Decker/dewlt', 'score': 100.0, 'match': 'Black & Decker/dewlt'}"
DW088CG,DW088CG Dewalt Laser - Green Cross Line,DEWALT,Black & Decker/dewlt,,,,,,,,,accepted,0,{},"{'brand': 'DEWALT', 'source': 'structured_field', 'confidence': 0.99, 'candidates': ['DEWALT']} | {'value': 'Black & Decker/dewlt', 'score': 100.0, 'match': 'Black & Decker/dewlt'}"
DW089CG,DW089CG Dewalt Laser Level - 3 Line 30ft Range,DEWALT,Black & Decker/dewlt,,,,,,,,,accepted,0,{},"{'brand': 'DEWALT', 'source': 'structured_field', 'confidence': 0.99, 'candidates': ['DEWALT']} | {'value': 'Black & Decker/dewlt', 'score': 100.0, 'match': 'Black & Decker/dewlt'}"
DCLE34520GB,DCLE34520GB Dewalt Laser 20V - Cross Line 5 Spot (Bare),DEWALT,Black & Decker/dewlt,,,,,,,,,accepted,0,{},"{'brand': 'DEWALT', 'source': 'structured_field', 'confidence': 0.99, 'candidates': ['DEWALT']} | {'value': 'Black & Decker/dewlt', 'score': 100.0, 'match': 'Black & Decker/dewlt'}"
DCLE34031B,DCLE34031B Dewalt Line Laser - 20V Self-Leveling (Bare),DEWALT,Black & Decker/dewlt,,,,,,,,,accepted,0,{},"{'brand': 'DEWALT', 'source': 'structured_field', 'confidence': 0.99, 'candidates': ['DEWALT']} | {'value': 'Black & Decker/dewlt', 'score': 100.0, 'match': 'Black & Decker/dewlt'}"
DW0822CG,DW0822CG Dewalt Cross Line - Plumb Spots Laser-Green,DEWALT,Black & Decker/dewlt,,,,,,,,,accepted,0,{},"{'brand': 'DEWALT', 'source': 'structured_field', 'confidence': 0.99, 'candidates': ['DEWALT']} | {'value': 'Black & Decker/dewlt', 'score': 100.0, 'match': 'Black & Decker/dewlt'}"
25459,25459 Mason Line Brd Orange - 500',,U S Tape Company,,,,,,,,,accepted,0,{},"{'brand': None, 'source': None, 'confidence': 0.0, 'candidates': []} | {'value': 'U S Tape Company', 'score': 100.0, 'match': 'U S Tape Company'}"
35459,35459 Mason Line Brd Orange - 500' Replacement,,U S Tape Company,,,,,,,,,accepted,0,{},"{'brand': None, 'source': None, 'confidence': 0.0, 'candidates': []} | {'value': 'U S Tape Company', 'score': 100.0, 'match': 'U S Tape Company'}"
25759,25759 Mason Line Brd Orange - 1000',,U S Tape Company,,,,,,,,,accepted,0,{},"{'brand': None, 'source': None, 'confidence': 0.0, 'candidates': []} | {'value': 'U S Tape Company', 'score': 100.0, 'match': 'U S Tape Company'}"
35112,35112 Mason Line Twist Yellow - 270',,U S Tape Company,,,,,,,,,accepted,0,{},"{'brand': None, 'source': None, 'confidence': 0.0, 'candidates': []} | {'value': 'U S Tape Company', 'score': 100.0, 'match': 'U S Tape Company'}"
35115,35115 Mason Line Twist Green - 270',,U S Tape Company,,,,,,,,,accepted,0,{},"{'brand': None, 'source': None, 'confidence': 0.0, 'candidates': []} | {'value': 'U S Tape Company', 'score': 100.0, 'match': 'U S Tape Company'}"
25168,25168 Mason Line Brd Green - 250',CENTURY COMPONENTS,U S Tape Company,,,,,,,,,accepted,0,{},"{'brand': 'CENTURY COMPONENTS', 'source': 'structured_field', 'confidence': 0.99, 'candidates': ['CENTURY COMPONENTS']} | {'value': 'U S Tape Company', 'score': 100.0, 'match': 'U S Tape Company'}"
35468,35468 Mason Line Brd Green - 500' Replacement,,U S Tape Company,,,,,,,,,accepted,0,{},"{'brand': None, 'source': None, 'confidence': 0.0, 'candidates': []} | {'value': 'U S Tape Company', 'score': 100.0, 'match': 'U S Tape Company'}"
35494,35494 Mason Line Brd Blk/Yellw - 500' Replacement,,U S Tape Company,,,,,,,,,accepted,0,{},"{'brand': None, 'source': None, 'confidence': 0.0, 'candidates': []} | {'value': 'U S Tape Company', 'score': 100.0, 'match': 'U S Tape Company'}"
MLSQ0120,"MLSQ0120 Milw 12"" RafterSquare",,Milwaukee Accessory,,,,,,,,,accepted,0,{},"{'brand': None, 'source': None, 'confidence': 0.0, 'candidates': []} | {'value': 'Milwaukee Accessory', 'score': 100.0, 'match': 'Milwaukee Accessory'}"
MLSQ1120,MLSQ1120 Milw 300mm Rafter - Square (Metric),,Milwaukee Accessory,,,,,,,,,accepted,0,{},"{'brand': None, 'source': None, 'confidence': 0.0, 'candidates': []} | {'value': 'Milwaukee Accessory', 'score': 100.0, 'match': 'Milwaukee Accessory'}"
55227,"55227 Amana Countersink/Stop 1/8"" Drill TB",,Amana Tool Corp,,,,,,,,,accepted,0,{},"{'brand': None, 'source': None, 'confidence': 0.0, 'candidates': []} | {'value': 'Amana Tool Corp', 'score': 100.0, 'match': 'Amana Tool Corp'}"
37300952,"095842 Fisch Plug Cutter 3/8""",,First Alert - B R K Brands,,,,,,,,,accepted,0,{},"{'brand': None, 'source': None, 'confidence': 0.0, 'candidates': []} | {'value': 'First Alert - B R K Brands', 'score': 100.0, 'match': 'First Alert - B R K Brands'}"
6008,6008 Whiteside Router Bit,,Whiteside Machine & Repair Co,,,,,,,,,accepted,0,{},"{'brand': None, 'source': None, 'confidence': 0.0, 'candidates': []} | {'value': 'Whiteside Machine & Repair Co', 'score': 100.0, 'match': 'Whiteside Machine & Repair Co'}"
6009,6009 Whiteside Router Bit,,Whiteside Machine & Repair Co,,,,,,,,,accepted,0,{},"{'brand': None, 'source': None, 'confidence': 0.0, 'candidates': []} | {'value': 'Whiteside Machine & Repair Co', 'score': 100.0, 'match': 'Whiteside Machine & Repair Co'}"
3000A,3000A Whiteside Router Bit,,Whiteside Machine & Repair Co,,,,,,,,,accepted,0,{},"{'brand': None, 'source': None, 'confidence': 0.0, 'candidates': []} | {'value': 'Whiteside Machine & Repair Co', 'score': 100.0, 'match': 'Whiteside Machine & Repair Co'}"
MID6630201US,MID6630201US Deos663XCV Sander,,Mirka Abrasives Inc,,,,,,,,,accepted,0,{},"{'brand': None, 'source': None, 'confidence': 0.0, 'candidates': []} | {'value': 'Mirka Abrasives Inc', 'score': 100.0, 'match': 'Mirka Abrasives Inc'}"
DCF6202,DCF6202 Dewalt Collated Attach,DEWALT,Black & Decker/dewlt,,,,,,,,,accepted,0,{},"{'brand': 'DEWALT', 'source': 'structured_field', 'confidence': 0.99, 'candidates': ['DEWALT']} | {'value': 'Black & Decker/dewlt', 'score': 100.0, 'match': 'Black & Decker/dewlt'}"
25468,25468 Mason Line Brd Green - 500',,U S Tape Company,,,,,,,,,accepted,0,{},"{'brand': None, 'source': None, 'confidence': 0.0, 'candidates': []} | {'value': 'U S Tape Company', 'score': 100.0, 'match': 'U S Tape Company'}"
25762,25762 Mason Line Brd Pink - 1000',,U S Tape Company,,,,,,,,,accepted,0,{},"{'brand': None, 'source': None, 'confidence': 0.0, 'candidates': []} | {'value': 'U S Tape Company', 'score': 100.0, 'match': 'U S Tape Company'}"
21839NN,"21839NN File Bstd Mill 10""",Nicholson,First Alert - B R K Brands,,,,,,,,,accepted,0,{},"{'brand': 'Nicholson', 'source': 'structured_field', 'confidence': 0.99, 'candidates': ['Nicholson']} | {'value': 'First Alert - B R K Brands', 'score': 100.0, 'match': 'First Alert - B R K Brands'}"
VN56920,"VN56920 10 1/2"" Saw Blade",,Marshalltown Trowel,,,,,,,,,accepted,0,{},"{'brand': None, 'source': None, 'confidence': 0.0, 'candidates': []} | {'value': 'Marshalltown Trowel', 'score': 100.0, 'match': 'Marshalltown Trowel'}"
133164,133164 950/9 Hex Plus Spks - Multicolor,,Wera Tools NA Inc,,,,,,,,,accepted,0,{},"{'brand': None, 'source': None, 'confidence': 0.0, 'candidates': []} | {'value': 'Wera Tools NA Inc', 'score': 100.0, 'match': 'Wera Tools NA Inc'}"
DWHT10993,DWHT10993 Folding Knife,DEWALT,Black & Decker/dewlt,,,,,,,,,accepted,0,{},"{'brand': 'DEWALT', 'source': 'structured_field', 'confidence': 0.99, 'candidates': ['DEWALT']} | {'value': 'Black & Decker/dewlt', 'score': 100.0, 'match': 'Black & Decker/dewlt'}"
DWHT10994,DWHT10994 Folding Knife,DEWALT,Black & Decker/dewlt,,,,,,,,,accepted,0,{},"{'brand': 'DEWALT', 'source': 'structured_field', 'confidence': 0.99, 'candidates': ['DEWALT']} | {'value': 'Black & Decker/dewlt', 'score': 100.0, 'match': 'Black & Decker/dewlt'}"
QB22RU,QB22RU Vessel Carrying Bit Holder (Red),,Vessel Tools USA Inc,,,,,,,,,accepted,0,{},"{'brand': None, 'source': None, 'confidence': 0.0, 'candidates': []} | {'value': 'Vessel Tools USA Inc', 'score': 100.0, 'match': 'Vessel Tools USA Inc'}"
QB22KU,QB22KU Vessel Carrying Bit Holder (Black),,Vessel Tools USA Inc,,,,,,,,,accepted,0,{},"{'brand': None, 'source': None, 'confidence': 0.0, 'candidates': []} | {'value': 'Vessel Tools USA Inc', 'score': 100.0, 'match': 'Vessel Tools USA Inc'}"
AVM6EV,AVM6 EV Mini Snip Red,,Malco Prod,,,,,,,,,accepted,0,{},"{'brand': None, 'source': None, 'confidence': 0.0, 'candidates': []} | {'value': 'Malco Prod', 'score': 100.0, 'match': 'Malco Prod'}"
AVM6EV,AVM7 EV Mini Snip Green,,Malco Prod,,,,,,,,,accepted,0,{},"{'brand': None, 'source': None, 'confidence': 0.0, 'candidates': []} | {'value': 'Malco Prod', 'score': 100.0, 'match': 'Malco Prod'}"
DSA0250B,"DSA0250B 1/4"" Square x1/4"" Hex - Socket Adapter",Diablo,Freud Inc,,,,,,,,,accepted,0,{},"{'brand': 'Diablo', 'source': 'structured_field', 'confidence': 0.99, 'candidates': ['Diablo']} | {'value': 'Freud Inc', 'score': 100.0, 'match': 'Freud Inc'}"
DSA0375B,"DSA0375B 3/8"" Square x1/4"" Hex - Socket Adapter",Diablo,Freud Inc,,,,,,,,,accepted,0,{},"{'brand': 'Diablo', 'source': 'structured_field', 'confidence': 0.99, 'candidates': ['Diablo']} | {'value': 'Freud Inc', 'score': 100.0, 'match': 'Freud Inc'}"
DSA0500B,"DSA0500B 1/2"" Square x1/4"" Hex - Socket Adapter",Diablo,Freud Inc,,,,,,,,,accepted,0,{},"{'brand': 'Diablo', 'source': 'structured_field', 'confidence': 0.99, 'candidates': ['Diablo']} | {'value': 'Freud Inc', 'score': 100.0, 'match': 'Freud Inc'}"
42-04-9107,"42-04-9107 Milw 3/8"" Drive Universal Joint",,Milwaukee Accessory,,,,,,,,,accepted,0,{},"{'brand': None, 'source': None, 'confidence': 0.0, 'candidates': []} | {'value': 'Milwaukee Accessory', 'score': 100.0, 'match': 'Milwaukee Accessory'}"
48-22-9491,48-22-9491 Milw 242pc Ratchet & Socket Set 4-Drawer Tool Box,,Milwaukee Accessory,,,,,,,,242.0,accepted,1,{'pack_quantity': 0.7},"{'brand': None, 'source': None, 'confidence': 0.0, 'candidates': []} | {'value': 'Milwaukee Accessory', 'score': 100.0, 'match': 'Milwaukee Accessory'}"
DWMT45422,"DWMT45422 Dewalt 1/4"" Drive - 50pc Mechanics Set",DEWALT,Black & Decker/dewlt,,,,,,,,50.0,accepted,1,{'pack_quantity': 0.7},"{'brand': 'DEWALT', 'source': 'description', 'confidence': 0.85, 'candidates': ['DEWALT']} | {'value': 'Black & Decker/dewlt', 'score': 100.0, 'match': 'Black & Decker/dewlt'}"
DWMT45424,"DWMT45424 Dewalt 3/8"" Drive - 84pc Mechanics Set",DEWALT,Black & Decker/dewlt,,,,,,,,84.0,accepted,1,{'pack_quantity': 0.7},"{'brand': 'DEWALT', 'source': 'description', 'confidence': 0.85, 'candidates': ['DEWALT']} | {'value': 'Black & Decker/dewlt', 'score': 100.0, 'match': 'Black & Decker/dewlt'}"
48-22-9483,48-22-9483 Milw Packout 15pc - Metric Wrench Set,,Milwaukee Accessory,,,,,,,,15.0,accepted,1,{'pack_quantity': 0.7},"{'brand': None, 'source': None, 'confidence': 0.0, 'candidates': []} | {'value': 'Milwaukee Accessory', 'score': 100.0, 'match': 'Milwaukee Accessory'}"
48-22-9484,48-22-9484 Milw Packout 15pc - SAE Wrench Set,,Milwaukee Accessory,,,,,,,,15.0,accepted,1,{'pack_quantity': 0.7},"{'brand': None, 'source': None, 'confidence': 0.0, 'candidates': []} | {'value': 'Milwaukee Accessory', 'score': 100.0, 'match': 'Milwaukee Accessory'}"
48-22-9485,48-22-9485 Milw Packout 30pc - Metric & SAE Wrench Set,,Milwaukee Accessory,,,,,,,,30.0,accepted,1,{'pack_quantity': 0.7},"{'brand': None, 'source': None, 'confidence': 0.0, 'candidates': []} | {'value': 'Milwaukee Accessory', 'score': 100.0, 'match': 'Milwaukee Accessory'}"
48-44-2770,48-44-2770 Milw Pole Pruning - Shears Replacement Blade,,Milwaukee Accessory,,,,,,,,,accepted,0,{},"{'brand': None, 'source': None, 'confidence': 0.0, 'candidates': []} | {'value': 'Milwaukee Accessory', 'score': 100.0, 'match': 'Milwaukee Accessory'}"
IWHT48441RC,IWHT48441RC Irwin 100ft - Red Chalk & Reel Set,Irwin,Irwin Industrial Tools,,,,,,,,,accepted,0,{},"{'brand': 'Irwin', 'source': 'structured_field', 'confidence': 0.99, 'candidates': ['Irwin']} | {'value': 'Irwin Industrial Tools', 'score': 100.0, 'match': 'Irwin Industrial Tools'}"
XRU23SM1,"XRU23SM1 Makita 18V 13"" - String Trimmer Kit",,Makita Usa Inc,,,,,,,,,accepted,0,{},"{'brand': None, 'source': None, 'confidence': 0.0, 'candidates': []} | {'value': 'Makita Usa Inc', 'score': 100.0, 'match': 'Makita Usa Inc'}"
XRU15PT1,XRU15PT1 Makita String Trimmer,,Makita Usa Inc,,,,,,,,,accepted,0,{},"{'brand': None, 'source': None, 'confidence': 0.0, 'candidates': []} | {'value': 'Makita Usa Inc', 'score': 100.0, 'match': 'Makita Usa Inc'}"
XRU23Z,XRU23Z Makita 18V Trimmer Tool - Only,,Makita Usa Inc,,,,,,,,,accepted,0,{},"{'brand': None, 'source': None, 'confidence': 0.0, 'candidates': []} | {'value': 'Makita Usa Inc', 'score': 100.0, 'match': 'Makita Usa Inc'}"
0887-20,0887-20 Milw M18 Brushless Precision Blower,,Milwaukee Accessory,,,,,,,,,accepted,0,{},"{'brand': None, 'source': None, 'confidence': 0.0, 'candidates': []} | {'value': 'Milwaukee Accessory', 'score': 100.0, 'match': 'Milwaukee Accessory'}"
DCBL724B,DCBL724B Dewalt 20V Max XR Blower (Bare),DEWALT,Black & Decker/dewlt,,,,,,,,,accepted,0,{},"{'brand': 'DEWALT', 'source': 'description', 'confidence': 0.85, 'candidates': ['DEWALT']} | {'value': 'Black & Decker/dewlt', 'score': 100.0, 'match': 'Black & Decker/dewlt'}"
2954-20,2954-20 Milw M18 Bluetooth Jobsite Speaker,,Milwaukee Accessory,,,,,,,,,accepted,0,{},"{'brand': None, 'source': None, 'confidence': 0.0, 'candidates': []} | {'value': 'Milwaukee Accessory', 'score': 100.0, 'match': 'Milwaukee Accessory'}"
2955-20,2955-20 Milw M12 Bluetooth - Jobsite Speaker w/Packout,,Milwaukee Accessory,,,,,,,,,accepted,0,{},"{'brand': None, 'source': None, 'confidence': 0.0, 'candidates': []} | {'value': 'Milwaukee Accessory', 'score': 100.0, 'match': 'Milwaukee Accessory'}"
9A-219-180,9A-219-180 Abranet 4x6x6,,Mirka Abrasives Inc,,4.0,6.0,6.0,,,,,accepted,3,"{'diameter': 0.7, 'thickness': 0.7, 'arbor': 0.7}","{'brand': None, 'source': None, 'confidence': 0.0, 'candidates': []} | {'value': 'Mirka Abrasives Inc', 'score': 100.0, 'match': 'Mirka Abrasives Inc'}"
9A-219-120RP,9A-219-120RP Abranet 4x6x6,,Mirka Abrasives Inc,,4.0,6.0,6.0,,,,,accepted,3,"{'diameter': 0.7, 'thickness': 0.7, 'arbor': 0.7}","{'brand': None, 'source': None, 'confidence': 0.0, 'candidates': []} | {'value': 'Mirka Abrasives Inc', 'score': 100.0, 'match': 'Mirka Abrasives Inc'}"
3033-20,"3033-20 Milw M18 24"" - Hedge Trimmer",Milwaukee,Milwaukee Accessory,,,,,,,,,accepted,0,{},"{'brand': 'Milwaukee', 'source': 'structured_field', 'confidence': 0.99, 'candidates': ['Milwaukee']} | {'value': 'Milwaukee Accessory', 'score': 100.0, 'match': 'Milwaukee Accessory'}"
3033-21,"3033-21 Milw M18 24"" - Hedge Trimmer Kit",,Milwaukee Accessory,,,,,,,,,accepted,0,{},"{'brand': None, 'source': None, 'confidence': 0.0, 'candidates': []} | {'value': 'Milwaukee Accessory', 'score': 100.0, 'match': 'Milwaukee Accessory'}"
3034-20,"3034-20 Milw M18 30"" - Hedge Trimmer",Milwaukee,Milwaukee Accessory,,,,,,,,,accepted,0,{},"{'brand': 'Milwaukee', 'source': 'structured_field', 'confidence': 0.99, 'candidates': ['Milwaukee']} | {'value': 'Milwaukee Accessory', 'score': 100.0, 'match': 'Milwaukee Accessory'}"
D25333K,D25333K Dewalt Hammer Drill,DEWALT,Black & Decker/dewlt,,,,,,,,,accepted,0,{},"{'brand': 'DEWALT', 'source': 'description', 'confidence': 0.85, 'candidates': ['DEWALT']} | {'value': 'Black & Decker/dewlt', 'score': 100.0, 'match': 'Black & Decker/dewlt'}"
DCD803B,DCD803B Dewalt Multi-Head Drill Driver,DEWALT,Black & Decker/dewlt,,,,,,,,,accepted,0,{},"{'brand': 'DEWALT', 'source': 'description', 'confidence': 0.85, 'candidates': ['DEWALT']} | {'value': 'Black & Decker/dewlt', 'score': 100.0, 'match': 'Black & Decker/dewlt'}"
DCF860B,DCF860B Dewalt 20V Impact - Driver Drill,DEWALT,Black & Decker/dewlt,,,,,,,,,accepted,0,{},"{'brand': 'DEWALT', 'source': 'description', 'confidence': 0.85, 'candidates': ['DEWALT']} | {'value': 'Black & Decker/dewlt', 'score': 100.0, 'match': 'Black & Decker/dewlt'}"
3401-20,3401-20 Milw M12 Drill Driver - Brushless Compact (Bare),,Milwaukee Accessory,,,,,,,,,accepted,0,{},"{'brand': None, 'source': None, 'confidence': 0.0, 'candidates': []} | {'value': 'Milwaukee Accessory', 'score': 100.0, 'match': 'Milwaukee Accessory'}"
KPTDR050A,KPTDR050A Kreg 20V Ionic Compact Drill,,Kreg Tool Company,,,,,,,,,accepted,0,{},"{'brand': None, 'source': None, 'confidence': 0.0, 'candidates': []} | {'value': 'Kreg Tool Company', 'score': 100.0, 'match': 'Kreg Tool Company'}"
DCD1007B,"DCD1007B Dewalt 20V Cordless - 1/2"" Hammer Drill (Bare)",DEWALT,Black & Decker/dewlt,,,,,,,,,accepted,0,{},"{'brand': 'DEWALT', 'source': 'structured_field', 'confidence': 0.99, 'candidates': ['DEWALT']} | {'value': 'Black & Decker/dewlt', 'score': 100.0, 'match': 'Black & Decker/dewlt'}"
DCD799B,DCD799B Dewalt Drill,DEWALT,Black & Decker/dewlt,,,,,,,,,accepted,0,{},"{'brand': 'DEWALT', 'source': 'description', 'confidence': 0.85, 'candidates': ['DEWALT']} | {'value': 'Black & Decker/dewlt', 'score': 100.0, 'match': 'Black & Decker/dewlt'}"
58006,58006 Voyager Drill Press,,King Canada Inc,,,,,,,,,accepted,0,{},"{'brand': None, 'source': None, 'confidence': 0.0, 'candidates': []} | {'value': 'King Canada Inc', 'score': 100.0, 'match': 'King Canada Inc'}"
2909-20,2909-20 Milw Roofing Nailer - M18,Milwaukee,Milwaukee Accessory,,,,,,,,,accepted,0,{},"{'brand': 'Milwaukee', 'source': 'structured_field', 'confidence': 0.99, 'candidates': ['Milwaukee']} | {'value': 'Milwaukee Accessory', 'score': 100.0, 'match': 'Milwaukee Accessory'}"
2909-21,2909-21 Milw M18 Coil Roofing - Nailer Kit,Milwaukee,Milwaukee Accessory,,,,,,,,,accepted,0,{},"{'brand': 'Milwaukee', 'source': 'structured_field', 'confidence': 0.99, 'candidates': ['Milwaukee']} | {'value': 'Milwaukee Accessory', 'score': 100.0, 'match': 'Milwaukee Accessory'}"
918200,918200 Paslode CT200S24 18Ga ST Brad Nailer,,National Nail Corp,,,,,,,,,accepted,0,{},"{'brand': None, 'source': None, 'confidence': 0.0, 'candidates': []} | {'value': 'National Nail Corp', 'score': 100.0, 'match': 'National Nail Corp'}"
2541-20,2541-20 Milw M12 - Compact Brad Nailer (Bare),,Milwaukee Accessory,,,,,,,,,accepted,0,{},"{'brand': None, 'source': None, 'confidence': 0.0, 'candidates': []} | {'value': 'Milwaukee Accessory', 'score': 100.0, 'match': 'Milwaukee Accessory'}"
DCN930B,DCN930B Dewalt 20V 30 Degree - Framing Nailer,DEWALT,Black & Decker/dewlt,,,,,,,,,accepted,0,{},"{'brand': 'DEWALT', 'source': 'structured_field', 'confidence': 0.99, 'candidates': ['DEWALT']} | {'value': 'Black & Decker/dewlt', 'score': 100.0, 'match': 'Black & Decker/dewlt'}"
DCN930P1,DCN930P1 Dewalt 20V 30 Degree - Framing Nailer Kit,DEWALT,Black & Decker/dewlt,,,,,,,,,accepted,0,{},"{'brand': 'DEWALT', 'source': 'structured_field', 'confidence': 0.99, 'candidates': ['DEWALT']} | {'value': 'Black & Decker/dewlt', 'score': 100.0, 'match': 'Black & Decker/dewlt'}"
XNB04Z,"XNB04Z Makita 18V 2"" Brad Nailer 18GA (Bare)",,Makita Usa Inc,,,,,,,,,accepted,0,{},"{'brand': None, 'source': None, 'confidence': 0.0, 'candidates': []} | {'value': 'Makita Usa Inc', 'score': 100.0, 'match': 'Makita Usa Inc'}"
XNB05Z,"XNB05Z Makita 18V 2-1/2"" Straight Finish Nailer 16GA",,Makita Usa Inc,,,,,,,,,accepted,0,{},"{'brand': None, 'source': None, 'confidence': 0.0, 'candidates': []} | {'value': 'Makita Usa Inc', 'score': 100.0, 'match': 'Makita Usa Inc'}"
XNB06Z,"XNB06Z Makita 18V 2-1/2"" Angled Finish Nailer 16GA",,Makita Usa Inc,,,,,,,,,accepted,0,{},"{'brand': None, 'source': None, 'confidence': 0.0, 'candidates': []} | {'value': 'Makita Usa Inc', 'score': 100.0, 'match': 'Makita Usa Inc'}"
XNB07Z,XNB07Z Makita 18V LXT BL 30 Nailer (Bare),,Makita Usa Inc,,,,,,,,,accepted,0,{},"{'brand': None, 'source': None, 'confidence': 0.0, 'candidates': []} | {'value': 'Makita Usa Inc', 'score': 100.0, 'match': 'Makita Usa Inc'}"
DZN930,DZN930 Dewalt 30 Degree - Framing Magazine,DEWALT,Black & Decker/dewlt,,,,,,,,,accepted,0,{},"{'brand': 'DEWALT', 'source': 'description', 'confidence': 0.85, 'candidates': ['DEWALT']} | {'value': 'Black & Decker/dewlt', 'score': 100.0, 'match': 'Black & Decker/dewlt'}"
220USB25U,220USB25U Vessel Screwdriver w/25pc Bit Set,,Vessel Tools USA Inc,,,,,,,,25.0,accepted,1,{'pack_quantity': 0.7},"{'brand': None, 'source': None, 'confidence': 0.0, 'candidates': []} | {'value': 'Vessel Tools USA Inc', 'score': 100.0, 'match': 'Vessel Tools USA Inc'}"
XRF03Z,XRF03Z Makita 18V Screwdriver - Autofeed,,Makita Usa Inc,,,,,,,,,accepted,0,{},"{'brand': None, 'source': None, 'confidence': 0.0, 'candidates': []} | {'value': 'Makita Usa Inc', 'score': 100.0, 'match': 'Makita Usa Inc'}"
220USBP5U,220USBP5U Vessel Screwdriver Plus w/5pc Bit Set,,Vessel Tools USA Inc,,,,,,,,5.0,accepted,1,{'pack_quantity': 0.7},"{'brand': None, 'source': None, 'confidence': 0.0, 'candidates': []} | {'value': 'Vessel Tools USA Inc', 'score': 100.0, 'match': 'Vessel Tools USA Inc'}"
49-66-4567,"49-66-4567 Milw 6"" Magnetic - Impact Driver Set 6pc",,Milwaukee Accessory,,,,,,,,6.0,accepted,1,{'pack_quantity': 0.7},"{'brand': None, 'source': None, 'confidence': 0.0, 'candidates': []} | {'value': 'Milwaukee Accessory', 'score': 100.0, 'match': 'Milwaukee Accessory'}"
IBMG90K003,"IBMG90K003 Vessel Impact Ball Torsion Bit Assort 5pc 3.5""",,Vessel Tools USA Inc,,,,,,,,5.0,accepted,1,{'pack_quantity': 0.7},"{'brand': None, 'source': None, 'confidence': 0.0, 'candidates': []} | {'value': 'Vessel Tools USA Inc', 'score': 100.0, 'match': 'Vessel Tools USA Inc'}"
IBPH250P15T,"IBPH250P15T Vessel Torsion Bit 2"" 15pc",,Vessel Tools USA Inc,,,,,,,,15.0,accepted,1,{'pack_quantity': 0.7},"{'brand': None, 'source': None, 'confidence': 0.0, 'candidates': []} | {'value': 'Vessel Tools USA Inc', 'score': 100.0, 'match': 'Vessel Tools USA Inc'}"
DPH12B,"DPH12B 2"" #1 Phillips Drive - Bit",Diablo,Freud Inc,,,,,,,,,accepted,0,{},"{'brand': 'Diablo', 'source': 'structured_field', 'confidence': 0.99, 'candidates': ['Diablo']} | {'value': 'Freud Inc', 'score': 100.0, 'match': 'Freud Inc'}"
DPH135B,"DPH135B 3-1/2"" #1 Phillips - Drive Bit",Diablo,Freud Inc,,,,,,,,,accepted,0,{},"{'brand': 'Diablo', 'source': 'structured_field', 'confidence': 0.99, 'candidates': ['Diablo']} | {'value': 'Freud Inc', 'score': 100.0, 'match': 'Freud Inc'}"
DPH21B,"DPH21B 1"" #2 Phillips Drive - Bit",Diablo,Freud Inc,,,,,,,,,accepted,0,{},"{'brand': 'Diablo', 'source': 'structured_field', 'confidence': 0.99, 'candidates': ['Diablo']} | {'value': 'Freud Inc', 'score': 100.0, 'match': 'Freud Inc'}"
DPH22B,"DPH22B 2"" #2 Phillips Drive - Bit",Diablo,Freud Inc,,,,,,,,,accepted,0,{},"{'brand': 'Diablo', 'source': 'structured_field', 'confidence': 0.99, 'candidates': ['Diablo']} | {'value': 'Freud Inc', 'score': 100.0, 'match': 'Freud Inc'}"
DPH235B,"DPH235B 3-1/2"" #2 Phillips - Drive Bit",Diablo,Freud Inc,,,,,,,,,accepted,0,{},"{'brand': 'Diablo', 'source': 'structured_field', 'confidence': 0.99, 'candidates': ['Diablo']} | {'value': 'Freud Inc', 'score': 100.0, 'match': 'Freud Inc'}"
DPH26B,"DPH26B 6"" #2 Phillips Drive - Bit",Diablo,Freud Inc,,,,,,,,,accepted,0,{},"{'brand': 'Diablo', 'source': 'structured_field', 'confidence': 0.99, 'candidates': ['Diablo']} | {'value': 'Freud Inc', 'score': 100.0, 'match': 'Freud Inc'}"
DPH2R1B,"DPH2R1B 1"" #2 Phillips Drywall - Screws Drive Bit",Diablo,Freud Inc,,,,,,,,,accepted,0,{},"{'brand': 'Diablo', 'source': 'structured_field', 'confidence': 0.99, 'candidates': ['Diablo']} | {'value': 'Freud Inc', 'score': 100.0, 'match': 'Freud Inc'}"
DPH31B,"DPH31B 1"" #3 Phillips Drive - Bit",Diablo,Freud Inc,,,,,,,,,accepted,0,{},"{'brand': 'Diablo', 'source': 'structured_field', 'confidence': 0.99, 'candidates': ['Diablo']} | {'value': 'Freud Inc', 'score': 100.0, 'match': 'Freud Inc'}"
DPH32B,"DPH32B 2"" #3 Phillips Drive - Bit",Diablo,Freud Inc,,,,,,,,,accepted,0,{},"{'brand': 'Diablo', 'source': 'structured_field', 'confidence': 0.99, 'candidates': ['Diablo']} | {'value': 'Freud Inc', 'score': 100.0, 'match': 'Freud Inc'}"
DPH335B,"DPH335B 3-1/2"" #3 Phillips - Drive Bit",Diablo,Freud Inc,,,,,,,,,accepted,0,{},"{'brand': 'Diablo', 'source': 'structured_field', 'confidence': 0.99, 'candidates': ['Diablo']} | {'value': 'Freud Inc', 'score': 100.0, 'match': 'Freud Inc'}"
DSQ12B,"DSQ12B 2"" #1 Square Drive Bit",Diablo,Freud Inc,,,,,,,,,accepted,0,{},"{'brand': 'Diablo', 'source': 'structured_field', 'confidence': 0.99, 'candidates': ['Diablo']} | {'value': 'Freud Inc', 'score': 100.0, 'match': 'Freud Inc'}"
DSQ22B,"DSQ22B 2"" #2 Square Drive Bit",Diablo,Freud Inc,,,,,,,,,accepted,0,{},"{'brand': 'Diablo', 'source': 'structured_field', 'confidence': 0.99, 'candidates': ['Diablo']} | {'value': 'Freud Inc', 'score': 100.0, 'match': 'Freud Inc'}"
DSQ26B,"DSQ26B 6"" #2 Square Drive Bit",Diablo,Freud Inc,,,,,,,,,accepted,0,{},"{'brand': 'Diablo', 'source': 'structured_field', 'confidence': 0.99, 'candidates': ['Diablo']} | {'value': 'Freud Inc', 'score': 100.0, 'match': 'Freud Inc'}"
DSQ32B,"DSQ32B 2"" #3 Square Drive Bit",Diablo,Freud Inc,,,,,,,,,accepted,0,{},"{'brand': 'Diablo', 'source': 'structured_field', 'confidence': 0.99, 'candidates': ['Diablo']} | {'value': 'Freud Inc', 'score': 100.0, 'match': 'Freud Inc'}"
DT102B,"DT102B 2"" #10 Torx Drive Bit",Diablo,Freud Inc,,,,,,,,,accepted,0,{},"{'brand': 'Diablo', 'source': 'structured_field', 'confidence': 0.99, 'candidates': ['Diablo']} | {'value': 'Freud Inc', 'score': 100.0, 'match': 'Freud Inc'}"
DT152B,"DT152B 2"" #15 Torx Drive Bit",Diablo,Freud Inc,,,,,,,,,accepted,0,{},"{'brand': 'Diablo', 'source': 'structured_field', 'confidence': 0.99, 'candidates': ['Diablo']} | {'value': 'Freud Inc', 'score': 100.0, 'match': 'Freud Inc'}"
DT1535B,"DT1535B 3-1/2"" #15 Torx Drive - Bit",Diablo,Freud Inc,,,,,,,,,accepted,0,{},"{'brand': 'Diablo', 'source': 'structured_field', 'confidence': 0.99, 'candidates': ['Diablo']} | {'value': 'Freud Inc', 'score': 100.0, 'match': 'Freud Inc'}"
DT202B,"DT202B 2"" #20 Torx Drive Bit",Diablo,Freud Inc,,,,,,,,,accepted,0,{},"{'brand': 'Diablo', 'source': 'structured_field', 'confidence': 0.99, 'candidates': ['Diablo']} | {'value': 'Freud Inc', 'score': 100.0, 'match': 'Freud Inc'}"
DT2035B,"DT2035B 3-1/2"" #20 Torx Drive - Bit",Diablo,Freud Inc,,,,,,,,,accepted,0,{},"{'brand': 'Diablo', 'source': 'structured_field', 'confidence': 0.99, 'candidates': ['Diablo']} | {'value': 'Freud Inc', 'score': 100.0, 'match': 'Freud Inc'}"
DT206B,"DT206B 6"" #20 Torx Drive Bit",Diablo,Freud Inc,,,,,,,,,accepted,0,{},"{'brand': 'Diablo', 'source': 'structured_field', 'confidence': 0.99, 'candidates': ['Diablo']} | {'value': 'Freud Inc', 'score': 100.0, 'match': 'Freud Inc'}"
DT252B,"DT252B 2"" #25 Trox Drive Bit",Diablo,Freud Inc,,,,,,,,,accepted,0,{},"{'brand': 'Diablo', 'source': 'structured_field', 'confidence': 0.99, 'candidates': ['Diablo']} | {'value': 'Freud Inc', 'score': 100.0, 'match': 'Freud Inc'}"
DT2535B,"DT2535B 3-1/4"" #25 Torx Drive - Bit",Diablo,Freud Inc,,,,,,,,,accepted,0,{},"{'brand': 'Diablo', 'source': 'structured_field', 'confidence': 0.99, 'candidates': ['Diablo']} | {'value': 'Freud Inc', 'score': 100.0, 'match': 'Freud Inc'}"
DT256B,"DT256B 6"" #25 Torx Drive Bit",Diablo,Freud Inc,,,,,,,,,accepted,0,{},"{'brand': 'Diablo', 'source': 'structured_field', 'confidence': 0.99, 'candidates': ['Diablo']} | {'value': 'Freud Inc', 'score': 100.0, 'match': 'Freud Inc'}"
DT302B,"DT302B 2"" #30 Torx Drive Bit",Diablo,Freud Inc,,,,,,,,,accepted,0,{},"{'brand': 'Diablo', 'source': 'structured_field', 'confidence': 0.99, 'candidates': ['Diablo']} | {'value': 'Freud Inc', 'score': 100.0, 'match': 'Freud Inc'}"
DT402B,"DT402B 2"" #40 Torx Drive Bit",Diablo,Freud Inc,,,,,,,,,accepted,0,{},"{'brand': 'Diablo', 'source': 'structured_field', 'confidence': 0.99, 'candidates': ['Diablo']} | {'value': 'Freud Inc', 'score': 100.0, 'match': 'Freud Inc'}"
DDWSSB,DDWSSB #2 Drywall Screw Setter,Diablo,Freud Inc,,,,,,,,,accepted,0,{},"{'brand': 'Diablo', 'source': 'structured_field', 'confidence': 0.99, 'candidates': ['Diablo']} | {'value': 'Freud Inc', 'score': 100.0, 'match': 'Freud Inc'}"
191V02-0,191V02-0 Makita #2 Phillips Bit 5pk,,Makita Usa Inc,,,,,,,,,accepted,0,{},"{'brand': None, 'source': None, 'confidence': 0.0, 'candidates': []} | {'value': 'Makita Usa Inc', 'score': 100.0, 'match': 'Makita Usa Inc'}"
XTS02Z,"XTS02Z Makita 18V 1/4"" Narrow Crown Stapler 18GA",,Makita Usa Inc,,,,,,,,,accepted,0,{},"{'brand': None, 'source': None, 'confidence': 0.0, 'candidates': []} | {'value': 'Makita Usa Inc', 'score': 100.0, 'match': 'Makita Usa Inc'}"
DCF809D1,"DCF809D1 Dewalt Atomic 20V 1/4"" Impact Driver Kit",DEWALT,Black & Decker/dewlt,,,,,,,,,accepted,0,{},"{'brand': 'DEWALT', 'source': 'structured_field', 'confidence': 0.99, 'candidates': ['DEWALT']} | {'value': 'Black & Decker/dewlt', 'score': 100.0, 'match': 'Black & Decker/dewlt'}"
2761-20,"2761-20 Milw M18 1/4"" Hex Hydraulic Driver",,Milwaukee Accessory,,,,,,,,,accepted,0,{},"{'brand': None, 'source': None, 'confidence': 0.0, 'candidates': []} | {'value': 'Milwaukee Accessory', 'score': 100.0, 'match': 'Milwaukee Accessory'}"
2761-22,2761-22 Milw M18 Surge Kit,,Milwaukee Accessory,,,,,,,,,accepted,0,{},"{'brand': None, 'source': None, 'confidence': 0.0, 'candidates': []} | {'value': 'Milwaukee Accessory', 'score': 100.0, 'match': 'Milwaukee Accessory'}"
3450-20,3450-20 Milw M12 Impact Driver - Brushless Compact (Bare),,Milwaukee Accessory,,,,,,,,,accepted,0,{},"{'brand': None, 'source': None, 'confidence': 0.0, 'candidates': []} | {'value': 'Milwaukee Accessory', 'score': 100.0, 'match': 'Milwaukee Accessory'}"
KPTDV025A,KPTDV025A Kreg 20V Ionic Compact Impact Driver,,Kreg Tool Company,,,,,,,,,accepted,0,{},"{'brand': None, 'source': None, 'confidence': 0.0, 'candidates': []} | {'value': 'Kreg Tool Company', 'score': 100.0, 'match': 'Kreg Tool Company'}"
3048-20,"3048-20 Milw M12 1/4"" Impact Wrench w/Friction Ring",,Milwaukee Accessory,,,,,,,,,accepted,0,{},"{'brand': None, 'source': None, 'confidence': 0.0, 'candidates': []} | {'value': 'Milwaukee Accessory', 'score': 100.0, 'match': 'Milwaukee Accessory'}"
3049-20,"3049-20 Milw M12 3/8"" Impact Wrench w/Friction Ring",,Milwaukee Accessory,,,,,,,,,accepted,0,{},"{'brand': None, 'source': None, 'confidence': 0.0, 'candidates': []} | {'value': 'Milwaukee Accessory', 'score': 100.0, 'match': 'Milwaukee Accessory'}"
2563-20,"2563-20 Milw M12 Stubby 1/2"" Impact Wrench",,Milwaukee Accessory,,,,,,,,,accepted,0,{},"{'brand': None, 'source': None, 'confidence': 0.0, 'candidates': []} | {'value': 'Milwaukee Accessory', 'score': 100.0, 'match': 'Milwaukee Accessory'}"
DCF961B,"Dewalt DCF961B 20V 1/2"" Impact - Bare Tool",DEWALT,Black & Decker/dewlt,,,,,,,,,accepted,0,{},"{'brand': 'DEWALT', 'source': 'structured_field', 'confidence': 0.99, 'candidates': ['DEWALT']} | {'value': 'Black & Decker/dewlt', 'score': 100.0, 'match': 'Black & Decker/dewlt'}"
DCF964B,"DCF964B Dewalt 20V 3/4"" Impact - Wrench (Bare)",DEWALT,Black & Decker/dewlt,,,,,,,,,accepted,0,{},"{'brand': 'DEWALT', 'source': 'structured_field', 'confidence': 0.99, 'candidates': ['DEWALT']} | {'value': 'Black & Decker/dewlt', 'score': 100.0, 'match': 'Black & Decker/dewlt'}"
2563P-20,"2563P-20 Milw M12 1/2"" Stubby - Impact Wrench w/Pin Detent",,Milwaukee Accessory,,,,,,,,,accepted,0,{},"{'brand': None, 'source': None, 'confidence': 0.0, 'candidates': []} | {'value': 'Milwaukee Accessory', 'score': 100.0, 'match': 'Milwaukee Accessory'}"
DCF921P2,DCF921P2 Dewalt 20V 1/2 Impact,DEWALT,Black & Decker/dewlt,,,,,,,,,accepted,0,{},"{'brand': 'DEWALT', 'source': 'description', 'confidence': 0.85, 'candidates': ['DEWALT']} | {'value': 'Black & Decker/dewlt', 'score': 100.0, 'match': 'Black & Decker/dewlt'}"
XLT03Z,"XLT03Z Makita 3/8"" 18V Angle Impact",,Makita Usa Inc,,,,,,,,,accepted,0,{},"{'brand': None, 'source': None, 'confidence': 0.0, 'candidates': []} | {'value': 'Makita Usa Inc', 'score': 100.0, 'match': 'Makita Usa Inc'}"
XLT04Z,"XLT04Z Makita 1/4"" 18V Angle Impact",,Makita Usa Inc,,,,,,,,,accepted,0,{},"{'brand': None, 'source': None, 'confidence': 0.0, 'candidates': []} | {'value': 'Makita Usa Inc', 'score': 100.0, 'match': 'Makita Usa Inc'}"
XLT05Z,"XLT05Z Makita 1/2"" 18V Angle Impact",,Makita Usa Inc,,,,,,,,,accepted,0,{},"{'brand': None, 'source': None, 'confidence': 0.0, 'candidates': []} | {'value': 'Makita Usa Inc', 'score': 100.0, 'match': 'Makita Usa Inc'}"
DCF510B,Dewalt DCF510B 20V Rachet - Interchangeable Anvil,DEWALT,Black & Decker/dewlt,,,,,,,,,accepted,0,{},"{'brand': 'DEWALT', 'source': 'structured_field', 'confidence': 0.99, 'candidates': ['DEWALT']} | {'value': 'Black & Decker/dewlt', 'score': 100.0, 'match': 'Black & Decker/dewlt'}"
3052-20,"3052-20 Milw M12 Fuel 1/4"" Rachet",,Milwaukee Accessory,,,,,,,,,accepted,0,{},"{'brand': None, 'source': None, 'confidence': 0.0, 'candidates': []} | {'value': 'Milwaukee Accessory', 'score': 100.0, 'match': 'Milwaukee Accessory'}"
3054-20,"3054-20 Milw M12 1/2"" Ratchet (Bare)",,Milwaukee Accessory,,,,,,,,,accepted,0,{},"{'brand': None, 'source': None, 'confidence': 0.0, 'candidates': []} | {'value': 'Milwaukee Accessory', 'score': 100.0, 'match': 'Milwaukee Accessory'}"
DCF513EB,"DCF513EB Dewalt 3/8"" Open Head Rachet",DEWALT,Black & Decker/dewlt,,,,,,,,,accepted,0,{},"{'brand': 'DEWALT', 'source': 'description', 'confidence': 0.85, 'candidates': ['DEWALT']} | {'value': 'Black & Decker/dewlt', 'score': 100.0, 'match': 'Black & Decker/dewlt'}"
XVP01Z,"XVP01Z Makita 18V 3"" Polisher/ 2"" Sander",,Makita Usa Inc,,,,,,,,,accepted,0,{},"{'brand': None, 'source': None, 'confidence': 0.0, 'candidates': []} | {'value': 'Makita Usa Inc', 'score': 100.0, 'match': 'Makita Usa Inc'}"
DCM200B,DCM200B Dewalt 1/2in x 18in - Band File,DEWALT,Black & Decker/dewlt,,,,,,,,,accepted,0,{},"{'brand': 'DEWALT', 'source': 'structured_field', 'confidence': 0.99, 'candidates': ['DEWALT']} | {'value': 'Black & Decker/dewlt', 'score': 100.0, 'match': 'Black & Decker/dewlt'}"
DCG410B,"DCG410B Dewalt 20V 4-1/2""-5"" - Angle Grinder (Bare)",DEWALT,Black & Decker/dewlt,,,,,,,,,accepted,0,{},"{'brand': 'DEWALT', 'source': 'structured_field', 'confidence': 0.99, 'candidates': ['DEWALT']} | {'value': 'Black & Decker/dewlt', 'score': 100.0, 'match': 'Black & Decker/dewlt'}"
DCG460B,"DCG460B Dewalt 60V Grinder - 7-9""",DEWALT,Black & Decker/dewlt,,,,,,,,,accepted,0,{},"{'brand': 'DEWALT', 'source': 'structured_field', 'confidence': 0.99, 'candidates': ['DEWALT']} | {'value': 'Black & Decker/dewlt', 'score': 100.0, 'match': 'Black & Decker/dewlt'}"
DCG402B,"DCG402B Dewalt 20V 4.5"" Angle Grinder (Bare)",DEWALT,Black & Decker/dewlt,,,,,,,,,accepted,0,{},"{'brand': 'DEWALT', 'source': 'description', 'confidence': 0.85, 'candidates': ['DEWALT']} | {'value': 'Black & Decker/dewlt', 'score': 100.0, 'match': 'Black & Decker/dewlt'}"
3485-20,"3485-20 Milw M12 1/4"" Right Angle Die Grinder",,Milwaukee Accessory,,,,,,,,,accepted,0,{},"{'brand': None, 'source': None, 'confidence': 0.0, 'candidates': []} | {'value': 'Milwaukee Accessory', 'score': 100.0, 'match': 'Milwaukee Accessory'}"
DCG420B,DCG420B Dewalt 20V Die Grinder (Bare),DEWALT,Black & Decker/dewlt,,,,,,,,,accepted,0,{},"{'brand': 'DEWALT', 'source': 'description', 'confidence': 0.85, 'candidates': ['DEWALT']} | {'value': 'Black & Decker/dewlt', 'score': 100.0, 'match': 'Black & Decker/dewlt'}"
DCG422B,DCG422B Dewalt 20V Right Angle Die Grinder (Bare),DEWALT,Black & Decker/dewlt,,,,,,,,,accepted,0,{},"{'brand': 'DEWALT', 'source': 'description', 'confidence': 0.85, 'candidates': ['DEWALT']} | {'value': 'Black & Decker/dewlt', 'score': 100.0, 'match': 'Black & Decker/dewlt'}"
924422,924422 Mafell Carpentry - Planing Machine ZH 320 Ec 120V,,First Alert - B R K Brands,,,,,,,,,accepted,0,{},"{'brand': None, 'source': None, 'confidence': 0.0, 'candidates': []} | {'value': 'First Alert - B R K Brands', 'score': 100.0, 'match': 'First Alert - B R K Brands'}"
DCW620B,DCW620B Dewalt 20V Plunge - Router,DEWALT,Black & Decker/dewlt,,,,,,,,,accepted,0,{},"{'brand': 'DEWALT', 'source': 'description', 'confidence': 0.85, 'candidates': ['DEWALT']} | {'value': 'Black & Decker/dewlt', 'score': 100.0, 'match': 'Black & Decker/dewlt'}"
2535-20,"2535-20 Milw 3"" Orbit Sander - M12",,Milwaukee Accessory,,,,,,,,,accepted,0,{},"{'brand': None, 'source': None, 'confidence': 0.0, 'candidates': []} | {'value': 'Milwaukee Accessory', 'score': 100.0, 'match': 'Milwaukee Accessory'}"
2837-20,"2837-20 Milw M18 5"" Sander - Orbital (Bare)",Milwaukee,Milwaukee Accessory,,,,,,,,,accepted,0,{},"{'brand': 'Milwaukee', 'source': 'structured_field', 'confidence': 0.99, 'candidates': ['Milwaukee']} | {'value': 'Milwaukee Accessory', 'score': 100.0, 'match': 'Milwaukee Accessory'}"
577728,577728 Festool Cordless Sander - ETSC 2 150 I-Plus,,Festool USA,,,,,,,,,accepted,0,{},"{'brand': None, 'source': None, 'confidence': 0.0, 'candidates': []} | {'value': 'Festool USA', 'score': 100.0, 'match': 'Festool USA'}"
577738,577738 Festool Cordless Sander - ETSC 2 125 I-Plus,,Festool USA,,,,,,,,,accepted,0,{},"{'brand': None, 'source': None, 'confidence': 0.0, 'candidates': []} | {'value': 'Festool USA', 'score': 100.0, 'match': 'Festool USA'}"
KPTRS500A,"KPTRS500A Kreg 20V Ionic 5"" Random Orbit Sander",,Kreg Tool Company,,,,,,,,,accepted,0,{},"{'brand': None, 'source': None, 'confidence': 0.0, 'candidates': []} | {'value': 'Kreg Tool Company', 'score': 100.0, 'match': 'Kreg Tool Company'}"
24-35M-320,"24-35M-320 Iridium Grip - 3.2"" x 5.2"" Grip",,Mirka Abrasives Inc,,,,,,,,,accepted,0,{},"{'brand': None, 'source': None, 'confidence': 0.0, 'candidates': []} | {'value': 'Mirka Abrasives Inc', 'score': 100.0, 'match': 'Mirka Abrasives Inc'}"
9A-129-120,9A-129-120 Abranet 3x4 - 50 Sheets/Box,,Mirka Abrasives Inc,,,,,,,,,accepted,0,{},"{'brand': None, 'source': None, 'confidence': 0.0, 'candidates': []} | {'value': 'Mirka Abrasives Inc', 'score': 100.0, 'match': 'Mirka Abrasives Inc'}"
578800,578800 Festool 80x133 M GR PRO/10,,Festool USA,,,,,,,,,accepted,0,{},"{'brand': None, 'source': None, 'confidence': 0.0, 'candidates': []} | {'value': 'Festool USA', 'score': 100.0, 'match': 'Festool USA'}"
578801,578801 Festool 80x133 F GR PRO/10,,Festool USA,,,,,,,,,accepted,0,{},"{'brand': None, 'source': None, 'confidence': 0.0, 'candidates': []} | {'value': 'Festool USA', 'score': 100.0, 'match': 'Festool USA'}"
578802,578802 Festool 80x133 S GR PRO/10,,Festool USA,,,,,,,,,accepted,0,{},"{'brand': None, 'source': None, 'confidence': 0.0, 'candidates': []} | {'value': 'Festool USA', 'score': 100.0, 'match': 'Festool USA'}"
578808,578808 Festool 3x4 M GR PRO/10,,Festool USA,,,,,,,,,accepted,0,{},"{'brand': None, 'source': None, 'confidence': 0.0, 'candidates': []} | {'value': 'Festool USA', 'score': 100.0, 'match': 'Festool USA'}"
578809,578809 Festool 3x4 F GR PRO/10,,Festool USA,,,,,,,,,accepted,0,{},"{'brand': None, 'source': None, 'confidence': 0.0, 'candidates': []} | {'value': 'Festool USA', 'score': 100.0, 'match': 'Festool USA'}"
578810,578810 Festool 3x4 S GR PRO/10,,Festool USA,,,,,,,,,accepted,0,{},"{'brand': None, 'source': None, 'confidence': 0.0, 'candidates': []} | {'value': 'Festool USA', 'score': 100.0, 'match': 'Festool USA'}"
578811,578811 Festool 3x4 GR PRO/10-Set,,Festool USA,,,,,,,,,accepted,0,{},"{'brand': None, 'source': None, 'confidence': 0.0, 'candidates': []} | {'value': 'Festool USA', 'score': 100.0, 'match': 'Festool USA'}"
578192,578192 Festool D 150 GR SYS - Systainer Abrasive Set,,Festool USA,,,,,,,,,accepted,0,{},"{'brand': None, 'source': None, 'confidence': 0.0, 'candidates': []} | {'value': 'Festool USA', 'score': 100.0, 'match': 'Festool USA'}"
578806,578806 Festool Delta S GR PRO/10,,Festool USA,,,,,,,,,accepted,0,{},"{'brand': None, 'source': None, 'confidence': 0.0, 'candidates': []} | {'value': 'Festool USA', 'score': 100.0, 'match': 'Festool USA'}"
D0860X,"D0860X Diablo 8-1/4"" 60 Tooth - Fine Finish Saw Blade",Diablo,Freud Inc,,,,,,,,,accepted,0,{},"{'brand': 'Diablo', 'source': 'description', 'confidence': 0.85, 'candidates': ['Diablo']} | {'value': 'Freud Inc', 'score': 100.0, 'match': 'Freud Inc'}"
48-40-0740,48-40-0740 Milw 7-1/4in. 24T - Framing Circ Saw Blade,Milwaukee,Milwaukee Accessory,,,,,,,,,accepted,0,{},"{'brand': 'Milwaukee', 'source': 'structured_field', 'confidence': 0.99, 'candidates': ['Milwaukee']} | {'value': 'Milwaukee Accessory', 'score': 100.0, 'match': 'Milwaukee Accessory'}"
48-41-0740,48-41-0740 Milw7-1/4 24TFrming - Blade,,Milwaukee Accessory,,,,,,,,,accepted,0,{},"{'brand': None, 'source': None, 'confidence': 0.0, 'candidates': []} | {'value': 'Milwaukee Accessory', 'score': 100.0, 'match': 'Milwaukee Accessory'}"
A-96095,"A-96095 Makita 5-7/8"" 32T Saw Blade",,Makita Usa Inc,,,,,,,,,accepted,0,{},"{'brand': None, 'source': None, 'confidence': 0.0, 'candidates': []} | {'value': 'Makita Usa Inc', 'score': 100.0, 'match': 'Makita Usa Inc'}"
D0760UX,"D0760UX Diablo 7-1/4"" 60T Circ - Saw Blade",Diablo,Freud Inc,,,,,,,,,accepted,0,{},"{'brand': 'Diablo', 'source': 'structured_field', 'confidence': 0.99, 'candidates': ['Diablo']} | {'value': 'Freud Inc', 'score': 100.0, 'match': 'Freud Inc'}"
230.312.08,230.312.08 CMT Locked Dado Pro Set,,CMT USA Inc,,,,,,,,,accepted,0,{},"{'brand': None, 'source': None, 'confidence': 0.0, 'candidates': []} | {'value': 'CMT USA Inc', 'score': 100.0, 'match': 'CMT USA Inc'}"
D0708LF,"D0708LF Saw Blade 7-1/4""x8 - Laminate & Wood Flooring",,Freud Inc,,,,,,,,,accepted,0,{},"{'brand': None, 'source': None, 'confidence': 0.0, 'candidates': []} | {'value': 'Freud Inc', 'score': 100.0, 'match': 'Freud Inc'}"
D1012LF,"D1012LF Saw Blade 10""x12Teeth - Laminate & Wood Flooring",,Freud Inc,,,,,,,,,accepted,0,{},"{'brand': None, 'source': None, 'confidence': 0.0, 'candidates': []} | {'value': 'Freud Inc', 'score': 100.0, 'match': 'Freud Inc'}"
D1216LF,"D1216LF Saw Blade 12""x16Teeth - Laminate & Wood Flooring",,Freud Inc,,,,,,,,,accepted,0,{},"{'brand': None, 'source': None, 'confidence': 0.0, 'candidates': []} | {'value': 'Freud Inc', 'score': 100.0, 'match': 'Freud Inc'}"
DWA47421,"DWA47421 Dewalt 14"" Segmented - Rim Diamond Blade",DEWALT,Black & Decker/dewlt,,,,,,,,,accepted,0,{},"{'brand': 'DEWALT', 'source': 'structured_field', 'confidence': 0.99, 'candidates': ['DEWALT']} | {'value': 'Black & Decker/dewlt', 'score': 100.0, 'match': 'Black & Decker/dewlt'}"
DWA4769,"DWA4769 Dewalt Rim Glass Tile - Blade 10""",DEWALT,Black & Decker/dewlt,,,,,,,,,accepted,0,{},"{'brand': 'DEWALT', 'source': 'description', 'confidence': 0.85, 'candidates': ['DEWALT']} | {'value': 'Black & Decker/dewlt', 'score': 100.0, 'match': 'Black & Decker/dewlt'}"
49-93-9204,"49-93-9204 Milw 4-1/2"" Diamond - Tile Blade",,Milwaukee Accessory,,,,,,,,,accepted,0,{},"{'brand': None, 'source': None, 'confidence': 0.0, 'candidates': []} | {'value': 'Milwaukee Accessory', 'score': 100.0, 'match': 'Milwaukee Accessory'}"
49-93-9207,"49-93-9207 Milw 7"" Diamond - Tile Blade",,Milwaukee Accessory,,,,,,,,,accepted,0,{},"{'brand': None, 'source': None, 'confidence': 0.0, 'candidates': []} | {'value': 'Milwaukee Accessory', 'score': 100.0, 'match': 'Milwaukee Accessory'}"
49-93-9210,"49-93-9210 Milw 10"" Diamond - Tile Blade",,Milwaukee Accessory,,,,,,,,,accepted,0,{},"{'brand': None, 'source': None, 'confidence': 0.0, 'candidates': []} | {'value': 'Milwaukee Accessory', 'score': 100.0, 'match': 'Milwaukee Accessory'}"
49-93-9202,"49-93-9202 Milw 4"" Diamond - Tile Blade",,Milwaukee Accessory,,,,,,,,,accepted,0,{},"{'brand': None, 'source': None, 'confidence': 0.0, 'candidates': []} | {'value': 'Milwaukee Accessory', 'score': 100.0, 'match': 'Milwaukee Accessory'}"
49-93-9205,"49-93-9205 Milw 5"" Diamond - Tile Blade",,Milwaukee Accessory,,,,,,,,,accepted,0,{},"{'brand': None, 'source': None, 'confidence': 0.0, 'candidates': []} | {'value': 'Milwaukee Accessory', 'score': 100.0, 'match': 'Milwaukee Accessory'}"
49-22-4702,49-22-4702 Milw 13pc Quik-Lock Hole Dozer Kit,,Milwaukee Accessory,,,,,,,,13.0,accepted,1,{'pack_quantity': 0.7},"{'brand': None, 'source': None, 'confidence': 0.0, 'candidates': []} | {'value': 'Milwaukee Accessory', 'score': 100.0, 'match': 'Milwaukee Accessory'}"
DJT155HHM,"DJT155HHM Diablo 3-3/5"" 10 TPI - Jig Saw Blade",Diablo,Freud Inc,,,,,,,,,accepted,0,{},"{'brand': 'Diablo', 'source': 'description', 'confidence': 0.85, 'candidates': ['Diablo']} | {'value': 'Freud Inc', 'score': 100.0, 'match': 'Freud Inc'}"
790.82,790.820 CMT Planer Blade 2pc,,CMT USA Inc,,,,,,,,2.0,accepted,1,{'pack_quantity': 0.7},"{'brand': None, 'source': None, 'confidence': 0.0, 'candidates': []} | {'value': 'CMT USA Inc', 'score': 100.0, 'match': 'CMT USA Inc'}"
794.321,794.321 HS Planer Knives 3pc,,CMT USA Inc,,,,,,,,3.0,accepted,1,{'pack_quantity': 0.7},"{'brand': None, 'source': None, 'confidence': 0.0, 'candidates': []} | {'value': 'CMT USA Inc', 'score': 100.0, 'match': 'CMT USA Inc'}"
49-22-5641,49-22-5641 Milw Packout 15pc - Sawzall Blade Kit,,Milwaukee Accessory,,,,,,,,15.0,accepted,1,{'pack_quantity': 0.7},"{'brand': None, 'source': None, 'confidence': 0.0, 'candidates': []} | {'value': 'Milwaukee Accessory', 'score': 100.0, 'match': 'Milwaukee Accessory'}"
D0604TSH,"D0604TSH Diablo 6-1/2"" 4-Tooth - Cement Track Saw Blade",Diablo,Freud Inc,,,,,,,,,accepted,0,{},"{'brand': 'Diablo', 'source': 'description', 'confidence': 0.85, 'candidates': ['Diablo']} | {'value': 'Freud Inc', 'score': 100.0, 'match': 'Freud Inc'}"
D0620TSR,"D0620TSR Diablo 6-1/2""20 Tooth - Framing Saw Blade",Diablo,Freud Inc,,,,,,,,,accepted,0,{},"{'brand': 'Diablo', 'source': 'description', 'confidence': 0.85, 'candidates': ['Diablo']} | {'value': 'Freud Inc', 'score': 100.0, 'match': 'Freud Inc'}"
D0648TSF,"D0648TSF Diablo 6-1/2""48 Tooth - Plywood Track Saw Blade",Diablo,Freud Inc,,,,,,,,,accepted,0,{},"{'brand': 'Diablo', 'source': 'description', 'confidence': 0.85, 'candidates': ['Diablo']} | {'value': 'Freud Inc', 'score': 100.0, 'match': 'Freud Inc'}"
D0652TSL,"D0652TSL Diablo 6-1/2""52 Tooth - Laminate Track Saw Blade",Diablo,Freud Inc,,,,,,,,,accepted,0,{},"{'brand': 'Diablo', 'source': 'description', 'confidence': 0.85, 'candidates': ['Diablo']} | {'value': 'Freud Inc', 'score': 100.0, 'match': 'Freud Inc'}"
JT1-549,"JT1-549 JWBS18SFX 18"" Bandsaw - 1.75HP 1PH 115V",,JPW Industries,,,,,,,,,accepted,0,{},"{'brand': None, 'source': None, 'confidence': 0.0, 'candidates': []} | {'value': 'JPW Industries', 'score': 100.0, 'match': 'JPW Industries'}"
JT1-1371,"JWBS14-SFX-BLK Jet 14"" Bandsaw - JT1-1371",,JPW Industries,,,,,,,,,accepted,0,{},"{'brand': None, 'source': None, 'confidence': 0.0, 'candidates': []} | {'value': 'JPW Industries', 'score': 100.0, 'match': 'JPW Industries'}"
JT9-714400K,"JWBS-14SFX 14"" Bandsaw JTP-714400K",,JPW Industries,,,,,,,,,accepted,0,{},"{'brand': None, 'source': None, 'confidence': 0.0, 'candidates': []} | {'value': 'JPW Industries', 'score': 100.0, 'match': 'JPW Industries'}"
2834-21HD,"2834-21HD Milw M18 7-1/4"" Circ - Saw Kit",Milwaukee,Milwaukee Accessory,,,,,,,,,accepted,0,{},"{'brand': 'Milwaukee', 'source': 'structured_field', 'confidence': 0.99, 'candidates': ['Milwaukee']} | {'value': 'Milwaukee Accessory', 'score': 100.0, 'match': 'Milwaukee Accessory'}"
DCS383B,"DCS383B Dewalt 20V 7-1/4"" - Metal Cutting Circ Saw",DEWALT,Black & Decker/dewlt,,,,,,,,,accepted,0,{},"{'brand': 'DEWALT', 'source': 'description', 'confidence': 0.85, 'candidates': ['DEWALT']} | {'value': 'Black & Decker/dewlt', 'score': 100.0, 'match': 'Black & Decker/dewlt'}"
DCS590B,"DCS590B Dewalt 20V Cordless - 7-1/4"" Circular Saw (Bare)",DEWALT,Black & Decker/dewlt,,,,,,,,,accepted,0,{},"{'brand': 'DEWALT', 'source': 'structured_field', 'confidence': 0.99, 'candidates': ['DEWALT']} | {'value': 'Black & Decker/dewlt', 'score': 100.0, 'match': 'Black & Decker/dewlt'}"
KPTCS725A,"KPTCS725A Kreg 20V Ionic 7-1/4"" Circ Saw",,Kreg Tool Company,,,,,,,,,accepted,0,{},"{'brand': None, 'source': None, 'confidence': 0.0, 'candidates': []} | {'value': 'Kreg Tool Company', 'score': 100.0, 'match': 'Kreg Tool Company'}"
KPTCS450A,"KPTCS450A Kreg 20V Ionic 4-1/2"" Circ Saw",,Kreg Tool Company,,,,,,,,,accepted,0,{},"{'brand': None, 'source': None, 'confidence': 0.0, 'candidates': []} | {'value': 'Kreg Tool Company', 'score': 100.0, 'match': 'Kreg Tool Company'}"
2545-20,2545-20 Milw M12 Jig Saw,Milwaukee,Milwaukee Accessory,,,,,,,,,accepted,0,{},"{'brand': 'Milwaukee', 'source': 'structured_field', 'confidence': 0.99, 'candidates': ['Milwaukee']} | {'value': 'Milwaukee Accessory', 'score': 100.0, 'match': 'Milwaukee Accessory'}"
KPTJS100A,KPTJS100A Kreg 20V Ionic Barrel Grip Jigsaw,,Kreg Tool Company,,,,,,,,,accepted,0,{},"{'brand': None, 'source': None, 'confidence': 0.0, 'candidates': []} | {'value': 'Kreg Tool Company', 'score': 100.0, 'match': 'Kreg Tool Company'}"
DCS714B,"DCS714B Dewalt 20V Miter Saw - (Bare) 10"" Double Bevel Fixed",DEWALT,Black & Decker/dewlt,,,,,,,,,accepted,0,{},"{'brand': 'DEWALT', 'source': 'description', 'confidence': 0.85, 'candidates': ['DEWALT']} | {'value': 'Black & Decker/dewlt', 'score': 100.0, 'match': 'Black & Decker/dewlt'}"
DCS785B,"DCS785B Dewalt 20V Miter Saw - Kit 12"" Double Bevel Sliding",DEWALT,Black & Decker/dewlt,,,,,,,,,accepted,0,{},"{'brand': 'DEWALT', 'source': 'description', 'confidence': 0.85, 'candidates': ['DEWALT']} | {'value': 'Black & Decker/dewlt', 'score': 100.0, 'match': 'Black & Decker/dewlt'}"
GSL02M1,"GSL02M1 Makita Miter Saw - 40V 8-1/2""",,Makita Usa Inc,,,,,,,,,accepted,0,{},"{'brand': None, 'source': None, 'confidence': 0.0, 'candidates': []} | {'value': 'Makita Usa Inc', 'score': 100.0, 'match': 'Makita Usa Inc'}"
DW7029,DW7029 Dewalt Miter Saw - Stand Support/Stop,DEWALT,Black & Decker/dewlt,,,,,,,,,accepted,0,{},"{'brand': 'DEWALT', 'source': 'description', 'confidence': 0.85, 'candidates': ['DEWALT']} | {'value': 'Black & Decker/dewlt', 'score': 100.0, 'match': 'Black & Decker/dewlt'}"
DCS384B,DCS384B Dewalt 20V Brushless - Cordless Recip Saw (Bare),DEWALT,Black & Decker/dewlt,,,,,,,,,accepted,0,{},"{'brand': 'DEWALT', 'source': 'structured_field', 'confidence': 0.99, 'candidates': ['DEWALT']} | {'value': 'Black & Decker/dewlt', 'score': 100.0, 'match': 'Black & Decker/dewlt'}"
XRJ08Z,XRJ08Z Makita 18V Recip Saw - Bare Tool,,Makita Usa Inc,,,,,,,,,accepted,0,{},"{'brand': None, 'source': None, 'confidence': 0.0, 'candidates': []} | {'value': 'Makita Usa Inc', 'score': 100.0, 'match': 'Makita Usa Inc'}"
G0771Z,"Grizzly G0771Z 30"" Table Saw",,Woodstock Intl,,,,,,,,,accepted,0,{},"{'brand': None, 'source': None, 'confidence': 0.0, 'candidates': []} | {'value': 'Woodstock Intl', 'score': 100.0, 'match': 'Woodstock Intl'}"
TS1017,TS1017 Table Saw Zero-Clearance Insert,,Robt Bosch Tool Corp,,,,,,,,,accepted,0,{},"{'brand': None, 'source': None, 'confidence': 0.0, 'candidates': []} | {'value': 'Robt Bosch Tool Corp', 'score': 100.0, 'match': 'Robt Bosch Tool Corp'}"
XT524,"XT524 24"" XT XTENDER Fence",,Bow Products,,,,,,,,,accepted,0,{},"{'brand': None, 'source': None, 'confidence': 0.0, 'candidates': []} | {'value': 'Bow Products', 'score': 100.0, 'match': 'Bow Products'}"
XT536,"XT536 36"" XT XTENDER Fence",,Bow Products,,,,,,,,,accepted,0,{},"{'brand': None, 'source': None, 'confidence': 0.0, 'candidates': []} | {'value': 'Bow Products', 'score': 100.0, 'match': 'Bow Products'}"
XT546,"XT546 46"" XT XTENDER Fence",,Bow Products,,,,,,,,,accepted,0,{},"{'brand': None, 'source': None, 'confidence': 0.0, 'candidates': []} | {'value': 'Bow Products', 'score': 100.0, 'match': 'Bow Products'}"
XTP235,"35"" XTP XTENDER PRO Fence - XTP235",,Bow Products,,,,,,,,,accepted,0,{},"{'brand': None, 'source': None, 'confidence': 0.0, 'candidates': []} | {'value': 'Bow Products', 'score': 100.0, 'match': 'Bow Products'}"
TGP2-FA,TGP2-FA T-Glide Fence Professional,,Saw Stop LLC,,,,,,,,,accepted,0,{},"{'brand': None, 'source': None, 'confidence': 0.0, 'candidates': []} | {'value': 'Saw Stop LLC', 'score': 100.0, 'match': 'Saw Stop LLC'}"
ATGI-FA,ATGI-FA T-Glide Advanced Fence Industrial,,Saw Stop LLC,,,,,,,,,accepted,0,{},"{'brand': None, 'source': None, 'confidence': 0.0, 'candidates': []} | {'value': 'Saw Stop LLC', 'score': 100.0, 'match': 'Saw Stop LLC'}"
ATGP-FA,ATGP-FA T-Glide Advance Fence Professional,,Saw Stop LLC,,,,,,,,,accepted,0,{},"{'brand': None, 'source': None, 'confidence': 0.0, 'candidates': []} | {'value': 'Saw Stop LLC', 'score': 100.0, 'match': 'Saw Stop LLC'}"
TGI2-FA,TGI2-FA T-Glide Fence Indudtrial,,Saw Stop LLC,,,,,,,,,accepted,0,{},"{'brand': None, 'source': None, 'confidence': 0.0, 'candidates': []} | {'value': 'Saw Stop LLC', 'score': 100.0, 'match': 'Saw Stop LLC'}"
TGI2-T36A,"TGI2-T36A 36"" Table Assembly Industrial",,Saw Stop LLC,,,,,,,,,accepted,0,{},"{'brand': None, 'source': None, 'confidence': 0.0, 'candidates': []} | {'value': 'Saw Stop LLC', 'score': 100.0, 'match': 'Saw Stop LLC'}"
KPTBPS100A,"KPTBPS100A Kreg 20V Ionic 6-1/2"" Plunge-Cut Track Saw Kit",,Kreg Tool Company,,,,,,,,,accepted,0,{},"{'brand': None, 'source': None, 'confidence': 0.0, 'candidates': []} | {'value': 'Kreg Tool Company', 'score': 100.0, 'match': 'Kreg Tool Company'}"
DCB606C,DCB606C Dewalt Flexvolt Starter Kit,DEWALT,Black & Decker/dewlt,,,,,,,,,accepted,0,{},"{'brand': 'DEWALT', 'source': 'description', 'confidence': 0.85, 'candidates': ['DEWALT']} | {'value': 'Black & Decker/dewlt', 'score': 100.0, 'match': 'Black & Decker/dewlt'}"
BL1850BDC1,BL1850BDC1 Makita Starter Kit,,Makita Usa Inc,,,,,,,,,accepted,0,{},"{'brand': None, 'source': None, 'confidence': 0.0, 'candidates': []} | {'value': 'Makita Usa Inc', 'score': 100.0, 'match': 'Makita Usa Inc'}"
DCB205C,DCB205C 20V Starter Kit,DEWALT,Black & Decker/dewlt,,,,,,,,,accepted,0,{},"{'brand': 'DEWALT', 'source': 'structured_field', 'confidence': 0.99, 'candidates': ['DEWALT']} | {'value': 'Black & Decker/dewlt', 'score': 100.0, 'match': 'Black & Decker/dewlt'}"
DCB2108,DCB2108 Dewalt 20V 8Ah Battery - Max XR Powerpack,DEWALT,Black & Decker/dewlt,,,,,,,,,accepted,0,{},"{'brand': 'DEWALT', 'source': 'structured_field', 'confidence': 0.99, 'candidates': ['DEWALT']} | {'value': 'Black & Decker/dewlt', 'score': 100.0, 'match': 'Black & Decker/dewlt'}"
DCB2108-2,DCB2108-2 Dewalt 20V 8Ah 2pk - Battery Max XR Powerpack,DEWALT,Black & Decker/dewlt,,,,,,,,,accepted,0,{},"{'brand': 'DEWALT', 'source': 'description', 'confidence': 0.85, 'candidates': ['DEWALT']} | {'value': 'Black & Decker/dewlt', 'score': 100.0, 'match': 'Black & Decker/dewlt'}"
VB0212,VB0212 Senco 18V 2.0 AH Lithium Battery,,Senco Products Inc,,,,,,,,,accepted,0,{},"{'brand': None, 'source': None, 'confidence': 0.0, 'candidates': []} | {'value': 'Senco Products Inc', 'score': 100.0, 'match': 'Senco Products Inc'}"
BCB2A20A,BCB2A20A Kreg 20V Battery/Charger Starter Kit,,Kreg Tool Company,,,,,,,,,accepted,0,{},"{'brand': None, 'source': None, 'confidence': 0.0, 'candidates': []} | {'value': 'Kreg Tool Company', 'score': 100.0, 'match': 'Kreg Tool Company'}"
BATT4A,BATT4A Kreg 20V 4ah Battery Pack,,Kreg Tool Company,,,,,,,,,accepted,0,{},"{'brand': None, 'source': None, 'confidence': 0.0, 'candidates': []} | {'value': 'Kreg Tool Company', 'score': 100.0, 'match': 'Kreg Tool Company'}"
BATT2A,BATT2A Kreg 20V 2ah Battery Pack,,Kreg Tool Company,,,,,,,,,accepted,0,{},"{'brand': None, 'source': None, 'confidence': 0.0, 'candidates': []} | {'value': 'Kreg Tool Company', 'score': 100.0, 'match': 'Kreg Tool Company'}"
BL1850BDC2X1,BL1850BDC2X1 Makita Starter Kit,,Makita Usa Inc,,,,,,,,,accepted,0,{},"{'brand': None, 'source': None, 'confidence': 0.0, 'candidates': []} | {'value': 'Makita Usa Inc', 'score': 100.0, 'match': 'Makita Usa Inc'}"
48-11-2422,48-11-2422 Milw M12 CP2.0 Battery Two Pack,,Milwaukee Accessory,,,,,,,,,accepted,0,{},"{'brand': None, 'source': None, 'confidence': 0.0, 'candidates': []} | {'value': 'Milwaukee Accessory', 'score': 100.0, 'match': 'Milwaukee Accessory'}"
DCB1104,DCB1104 Dewalt 12V/20V Charger - 4 Amp,DEWALT,Black & Decker/dewlt,,,,,,,,,accepted,0,{},"{'brand': 'DEWALT', 'source': 'description', 'confidence': 0.85, 'candidates': ['DEWALT']} | {'value': 'Black & Decker/dewlt', 'score': 100.0, 'match': 'Black & Decker/dewlt'}"
48-59-1804,48-59-1804 Milw M18 and M12 Rapid Charger,,Milwaukee Accessory,,,,,,,,,accepted,0,{},"{'brand': None, 'source': None, 'confidence': 0.0, 'candidates': []} | {'value': 'Milwaukee Accessory', 'score': 100.0, 'match': 'Milwaukee Accessory'}"
CRGR401A,CRGR401A Kreg 20V Fast Charger,,Kreg Tool Company,,,,,,,,,accepted,0,{},"{'brand': None, 'source': None, 'confidence': 0.0, 'candidates': []} | {'value': 'Kreg Tool Company', 'score': 100.0, 'match': 'Kreg Tool Company'}"
48-59-1211,48-59-1211 Milw Power Supply - Charger,Milwaukee,Milwaukee Accessory,,,,,,,,,accepted,0,{},"{'brand': 'Milwaukee', 'source': 'structured_field', 'confidence': 0.99, 'candidates': ['Milwaukee']} | {'value': 'Milwaukee Accessory', 'score': 100.0, 'match': 'Milwaukee Accessory'}"
2847-20,2847-20 Milw M18 Charger and Power Supply,,Milwaukee Accessory,,,,,,,,,accepted,0,{},"{'brand': None, 'source': None, 'confidence': 0.0, 'candidates': []} | {'value': 'Milwaukee Accessory', 'score': 100.0, 'match': 'Milwaukee Accessory'}"
DWV9401,DWV9401 Dewalt Paper Bag - 5pk,DEWALT,Black & Decker/dewlt,,,,,,,,,accepted,0,{},"{'brand': 'DEWALT', 'source': 'description', 'confidence': 0.85, 'candidates': ['DEWALT']} | {'value': 'Black & Decker/dewlt', 'score': 100.0, 'match': 'Black & Decker/dewlt'}"
578512,578512 Festool Dust Extractor-CT MIDI I HEPA,,Festool USA,,,,,,,,,accepted,0,{},"{'brand': None, 'source': None, 'confidence': 0.0, 'candidates': []} | {'value': 'Festool USA', 'score': 100.0, 'match': 'Festool USA'}"
577871,577871 Festool Dust Extractor - CT 26,,Festool USA,,,,,,,,,accepted,0,{},"{'brand': None, 'source': None, 'confidence': 0.0, 'candidates': []} | {'value': 'Festool USA', 'score': 100.0, 'match': 'Festool USA'}"
577874,577874 Festool Dust Extractor - CT 36,,Festool USA,,,,,,,,,accepted,0,{},"{'brand': None, 'source': None, 'confidence': 0.0, 'candidates': []} | {'value': 'Festool USA', 'score': 100.0, 'match': 'Festool USA'}"
577876,577876 Festool Dust Extractor - CT 48,,Festool USA,,,,,,,,,accepted,0,{},"{'brand': None, 'source': None, 'confidence': 0.0, 'candidates': []} | {'value': 'Festool USA', 'score': 100.0, 'match': 'Festool USA'}"
578441,578441 Festool Dust Extractor-CT 15 HEPA,,Festool USA,,,,,,,,,accepted,0,{},"{'brand': None, 'source': None, 'confidence': 0.0, 'candidates': []} | {'value': 'Festool USA', 'score': 100.0, 'match': 'Festool USA'}"
DCK225D2,DCK225D2 Dewalt Impact/Drill - Kit,DEWALT,Black & Decker/dewlt,,,,,,,,,accepted,0,{},"{'brand': 'DEWALT', 'source': 'structured_field', 'confidence': 0.99, 'candidates': ['DEWALT']} | {'value': 'Black & Decker/dewlt', 'score': 100.0, 'match': 'Black & Decker/dewlt'}"
DCK2101QQ2,Dewalt DCK2101QQ2 20V 2Pc Kit,DEWALT,Black & Decker/dewlt,,,,,,,,2.0,accepted,1,{'pack_quantity': 0.7},"{'brand': 'DEWALT', 'source': 'description', 'confidence': 0.85, 'candidates': ['DEWALT']} | {'value': 'Black & Decker/dewlt', 'score': 100.0, 'match': 'Black & Decker/dewlt'}"
4000-2/32,4000-2/32 DREMEL ROTARY TOOL,Dremel,Robt Bosch Tool Corp,,,,,,,,,accepted,0,{},"{'brand': 'Dremel', 'source': 'structured_field', 'confidence': 0.99, 'candidates': ['Dremel']} | {'value': 'Robt Bosch Tool Corp', 'score': 100.0, 'match': 'Robt Bosch Tool Corp'}"
3100-1/15,3100-1/15 Dremel Rotary Tool - Kit 15pc,Dremel,Robt Bosch Tool Corp,,,,,,,,15.0,accepted,1,{'pack_quantity': 0.7},"{'brand': 'Dremel', 'source': 'structured_field', 'confidence': 0.99, 'candidates': ['Dremel']} | {'value': 'Robt Bosch Tool Corp', 'score': 100.0, 'match': 'Robt Bosch Tool Corp'}"
T-90043,T-90043 Deep Medium Organizer,,Makita Usa Inc,,,,,,,,,accepted,0,{},"{'brand': None, 'source': None, 'confidence': 0.0, 'candidates': []} | {'value': 'Makita Usa Inc', 'score': 100.0, 'match': 'Makita Usa Inc'}"
T-90059,T-90059 Low Profile Medium - Organizer,,Makita Usa Inc,,,,,,,,,accepted,0,{},"{'brand': None, 'source': None, 'confidence': 0.0, 'candidates': []} | {'value': 'Makita Usa Inc', 'score': 100.0, 'match': 'Makita Usa Inc'}"
T-90065,T-90065 Deep Compact Organizer,,Makita Usa Inc,,,,,,,,,accepted,0,{},"{'brand': None, 'source': None, 'confidence': 0.0, 'candidates': []} | {'value': 'Makita Usa Inc', 'score': 100.0, 'match': 'Makita Usa Inc'}"
10047VS,10047VS Oliver 3HP 230V 1PH Shaper 1-1/4 Spindle,,Oliver Machinery Company,,,,,,,,,accepted,0,{},"{'brand': None, 'source': None, 'confidence': 0.0, 'candidates': []} | {'value': 'Oliver Machinery Company', 'score': 100.0, 'match': 'Oliver Machinery Company'}"
MAG:2044-230-1,2044-230-1 Stock Feeder 4-Roll - Steff,,J&G Machinery,,,,,,,,,accepted,0,{},"{'brand': None, 'source': None, 'confidence': 0.0, 'candidates': []} | {'value': 'J&G Machinery', 'score': 100.0, 'match': 'J&G Machinery'}"
XTP242,"42"" XTP XTENDER PRO Fence - XTP242",,Bow Products,,,,,,,,,accepted,0,{},"{'brand': None, 'source': None, 'confidence': 0.0, 'candidates': []} | {'value': 'Bow Products', 'score': 100.0, 'match': 'Bow Products'}"
AAS-P,AAS-P Align-A-Saw Plate Only,,Woodpeckers Inc,,,,,,,,,accepted,0,{},"{'brand': None, 'source': None, 'confidence': 0.0, 'candidates': []} | {'value': 'Woodpeckers Inc', 'score': 100.0, 'match': 'Woodpeckers Inc'}"
SSCMS,SSCMS Stealthstop Miter Sled,,Woodpeckers Inc,,,,,,,,,accepted,0,{},"{'brand': None, 'source': None, 'confidence': 0.0, 'candidates': []} | {'value': 'Woodpeckers Inc', 'score': 100.0, 'match': 'Woodpeckers Inc'}"
4225.201,"4225.201 Oliver 6"" HH Jointer Paralleogram",,Oliver Machinery Company,,,,,,,,,accepted,0,{},"{'brand': None, 'source': None, 'confidence': 0.0, 'candidates': []} | {'value': 'Oliver Machinery Company', 'score': 100.0, 'match': 'Oliver Machinery Company'}"
KC-426C,"KC-426C 12"" Portable Planer",,King Canada Inc,,,,,,,,,accepted,0,{},"{'brand': None, 'source': None, 'confidence': 0.0, 'candidates': []} | {'value': 'King Canada Inc', 'score': 100.0, 'match': 'King Canada Inc'}"
10045.201,"10045.201 Oliver 13"" Benchtop Planer 2HP,115V 1Ph",,Oliver Machinery Company,,,,,,,,,accepted,0,{},"{'brand': None, 'source': None, 'confidence': 0.0, 'candidates': []} | {'value': 'Oliver Machinery Company', 'score': 100.0, 'match': 'Oliver Machinery Company'}"
10014.201,"10014.201 Oliver 15"" Planer 3HP 1Ph 220V",,Oliver Machinery Company,,,,,,,,,accepted,0,{},"{'brand': None, 'source': None, 'confidence': 0.0, 'candidates': []} | {'value': 'Oliver Machinery Company', 'score': 100.0, 'match': 'Oliver Machinery Company'}"
4430.201,"4430.201 Oliver 20"" Planer 5HP 1Ph 230V",,Oliver Machinery Company,,,,,,,,,accepted,0,{},"{'brand': None, 'source': None, 'confidence': 0.0, 'candidates': []} | {'value': 'Oliver Machinery Company', 'score': 100.0, 'match': 'Oliver Machinery Company'}"
10055.201,"10055.201 Oliver 15"" Benchtop Planer 2.5HP 1Ph 230V",,Oliver Machinery Company,,,,,,,,,accepted,0,{},"{'brand': None, 'source': None, 'confidence': 0.0, 'candidates': []} | {'value': 'Oliver Machinery Company', 'score': 100.0, 'match': 'Oliver Machinery Company'}"
T27417,T27417 Grizzly OscillatingEdge - Belt and Spindle Sander,,Woodstock Intl,,,,,,,,,accepted,0,{},"{'brand': None, 'source': None, 'confidence': 0.0, 'candidates': []} | {'value': 'Woodstock Intl', 'score': 100.0, 'match': 'Woodstock Intl'}"
